fecha_extraccion,categoria,precio_lista_crc,precio_oferta_crc,descuento_pct,presentacion_ml,precio_final_crc,producto,retailer,precio_equivalente_750ml_crc,segmento_precio,tipo_cambio_compra_usd,tipo_cambio_venta_usd
2026-09-14,Vino blanco,5910.0,,0,750.0,5910.0,vino blanco frontera spritzer chardonnay eldelflower - 750 ml,masxmenos costa rica,5910.0,,,
2026-09-13,Vino rosado,8795.0,,0,750.0,8795.0,les jamelles vino rosado francés 750 ml / 25.36 oz,pricesmart costa rica,8795.0,,,
2026-09-14,Vino blanco,3380.0,,0,750.0,3380.0,vino maipo sauvignon blanco clasic series -750 ml,masxmenos costa rica,3380.0,,,
2026-09-14,Vino blanco,6110.0,,0,750.0,6110.0,vino blanco fantini terre siciliante pinot grigio - 750 ml,masxmenos costa rica,6110.0,,,
2026-09-13,Vino blanco,5495.0,,0,750.0,5495.0,las moras pinot grigio vino blanco botella de 750 ml / 25.4 oz,pricesmart costa rica,5495.0,,,
2026-09-14,Vino blanco,2530.0,,0,1000.0,2530.0,vino don simón premium selección chardonnay - 1000 ml,masxmenos costa rica,1897.5,,,
2026-09-14,Vino tinto,2300.0,,0,1000.0,2300.0,vino clos de pirque cabernet sauvignon - 1000ml,walmart costa rica,1725.0,,,
2026-09-13,Vino rosado,12470.0,,0,750.0,12470.0,the beach by whispering angel vino rosado francés 750 ml,pricesmart costa rica,12470.0,,,
2026-09-13,Vino tinto,14995.0,,0,750.0,14995.0,campo viejo vino tinto reserva 750 ml,pricesmart costa rica,14995.0,,,
2026-09-13,Vino rosado,7795.0,,0,750.0,7795.0,soupçon de fruit rosé d'anjou botella de vino rosado 750 ml / 25.4 oz,pricesmart costa rica,7795.0,,,
2026-09-13,Vino tinto,8795.0,,0,750.0,8795.0,cune vino tinto crianza rioja 750 ml / 25.36 oz,pricesmart costa rica,8795.0,,,
2026-09-14,Vinos general,7970.0,,0,750.0,7970.0,vino tinto santa rita 120 carmenere - 750ml,walmart costa rica,7970.0,,,
2026-09-13,Vino tinto,20995.0,,0,750.0,20995.0,pulenta estate malbec vino tinto 750 ml,pricesmart costa rica,20995.0,,,
2026-09-14,Vinos general,7970.0,,0,750.0,7970.0,vino casillero del diablo chardonnay - 750ml vendido por walmart patrocinado,walmart costa rica,7970.0,,,
2026-09-14,Vinos general,8800.0,,0,750.0,8800.0,vino casillero del diablo chardonnay - 750ml,walmart costa rica,8800.0,,,
2026-09-14,Vinos general,11170.0,,0,750.0,11170.0,vino 19 crimes red blend - 750 ml,walmart costa rica,11170.0,,,
2026-09-14,Vino tinto,3340.0,,0,1000.0,3340.0,vino clos de pirque cabernet sauvignon - 1000ml vendido por walmart patrocinado,walmart costa rica,2505.0,,,
2026-09-13,Vino tinto,7495.0,,0,750.0,7495.0,santa rita 120 reserva especial vino tinto 4 unidades / 187.5 ml / 6.3 oz,pricesmart costa rica,7495.0,,,
2026-09-14,Vino tinto,2500.0,,0,1000.0,2500.0,vino clos de pirque tinto merlot - 1000ml,walmart costa rica,1875.0,,,
2026-09-13,Vino rosado,8795.0,,0,750.0,8795.0,taanug vino rosado francés aroma a fresas 750 ml,pricesmart costa rica,8795.0,,,
2026-09-13,Vino rosado,3970.0,,0,750.0,3970.0,viña esmeralda vino rosado español aroma frutal 750 ml,pricesmart costa rica,3970.0,,,
2026-09-13,Vino rosado,13995.0,,0,750.0,13995.0,pasqua 11 minutes vino rosado 750 ml,pricesmart costa rica,13995.0,,,
2026-09-14,Vino tinto,2580.0,,0,750.0,2580.0,vino tinto don simón tempranillo -750 ml vendido por walmart patrocinado,walmart costa rica,2580.0,,,
2026-09-13,Vino blanco,11795.0,,0,750.0,11795.0,pulpo albariño vino blanco 750 ml,pricesmart costa rica,11795.0,,,
2026-09-14,Vino tinto,1980.0,,0,750.0,1980.0,vino viña maipo clasic series merlot - 750 ml vendido por walmart patrocinado,walmart costa rica,1980.0,,,
2026-09-14,Vino blanco,4100.0,,0,750.0,4100.0,vino santa carolina chardonay botella - 750 ml,masxmenos costa rica,4100.0,,,
2026-09-14,Vino blanco,3380.0,,0,1000.0,3380.0,vino don simón premium selección chardonnay - 1000 ml patrocinado,masxmenos costa rica,2535.0,,,
2026-09-14,Vino blanco,2530.0,,0,750.0,2530.0,vino peter brum liebfraulmil blan - 750ml patrocinado,masxmenos costa rica,2530.0,,,
2026-09-15,Frontera,5770.0,,0,750.0,5770.0,vino blanco frontera chardonnay viñedo protegido por la naturaleza - 750 ml patrocinado,masxmenos costa rica,5770.0,,,
2026-09-14,Vinos general,8020.0,,0,750.0,8020.0,vino marques de caceres blanco 750ml,walmart costa rica,8020.0,,,
2026-09-12,Frontera,5770.0,,0,750.0,5770.0,vino tinto frontera carmenere viñedo protegido por la naturaleza - 750 ml patrocinado,masxmenos costa rica,5770.0,,,
2026-09-14,Vino blanco,8600.0,,0,750.0,8600.0,vino marina alta blanco 00 - 750 ml,masxmenos costa rica,8600.0,,,
2026-09-14,Vino blanco,5600.0,,0,750.0,5600.0,vino peter brum liebfraulmil blan - 750ml,masxmenos costa rica,5600.0,,,
2026-09-14,Vino tinto,8495.0,,0,750.0,8495.0,ruffino vino tinto chianti classico 750 ml / 25.36 oz,pricesmart costa rica,8495.0,,,
2026-09-13,Vino blanco,7495.0,,0,750.0,7495.0,protos verdejo vino blanco 750 ml,pricesmart costa rica,7495.0,,,
2026-09-13,Vino tinto,9795.0,,0,750.0,9795.0,el coto crianza rioja vino tinto tempranillo 750 ml,pricesmart costa rica,9795.0,,,
2026-09-13,Frontera,9380.0,,0,1500.0,9380.0,vino frontera tinto concha y toro cabernet - 1500 ml,masxmenos costa rica,4690.0,,,
2026-09-13,Vino blanco,5495.0,,0,750.0,5495.0,casal mendes vino verde 750 ml / 25.4 oz,pricesmart costa rica,5495.0,,,
2026-09-13,Vino tinto,7495.0,,0,3000.0,7495.0,clos de pirque vino tinto cabernet sauvignon 3 unidades / 1 l,pricesmart costa rica,1873.75,,,
2026-09-13,Vino blanco,3970.0,,0,750.0,3970.0,protocolo vino blanco español 750 ml,pricesmart costa rica,3970.0,,,
2026-09-13,Vino rosado,8670.0,,0,750.0,8670.0,vino rosado cune bailarina 750mlx6,masxmenos costa rica,8670.0,,,
2026-09-13,Vino rosado,9810.0,,0,750.0,9810.0,vino les jamelles petite rosado - 750 ml,masxmenos costa rica,9810.0,,,
2026-09-13,Vino rosado,12700.0,,0,750.0,12700.0,vino làudum gran reserva - 750 ml,masxmenos costa rica,12700.0,,,
2026-09-13,Vino rosado,11540.0,,0,750.0,11540.0,vino rosado dark horse pinot noir - 750 ml,masxmenos costa rica,11540.0,,,
2026-09-13,Vino rosado,10000.0,,0,750.0,10000.0,"vino rosado freixenet, ice rose -750 ml",masxmenos costa rica,10000.0,,,
2026-09-13,Vino rosado,14590.0,,0,750.0,14590.0,vino rose carnivor apothic - 750 ml,masxmenos costa rica,14590.0,,,
2026-09-13,Vino rosado,4400.0,,0,750.0,4400.0,frontera frutal pink paradise 750ml,masxmenos costa rica,4400.0,,,
2026-09-13,Vino rosado,11180.0,,0,750.0,11180.0,vino mr wild org rose 750 ml,masxmenos costa rica,11180.0,,,
2026-09-13,Vino rosado,9790.0,,0,750.0,9790.0,vino rosado ijalba rioja eco -750ml,masxmenos costa rica,9790.0,,,
2026-09-13,Vino rosado,3250.0,,0,375.0,3250.0,vino orgánico adobe rosé – 375 ml,masxmenos costa rica,6500.0,,,
2026-09-13,Vino rosado,8020.0,,0,750.0,8020.0,vino soupcon de fruit rose d&apos;anjou 2020 - 750 ml,masxmenos costa rica,8020.0,,,
2026-09-13,Vino rosado,5770.0,,0,750.0,5770.0,vino rosado frontera gently bubbly spritzer roses -750 ml,masxmenos costa rica,5770.0,,,
2026-09-13,Vino rosado,8810.0,,0,750.0,8810.0,vino marques de caceres rosado rioja - 750ml,masxmenos costa rica,8810.0,,,
2026-09-13,Vino blanco,4900.0,,0,750.0,4900.0,vino marques de caceres blanco 750ml patrocinado,masxmenos costa rica,4900.0,,,
2026-09-13,Vino blanco,8020.0,,0,750.0,8020.0,vino maipo sauvignon blanco clasic series -750 ml patrocinado,masxmenos costa rica,8020.0,,,
2026-09-13,Vino rosado,5950.0,,0,750.0,5950.0,vino spritz ice giacobazzi - 750 ml,masxmenos costa rica,5950.0,,,
2026-09-13,Vino blanco,8960.0,,0,1000.0,8960.0,vino don simón premium selección chardonnay - 1000 ml patrocinado,masxmenos costa rica,6720.0,,,
2026-09-13,Vino blanco,2530.0,,0,750.0,2530.0,vino peter brum liebfraulmil blan - 750ml patrocinado,masxmenos costa rica,2530.0,,,
2026-09-13,Vino blanco,5600.0,,0,750.0,5600.0,vino blanco blue nun authentic white- 750ml patrocinado,masxmenos costa rica,5600.0,,,
2026-09-13,Vino blanco,6830.0,,0,750.0,6830.0,vino blanco protos verdejo criado sobre lias finas - 750 ml patrocinado,masxmenos costa rica,6830.0,,,
2026-09-13,Vino blanco,8.3102,,0,750.0,8.3102,vino blanco fantini terre siciliante pinot grigio - 750 ml patrocinado,masxmenos costa rica,8.31,,,
2026-09-13,Vino blanco,6110.0,,0,1000.0,6110.0,vino clos de pirque blanco - 1000ml patrocinado,masxmenos costa rica,4582.5,,,
2026-09-13,Vino blanco,7500.0,,0,1500.0,7500.0,vino maipo blanco chardonnay -1.5 l,masxmenos costa rica,3750.0,,,
2026-09-13,Vino rosado,5640.0,,0,750.0,5640.0,vino rosado trapiche vineyards argentino - 750 ml,masxmenos costa rica,5640.0,,,
2026-09-13,Vinos general,8000.0,,0,1125.0,8000.0,vino viñas del tango malbec - 1125 ml,walmart costa rica,5333.33,,,
2026-09-13,Vinos general,20760.0,,0,750.0,20760.0,"vino rosado b &amp; g cotes de provence, 2 pack -750 ml",walmart costa rica,20760.0,,,
2026-09-13,Vinos general,5970.0,,0,750.0,5970.0,vino espumoso undurraga brut 750 ml,walmart costa rica,5970.0,,,
2026-09-13,Vinos general,3020.0,,0,750.0,3020.0,vino tinto opera prima merlot - 750 ml,walmart costa rica,3020.0,,,
2026-09-13,Vinos general,5670.0,,0,750.0,5670.0,vino pata negra valdepenas crianza - 750 ml,walmart costa rica,5670.0,,,
2026-09-13,Vinos general,5000.0,,0,750.0,5000.0,vino tinto trapiche vineyards malbec - 750 ml,walmart costa rica,5000.0,,,
2026-09-13,Vinos general,13960.0,,0,750.0,13960.0,vino tinto robert mondavi mondavi cabernet sauvignon - 750 ml,walmart costa rica,13960.0,,,
2026-09-13,Vinos general,7520.0,,0,750.0,7520.0,vino woodbrige white zinafandel - 750 ml,walmart costa rica,7520.0,,,
2026-09-13,Vinos general,5800.0,,0,750.0,5800.0,frontera cabernet sauvignon 750ml,walmart costa rica,5800.0,,,
2026-09-13,Vinos general,3250.0,,0,375.0,3250.0,vino orgánico adobe merlot – 375 ml,walmart costa rica,6500.0,,,
2026-09-13,Vinos general,4400.0,,0,750.0,4400.0,frontera frutal pink paradise 750ml,walmart costa rica,4400.0,,,
2026-09-13,Vinos general,7970.0,,0,750.0,7970.0,vino tinto santa rita 120 carmenere - 750ml,walmart costa rica,7970.0,,,
2026-09-13,Vinos general,8800.0,,0,750.0,8800.0,vino casillero del diablo chardonnay - 750ml,walmart costa rica,8800.0,,,
2026-09-13,Vinos general,11170.0,,0,750.0,11170.0,vino 19 crimes red blend - 750 ml,walmart costa rica,11170.0,,,
2026-09-13,Vinos general,9090.0,,0,750.0,9090.0,vino frontera chardonnay - 1500ml,walmart costa rica,9090.0,,,
2026-09-13,Vinos general,7500.0,,0,1500.0,7500.0,vino viña maipo cabernet sauvignon 1.5l,walmart costa rica,3750.0,,,
2026-09-13,Vino tinto,4.6502,,0,750.0,4.6502,vino clos dp cabernet tinto sauvignon - 2000ml vendido por walmart patrocinado,walmart costa rica,4.65,,,
2026-09-13,Vino tinto,11630.0,,0,1500.0,11630.0,vino frontera merlot -1500 ml vendido por walmart patrocinado,walmart costa rica,5815.0,,,
2026-09-13,Vino tinto,7500.0,,0,750.0,7500.0,vino tinto contenda merlot - 750 ml vendido por walmart patrocinado,walmart costa rica,7500.0,,,
2026-09-13,Vino tinto,2580.0,,0,750.0,2580.0,vino tinto don simón tempranillo -750 ml vendido por walmart patrocinado,walmart costa rica,2580.0,,,
2026-09-13,Vino tinto,1980.0,,0,750.0,1980.0,vino viña maipo clasic series merlot - 750 ml vendido por walmart patrocinado,walmart costa rica,1980.0,,,
2026-09-13,Vino tinto,3340.0,,0,1000.0,3340.0,vino clos de pirque cabernet sauvignon - 1000ml vendido por walmart patrocinado,walmart costa rica,2505.0,,,
2026-09-13,Vino tinto,2300.0,,0,1000.0,2300.0,vino clos de pirque tinto merlot - 1000ml vendido por walmart patrocinado,walmart costa rica,1725.0,,,
2026-09-13,Vino tinto,2590.0,,0,1000.0,2590.0,vino tinto don simón premium cabernet - 1 l,walmart costa rica,1942.5,,,
2026-09-13,Vino tinto,8170.0,,0,750.0,8170.0,vino tinto álamos malbec - 750 ml,walmart costa rica,8170.0,,,
2026-09-13,Vino tinto,10280.0,,0,750.0,10280.0,vino tinto torres ramon bilbao crianza - 750ml,walmart costa rica,10280.0,,,
2026-09-13,Vino tinto,9930.0,,0,750.0,9930.0,vino blanco marques de riscal verdejo - 750 ml,walmart costa rica,9930.0,,,
2026-09-13,Vino tinto,3250.0,,0,375.0,3250.0,vino orgánico adobe cabernet sauvignon - 375 ml,walmart costa rica,6500.0,,,
2026-09-13,Vino tinto,5480.0,,0,750.0,5480.0,vino blanco trapiche pinot grigio -750ml,walmart costa rica,5480.0,,,
2026-09-13,Vino tinto,3830.0,,0,750.0,3830.0,vino tinto teber dulce - 750ml,walmart costa rica,3830.0,,,
2026-09-13,Vino tinto,3870.0,,0,750.0,3870.0,vino santa cecilia tinto cabernet sauvignon -750 ml,walmart costa rica,3870.0,,,
2026-09-13,Vino tinto,7500.0,,0,1500.0,7500.0,vino viña maipo varietal merlot 1.5l,walmart costa rica,3750.0,,,
2026-09-13,Vino tinto,10495.0,,0,750.0,10495.0,m. chapoutier vino tinto côtes du rhône 750 ml / 25.36 oz,pricesmart costa rica,10495.0,,,
2026-09-13,Vino tinto,10495.0,,0,750.0,10495.0,montes limited selection vino cabernet sauvignon camenère 750 ml / 25.3 oz,pricesmart costa rica,10495.0,,,
2026-09-13,Vino tinto,11995.0,,0,750.0,11995.0,pasqua zin primitivo vino tinto 750 ml,pricesmart costa rica,11995.0,,,
2026-09-13,Vino tinto,14295.0,,0,750.0,14295.0,bin 27 vino tinto reserve port fonseca 750 ml / 25.36 oz,pricesmart costa rica,14295.0,,,
2026-09-13,Vino tinto,8495.0,,0,750.0,8495.0,ruffino vino tinto chianti classico 750 ml / 25.36 oz,pricesmart costa rica,8495.0,,,
2026-09-13,Vino tinto,11495.0,,0,750.0,11495.0,ramon bilbao vino tinto crianza 750 ml,pricesmart costa rica,11495.0,,,
2026-09-13,Frontera,5930.0,,0,750.0,5930.0,vino frontera blanco sauvignon concha y toro - 750 ml patrocinado,masxmenos costa rica,5930.0,,,
2026-09-13,Vino blanco,2490.0,,0,1000.0,2490.0,vino clos de pirque blanco - 1000ml,masxmenos costa rica,1867.5,,,
2026-09-13,Frontera,6070.0,,0,750.0,6070.0,vino blanco frontera spritzer chardonnay eldelflower - 750 ml patrocinado,masxmenos costa rica,6070.0,,,
2026-09-13,Frontera,4200.0,,0,750.0,4200.0,"vinos sub-categoría vino tinto vino blanco vino rosado departamento cervezas, vinos y licores rebaja exclusiva en línea rangos de precio",masxmenos costa rica,4200.0,,,
2026-09-13,Vino blanco,8020.0,,0,750.0,8020.0,vino marques de caceres blanco 750ml,masxmenos costa rica,8020.0,,,
2026-09-13,Vino blanco,3380.0,,0,750.0,3380.0,vino maipo sauvignon blanco clasic series -750 ml,masxmenos costa rica,3380.0,,,
2026-09-13,Vino blanco,8960.0,,0,750.0,8960.0,vino blanco trivento malbec reserva 2022 - 750 ml,masxmenos costa rica,8960.0,,,
2026-09-13,Vino blanco,2530.0,,0,1000.0,2530.0,vino don simón premium selección chardonnay - 1000 ml,masxmenos costa rica,1897.5,,,
2026-09-13,Vino blanco,5600.0,,0,750.0,5600.0,vino peter brum liebfraulmil blan - 750ml,masxmenos costa rica,5600.0,,,
2026-09-13,Vinos general,13960.0,,0,750.0,13960.0,vino woodbrige white zinafandel - 750 ml vendido por walmart patrocinado,walmart costa rica,13960.0,,,
2026-09-13,Vinos general,5800.0,,0,375.0,5800.0,vino orgánico adobe merlot – 375 ml vendido por walmart patrocinado,walmart costa rica,11600.0,,,
2026-09-13,Frontera,5930.0,,0,1500.0,5930.0,vino frontera merlot -1500 ml patrocinado,masxmenos costa rica,2965.0,,,
2026-09-13,Frontera,7500.0,,0,750.0,7500.0,vino frontera rosado concha y toro chile - 750 ml patrocinado,masxmenos costa rica,7500.0,,,
2026-09-13,Frontera,5770.0,,0,750.0,5770.0,vino tinto frontera carmenere viñedo protegido por la naturaleza - 750 ml patrocinado,masxmenos costa rica,5770.0,,,
2026-09-13,Vino tinto,6795.0,,0,1500.0,6795.0,twin view estates cabernet sauvignon vino tinto 1.5 l,pricesmart costa rica,3397.5,,,
2026-09-13,Vino tinto,7670.0,,0,750.0,7670.0,douce nature vino tinto pinot noir orgánico 750 ml / 25.36 oz,pricesmart costa rica,7670.0,,,
2026-09-13,Vino rosado,9200.0,,0,750.0,9200.0,vino laudum rosado - 750 ml,masxmenos costa rica,9200.0,,,
2026-09-13,Vino blanco,2600.0,,0,750.0,2600.0,vino contenda sauvignon blanc - 750 ml,masxmenos costa rica,2600.0,,,
2026-09-13,Vino rosado,11200.0,,0,750.0,11200.0,vino làudum barrica - 750 ml,masxmenos costa rica,11200.0,,,
2026-09-13,Vino rosado,9200.0,,0,750.0,9200.0,vino laudum chardonnay - 750 ml,masxmenos costa rica,9200.0,,,
2026-09-14,Frontera,5770.0,,0,750.0,5770.0,vino tinto frontera carmenere viñedo protegido por la naturaleza - 750 ml patrocinado,masxmenos costa rica,5770.0,,,
2026-09-13,Vino tinto,20795.0,,0,2250.0,20795.0,faustino rivero ulecia set vinos rioja 3 unidades / 750 ml,pricesmart costa rica,6931.67,,,
2026-09-13,Vino blanco,6110.0,,0,750.0,6110.0,vino tinto fantini trebbiano d abruzzo -750ml,masxmenos costa rica,6110.0,,,
2026-09-13,Vino blanco,3380.0,,0,750.0,3380.0,vino blanco trivento malbec reserva 2022 - 750 ml patrocinado,masxmenos costa rica,3380.0,,,
2026-09-13,Vinos general,8800.0,,0,750.0,8800.0,vino 19 crimes red blend - 750 ml vendido por walmart patrocinado,walmart costa rica,8800.0,,,
2026-09-13,Vino rosado,5770.0,,0,750.0,5770.0,vino marques de caceres rosado rioja - 750ml patrocinado,masxmenos costa rica,5770.0,,,
2026-09-11,Vino tinto,2300.0,,0,1000.0,2300.0,vino clos de pirque tinto merlot - 1000ml vendido por walmart patrocinado,walmart costa rica,1725.0,,,
2026-09-11,Vino tinto,7360.0,,0,1500.0,7360.0,vino santa cecilia merlot - 1500 ml,walmart costa rica,3680.0,,,
2026-09-11,Vino tinto,9930.0,,0,750.0,9930.0,vino blanco marques de riscal verdejo - 750 ml,walmart costa rica,9930.0,,,
2026-09-11,Vino tinto,3250.0,,0,375.0,3250.0,vino orgánico adobe cabernet sauvignon - 375 ml,walmart costa rica,6500.0,,,
2026-09-11,Vino tinto,5480.0,,0,750.0,5480.0,vino blanco trapiche pinot grigio -750ml,walmart costa rica,5480.0,,,
2026-09-11,Vino tinto,3870.0,,0,750.0,3870.0,vino santa cecilia tinto cabernet sauvignon -750 ml,walmart costa rica,3870.0,,,
2026-09-12,Vino tinto,7795.0,,0,750.0,7795.0,arrogant frog pinot noir vino tinto 750 ml,pricesmart costa rica,7795.0,,,
2026-09-12,Vino tinto,5995.0,,0,750.0,5995.0,misiones de rengo vino tinto cabernet sauvignon 750 ml / 25.36 oz,pricesmart costa rica,5995.0,,,
2026-09-12,Vino tinto,9470.0,,0,750.0,9470.0,montecillo rioja crianza vino tinto 750 ml,pricesmart costa rica,9470.0,,,
2026-09-12,Vino tinto,14970.0,,0,750.0,14970.0,viña alberdi vino tinto tempranillo crianza 750 ml / 25.36 oz,pricesmart costa rica,14970.0,,,
2026-09-12,Vino tinto,4970.0,,0,750.0,4970.0,arrogante frog cabernet sauvignon merlot vino tinto 750 ml,pricesmart costa rica,4970.0,,,
2026-09-12,Vino tinto,6795.0,,0,1500.0,6795.0,gato negro cabernet sauvignon vino tinto 1.5 l / 51 oz,pricesmart costa rica,3397.5,,,
2026-09-12,Vino tinto,3770.0,,0,750.0,3770.0,mantrús crianza vino tinto 750 ml / 25.36 oz,pricesmart costa rica,3770.0,,,
2026-09-12,Vino tinto,4995.0,,0,750.0,4995.0,mantrús reserva vino tinto ribera del duero 750 ml / 25.36 oz,pricesmart costa rica,4995.0,,,
2026-09-12,Vino tinto,6495.0,,0,750.0,6495.0,santa rita 120 carmenere vino tinto 750 ml,pricesmart costa rica,6495.0,,,
2026-09-12,Vino tinto,10995.0,,0,750.0,10995.0,portia roble tempranillo vino tinto 750 ml,pricesmart costa rica,10995.0,,,
2026-09-11,Vino blanco,2530.0,,0,750.0,2530.0,vino peter brum liebfraulmil blan - 750ml patrocinado,masxmenos costa rica,2530.0,,,
2026-09-11,Vino blanco,5600.0,,0,750.0,5600.0,vino blanco blue nun authentic white- 750ml patrocinado,masxmenos costa rica,5600.0,,,
2026-09-11,Vino blanco,6830.0,,0,750.0,6830.0,vino blanco protos verdejo criado sobre lias finas - 750 ml patrocinado,masxmenos costa rica,6830.0,,,
2026-09-11,Vino blanco,8.3102,,0,750.0,8.3102,vino blanco fantini terre siciliante pinot grigio - 750 ml patrocinado,masxmenos costa rica,8.31,,,
2026-09-11,Vino blanco,6110.0,,0,1000.0,6110.0,vino clos de pirque blanco - 1000ml patrocinado,masxmenos costa rica,4582.5,,,
2026-09-11,Vino blanco,10300.0,,0,750.0,10300.0,navarro col. privada chardonnay 750 ml,masxmenos costa rica,10300.0,,,
2026-09-11,Vino blanco,8600.0,,0,750.0,8600.0,vino marina alta blanco 00 - 750 ml,masxmenos costa rica,8600.0,,,
2026-09-11,Vino tinto,11630.0,,0,750.0,11630.0,navarro colección privada vero faraone malbec - 750ml,walmart costa rica,11630.0,,,
2026-09-11,Vino blanco,8020.0,,0,750.0,8020.0,vino marques de caceres blanco 750ml,masxmenos costa rica,8020.0,,,
2026-09-11,Vino blanco,3380.0,,0,750.0,3380.0,vino maipo sauvignon blanco clasic series -750 ml,masxmenos costa rica,3380.0,,,
2026-09-12,Vino tinto,20995.0,,0,750.0,20995.0,pulenta estate malbec vino tinto 750 ml,pricesmart costa rica,20995.0,,,
2026-09-12,Vino tinto,9795.0,,0,750.0,9795.0,el coto crianza rioja vino tinto tempranillo 750 ml,pricesmart costa rica,9795.0,,,
2026-09-12,Vino tinto,10495.0,,0,750.0,10495.0,montes limited selection vino cabernet sauvignon camenère 750 ml / 25.3 oz,pricesmart costa rica,10495.0,,,
2026-09-12,Vino tinto,11995.0,,0,750.0,11995.0,pasqua zin primitivo vino tinto 750 ml,pricesmart costa rica,11995.0,,,
2026-09-12,Vino tinto,14295.0,,0,750.0,14295.0,bin 27 vino tinto reserve port fonseca 750 ml / 25.36 oz,pricesmart costa rica,14295.0,,,
2026-09-12,Vino tinto,8495.0,,0,750.0,8495.0,ruffino vino tinto chianti classico 750 ml / 25.36 oz,pricesmart costa rica,8495.0,,,
2026-09-13,Frontera,5770.0,,0,750.0,5770.0,vino blanco frontera chardonnay viñedo protegido por la naturaleza - 750 ml patrocinado,masxmenos costa rica,5770.0,,,
2026-09-13,Vino blanco,3250.0,,0,375.0,3250.0,vino adobe chardonnay orgánico -375 ml,masxmenos costa rica,6500.0,,,
2026-09-14,Vino tinto,7500.0,,0,750.0,7500.0,vino tinto contenda merlot - 750 ml vendido por walmart patrocinado,walmart costa rica,7500.0,,,
2026-09-13,Vinos general,11170.0,,0,750.0,11170.0,vino frontera chardonnay - 1500ml vendido por walmart patrocinado,walmart costa rica,11170.0,,,
2026-09-12,Vino blanco,7495.0,,0,3000.0,7495.0,clos de pirque vino blanco 3 unidades / 1 l,pricesmart costa rica,1873.75,,,
2026-09-13,Vino rosado,14300.0,,0,750.0,14300.0,vino planeta la segreta bianco - 750 ml,masxmenos costa rica,14300.0,,,
2026-09-13,Vino tinto,3340.0,,0,750.0,3340.0,vino viña maipo classic series cabernet sauvignon -750 ml,walmart costa rica,3340.0,,,
2026-09-13,Vino blanco,8310.0,,0,750.0,8310.0,vino blanco protos verdejo criado sobre lias finas - 750 ml,masxmenos costa rica,8310.0,,,
2026-09-13,Vino blanco,4100.0,,0,750.0,4100.0,vino santa carolina chardonay botella - 750 ml,masxmenos costa rica,4100.0,,,
2026-09-12,Vino blanco,7795.0,,0,1500.0,7795.0,frontera concha & toro vino blanco sauvignon blanc semi 1.5 l,pricesmart costa rica,3897.5,,,
2026-09-12,Vino blanco,7795.0,,0,750.0,7795.0,pasqua vino blanco pinot grigio 750 ml / 25.36 oz,pricesmart costa rica,7795.0,,,
2026-09-12,Vino blanco,3795.0,,0,750.0,3795.0,reguta vino prosecco extra seco italiano 750 ml / 25.36 oz,pricesmart costa rica,3795.0,,,
2026-09-12,Vino blanco,7995.0,,0,750.0,7995.0,marqués de riscal vino blanco 750 ml,pricesmart costa rica,7995.0,,,
2026-09-12,Vino blanco,2395.0,,0,750.0,2395.0,loma negra chardonnay classic vino blanco 750 ml / 25.4 oz,pricesmart costa rica,2395.0,,,
2026-09-13,Vino blanco,4730.0,,0,750.0,4730.0,vino sta rita 3 med bco sauvig 750 ml,masxmenos costa rica,4730.0,,,
2026-09-13,Vino blanco,7040.0,,0,750.0,7040.0,vino blanco carmen frida sauvignon blanc – 750 ml,masxmenos costa rica,7040.0,,,
2026-09-13,Vino tinto,2395.0,,0,750.0,2395.0,loma negra vino tinto merlot 750 ml / 25.4 oz,pricesmart costa rica,2395.0,,,
2026-09-13,Frontera,9380.0,,0,750.0,9380.0,vino frontera concha y toro merlot - 750ml patrocinado,masxmenos costa rica,9380.0,,,
2026-09-12,Vino rosado,6370.0,,0,750.0,6370.0,pack jp chenet rosé dry vino espumoso 750 ml + chocolate vizzio 70 g,pricesmart costa rica,6370.0,,,
2026-09-12,Vino rosado,8795.0,,0,750.0,8795.0,les jamelles vino rosado francés 750 ml / 25.36 oz,pricesmart costa rica,8795.0,,,
2026-09-12,Vino blanco,11795.0,,0,750.0,11795.0,pulpo albariño vino blanco 750 ml,pricesmart costa rica,11795.0,,,
2026-09-12,Vino blanco,3970.0,,0,750.0,3970.0,protocolo vino blanco español 750 ml,pricesmart costa rica,3970.0,,,
2026-09-12,Vino blanco,7495.0,,0,750.0,7495.0,protos verdejo vino blanco 750 ml,pricesmart costa rica,7495.0,,,
2026-09-12,Vino blanco,5495.0,,0,750.0,5495.0,casal mendes vino verde 750 ml / 25.4 oz,pricesmart costa rica,5495.0,,,
2026-09-13,Frontera,6070.0,,0,750.0,6070.0,vino rosado frontera gently bubbly spritzer roses -750 ml patrocinado,masxmenos costa rica,6070.0,,,
2026-09-14,Vino blanco,8310.0,,0,750.0,8310.0,vino blanco protos verdejo criado sobre lias finas - 750 ml,masxmenos costa rica,8310.0,,,
2026-09-14,Vino blanco,2490.0,,0,1000.0,2490.0,vino clos de pirque blanco - 1000ml,masxmenos costa rica,1867.5,,,
2026-09-14,Vinos general,5670.0,,0,750.0,5670.0,vino tinto trapiche vineyards malbec - 750 ml vendido por walmart patrocinado,walmart costa rica,5670.0,,,
2026-09-14,Vinos general,5000.0,,0,750.0,5000.0,vino tinto robert mondavi mondavi cabernet sauvignon - 750 ml vendido por walmart patrocinado,walmart costa rica,5000.0,,,
2026-09-13,Vino rosado,5795.0,,0,750.0,5795.0,astoria prosecco rosé vino rosado 750 ml / 25.4 oz,pricesmart costa rica,5795.0,,,
2026-09-14,Vino tinto,11495.0,,0,750.0,11495.0,ramon bilbao vino tinto crianza 750 ml,pricesmart costa rica,11495.0,,,
2026-09-13,Vino rosado,5200.0,,0,750.0,5200.0,vino cavicchioli lambrusco rosato dulce - 750 ml,masxmenos costa rica,5200.0,,,
2026-09-12,Vino rosado,3970.0,,0,750.0,3970.0,viña esmeralda vino rosado español aroma frutal 750 ml,pricesmart costa rica,3970.0,,,
2026-09-12,Vino rosado,8795.0,,0,750.0,8795.0,taanug vino rosado francés aroma a fresas 750 ml,pricesmart costa rica,8795.0,,,
2026-09-13,Vinos general,6570.0,,0,750.0,6570.0,vino tinto casillero del diablo red blend - 750 ml,walmart costa rica,6570.0,,,
2026-09-13,Vinos general,4300.0,,0,750.0,4300.0,vino riunite blanco melocotón - 750 ml,walmart costa rica,4300.0,,,
2026-09-13,Frontera,8940.0,,0,750.0,8940.0,vino frontera chardonnay - 1500ml,masxmenos costa rica,8940.0,,,
2026-09-13,Frontera,5930.0,,0,750.0,5930.0,frontera cabernet sauvignon 750ml,masxmenos costa rica,5930.0,,,
2026-09-13,Vino tinto,12995.0,,0,750.0,12995.0,catena vista flores vino tinto malbec 750 ml,pricesmart costa rica,12995.0,,,
2026-09-13,Vino tinto,2500.0,,0,1000.0,2500.0,vino clos de pirque tinto merlot - 1000ml,walmart costa rica,1875.0,,,
2026-09-13,Vino blanco,8600.0,,0,750.0,8600.0,vino marina alta blanco 00 - 750 ml,masxmenos costa rica,8600.0,,,
2026-09-12,Vino rosado,12470.0,,0,750.0,12470.0,the beach by whispering angel vino rosado francés 750 ml,pricesmart costa rica,12470.0,,,
2026-09-12,Vino rosado,7795.0,,0,750.0,7795.0,soupçon de fruit rosé d'anjou botella de vino rosado 750 ml / 25.4 oz,pricesmart costa rica,7795.0,,,
2026-09-13,Vinos general,5200.0,,0,750.0,5200.0,vino tinto santa rita 120 carmenere - 750ml vendido por walmart patrocinado,walmart costa rica,5200.0,,,
2026-09-13,Vino blanco,16600.0,,0,750.0,16600.0,vino luigi bosca de sangre - 750 ml,masxmenos costa rica,16600.0,,,
2026-09-13,Vinos general,9090.0,,0,1500.0,9090.0,vino viña maipo cabernet sauvignon 1.5l vendido por walmart patrocinado,walmart costa rica,4545.0,,,
2026-09-13,Frontera,9120.0,,0,1500.0,9120.0,vino blanco frontera sauvignon blanc - 1500 ml,masxmenos costa rica,4560.0,,,
2026-09-13,Frontera,4400.0,,0,750.0,4400.0,vino frontera frutal tropical mango maracuyá - 750 ml,masxmenos costa rica,4400.0,,,
2026-09-11,Frontera,5930.0,,0,750.0,5930.0,vino frontera blanco sauvignon concha y toro - 750 ml patrocinado,masxmenos costa rica,5930.0,,,
2026-09-11,Frontera,6070.0,,0,750.0,6070.0,vino rosado frontera gently bubbly spritzer roses -750 ml patrocinado,masxmenos costa rica,6070.0,,,
2026-09-11,Frontera,5770.0,,0,750.0,5770.0,vino blanco frontera chardonnay viñedo protegido por la naturaleza - 750 ml patrocinado,masxmenos costa rica,5770.0,,,
2026-09-11,Frontera,6070.0,,0,750.0,6070.0,vino blanco frontera spritzer chardonnay eldelflower - 750 ml patrocinado,masxmenos costa rica,6070.0,,,
2026-09-11,Frontera,4400.0,,0,750.0,4400.0,frontera frutal pink paradise 750ml,masxmenos costa rica,4400.0,,,
2026-09-11,Vino rosado,11540.0,,0,750.0,11540.0,"vino rosado freixenet, ice rose -750 ml patrocinado",masxmenos costa rica,11540.0,,,
2026-09-11,Frontera,9380.0,,0,750.0,9380.0,vino frontera concha y toro merlot - 750ml patrocinado,masxmenos costa rica,9380.0,,,
2026-09-11,Frontera,5930.0,,0,1500.0,5930.0,vino frontera merlot -1500 ml patrocinado,masxmenos costa rica,2965.0,,,
2026-09-11,Vino rosado,14300.0,,0,750.0,14300.0,vino planeta la segreta bianco - 750 ml,masxmenos costa rica,14300.0,,,
2026-09-11,Vino blanco,4900.0,,0,750.0,4900.0,vino marques de caceres blanco 750ml patrocinado,masxmenos costa rica,4900.0,,,
2026-09-11,Vino blanco,8020.0,,0,750.0,8020.0,vino maipo sauvignon blanco clasic series -750 ml patrocinado,masxmenos costa rica,8020.0,,,
2026-09-11,Vino blanco,3380.0,,0,750.0,3380.0,vino blanco trivento malbec reserva 2022 - 750 ml patrocinado,masxmenos costa rica,3380.0,,,
2026-09-11,Vino blanco,8960.0,,0,1000.0,8960.0,vino don simón premium selección chardonnay - 1000 ml patrocinado,masxmenos costa rica,6720.0,,,
2026-09-11,Vino rosado,10000.0,,0,750.0,10000.0,vino rose carnivor apothic - 750 ml patrocinado,masxmenos costa rica,10000.0,,,
2026-09-11,Vino rosado,5220.0,,0,750.0,5220.0,vino mr wild org rose 750 ml patrocinado,masxmenos costa rica,5220.0,,,
2026-09-11,Vino rosado,11180.0,,0,750.0,11180.0,vino rosado ijalba rioja eco -750ml patrocinado,masxmenos costa rica,11180.0,,,
2026-09-13,Vino blanco,5210.0,,0,750.0,5210.0,vino blanco tarapacá pinot grigio - 750 ml,masxmenos costa rica,5210.0,,,
2026-09-13,Vino blanco,11560.0,,0,1500.0,11560.0,vino blanco pasqua pinot grigio -1500ml,masxmenos costa rica,5780.0,,,
2026-09-13,Vino blanco,6110.0,,0,750.0,6110.0,vino blanco fantini terre siciliante pinot grigio - 750 ml,masxmenos costa rica,6110.0,,,
2026-09-13,Vino tinto,10010.0,,0,750.0,10010.0,vino fantini montepulciano d abruzzo 1500ml,walmart costa rica,10010.0,,,
2026-09-11,Vino tinto,3340.0,,0,1000.0,3340.0,vino clos de pirque cabernet sauvignon - 1000ml vendido por walmart patrocinado,walmart costa rica,2505.0,,,
2026-09-12,Vino rosado,5795.0,,0,750.0,5795.0,astoria prosecco rosé vino rosado 750 ml / 25.4 oz,pricesmart costa rica,5795.0,,,
2026-09-11,Vino rosado,9790.0,,0,375.0,9790.0,vino orgánico adobe rosé – 375 ml patrocinado,masxmenos costa rica,19580.0,,,
2026-09-13,Vino rosado,10810.0,,0,750.0,10810.0,vino rosado canti prosecco - 750 ml,masxmenos costa rica,10810.0,,,
2026-09-11,Vino blanco,5910.0,,0,750.0,5910.0,vino blanco frontera spritzer chardonnay eldelflower - 750 ml,masxmenos costa rica,5910.0,,,
2026-09-13,Vinos general,12140.0,,0,750.0,12140.0,vino tinto protos roble botella - 750 ml,walmart costa rica,12140.0,,,
2026-09-13,Vinos general,5120.0,,0,750.0,5120.0,vino tinto undurraga cabernet - 750 ml,walmart costa rica,5120.0,,,
2026-09-13,Vino blanco,6830.0,,0,750.0,6830.0,vino blanco blue nun authentic white- 750ml,masxmenos costa rica,6830.0,,,
2026-09-13,Vinos general,7970.0,,0,750.0,7970.0,vino casillero del diablo chardonnay - 750ml vendido por walmart patrocinado,walmart costa rica,7970.0,,,
2026-09-13,Vino blanco,5910.0,,0,750.0,5910.0,vino blanco frontera spritzer chardonnay eldelflower - 750 ml,masxmenos costa rica,5910.0,,,
2026-09-11,Vino rosado,5770.0,,0,750.0,5770.0,vino marques de caceres rosado rioja - 750ml patrocinado,masxmenos costa rica,5770.0,,,
2026-09-11,Vino rosado,8020.0,,0,750.0,8020.0,vino rosado frontera gently bubbly spritzer roses -750 ml patrocinado,masxmenos costa rica,8020.0,,,
2026-09-12,Vino tinto,11630.0,,0,750.0,11630.0,navarro colección privada vero faraone malbec - 750ml,walmart costa rica,11630.0,,,
2026-09-12,Vino tinto,7500.0,,0,1500.0,7500.0,vino frontera merlot -1500 ml,walmart costa rica,3750.0,,,
2026-09-12,Vino tinto,2580.0,,0,750.0,2580.0,vino tinto contenda merlot - 750 ml,walmart costa rica,2580.0,,,
2026-09-12,Vinos general,13960.0,,0,750.0,13960.0,vino tinto robert mondavi mondavi cabernet sauvignon - 750 ml,walmart costa rica,13960.0,,,
2026-09-12,Vinos general,5800.0,,0,750.0,5800.0,frontera cabernet sauvignon 750ml,walmart costa rica,5800.0,,,
2026-09-12,Vinos general,3250.0,,0,375.0,3250.0,vino orgánico adobe merlot – 375 ml,walmart costa rica,6500.0,,,
2026-09-12,Vinos general,4400.0,,0,750.0,4400.0,frontera frutal pink paradise 750ml,walmart costa rica,4400.0,,,
2026-09-12,Vinos general,7970.0,,0,750.0,7970.0,vino tinto santa rita 120 carmenere - 750ml,walmart costa rica,7970.0,,,
2026-09-12,Vinos general,11170.0,,0,750.0,11170.0,vino 19 crimes red blend - 750 ml,walmart costa rica,11170.0,,,
2026-09-12,Vinos general,8800.0,,0,750.0,8800.0,vino casillero del diablo chardonnay - 750ml,walmart costa rica,8800.0,,,
2026-09-12,Vinos general,9090.0,,0,750.0,9090.0,vino frontera chardonnay - 1500ml,walmart costa rica,9090.0,,,
2026-09-12,Vino tinto,4.6502,,0,750.0,4.6502,vino clos dp cabernet tinto sauvignon - 2000ml vendido por walmart patrocinado,walmart costa rica,4.65,,,
2026-09-12,Vino tinto,11630.0,,0,1500.0,11630.0,vino frontera merlot -1500 ml vendido por walmart patrocinado,walmart costa rica,5815.0,,,
2026-09-11,Vino rosado,6370.0,,0,750.0,6370.0,pack jp chenet rosé dry vino espumoso 750 ml + chocolate vizzio 70 g,pricesmart costa rica,6370.0,,,
2026-09-11,Vino blanco,3970.0,,0,750.0,3970.0,protocolo vino blanco español 750 ml,pricesmart costa rica,3970.0,,,
2026-09-11,Vino blanco,7495.0,,0,750.0,7495.0,protos verdejo vino blanco 750 ml,pricesmart costa rica,7495.0,,,
2026-09-12,Vino tinto,7500.0,,0,1500.0,7500.0,vino viña maipo varietal merlot 1.5l,walmart costa rica,3750.0,,,
2026-09-12,Vino tinto,3830.0,,0,750.0,3830.0,vino tinto teber dulce - 750ml,walmart costa rica,3830.0,,,
2026-09-12,Vino rosado,13995.0,,0,750.0,13995.0,pasqua 11 minutes vino rosado 750 ml,pricesmart costa rica,13995.0,,,
2026-09-13,Vino tinto,4400.0,,0,750.0,4400.0,vino frontera frutal tinto de verano manzana naranja - 750 ml,walmart costa rica,4400.0,,,
2026-09-13,Vino tinto,4650.0,,0,1000.0,4650.0,2 pack sangria peñasol tinta -1000ml,walmart costa rica,3487.5,,,
2026-09-13,Vino tinto,4680.0,,0,750.0,4680.0,vino clos dp cabernet tinto sauvignon - 2000ml,walmart costa rica,4680.0,,,
2026-09-13,Vino tinto,11630.0,,0,750.0,11630.0,navarro colección privada vero faraone malbec - 750ml,walmart costa rica,11630.0,,,
2026-09-12,Vino tinto,5480.0,,0,750.0,5480.0,vino blanco trapiche pinot grigio -750ml,walmart costa rica,5480.0,,,
2026-09-13,Vino tinto,2300.0,,0,1000.0,2300.0,vino clos de pirque cabernet sauvignon - 1000ml,walmart costa rica,1725.0,,,
2026-09-11,Frontera,5770.0,,0,750.0,5770.0,vino tinto frontera carmenere viñedo protegido por la naturaleza - 750 ml patrocinado,masxmenos costa rica,5770.0,,,
2026-09-12,Vino blanco,5495.0,,0,750.0,5495.0,las moras pinot grigio vino blanco botella de 750 ml / 25.4 oz,pricesmart costa rica,5495.0,,,
2026-09-12,Vino tinto,6380.0,,0,750.0,6380.0,vino tinto cal y canto red blend - 750 ml,walmart costa rica,6380.0,,,
2026-09-11,Vino tinto,1980.0,,0,750.0,1980.0,vino viña maipo clasic series merlot - 750 ml vendido por walmart patrocinado,walmart costa rica,1980.0,,,
2026-09-12,Vino blanco,15495.0,,0,750.0,15495.0,santa margherita vino blanco pinot grigio 750 ml / 25.36 oz,pricesmart costa rica,15495.0,,,
2026-09-13,Vinos general,4240.0,,0,750.0,4240.0,vino undurraga tinto merlot -750 ml,walmart costa rica,4240.0,,,
2026-09-13,Vino tinto,3340.0,,0,750.0,3340.0,vino viña maipo clasic series merlot - 750 ml,walmart costa rica,3340.0,,,
2026-09-12,Vinos general,5670.0,,0,750.0,5670.0,vino pata negra valdepenas crianza - 750 ml,walmart costa rica,5670.0,,,
2026-09-12,Vinos general,5000.0,,0,750.0,5000.0,vino tinto trapiche vineyards malbec - 750 ml,walmart costa rica,5000.0,,,
2026-09-12,Vinos general,7520.0,,0,750.0,7520.0,vino woodbrige white zinafandel - 750 ml,walmart costa rica,7520.0,,,
2026-09-12,Vino blanco,4100.0,,0,750.0,4100.0,vino santa carolina chardonay botella - 750 ml,masxmenos costa rica,4100.0,,,
2026-09-12,Vino blanco,2600.0,,0,750.0,2600.0,vino contenda sauvignon blanc - 750 ml,masxmenos costa rica,2600.0,,,
2026-09-12,Vino blanco,3250.0,,0,375.0,3250.0,vino adobe chardonnay orgánico -375 ml,masxmenos costa rica,6500.0,,,
2026-09-12,Vino blanco,8020.0,,0,750.0,8020.0,vino marques de caceres blanco 750ml,masxmenos costa rica,8020.0,,,
2026-09-12,Vino blanco,3380.0,,0,750.0,3380.0,vino maipo sauvignon blanco clasic series -750 ml,masxmenos costa rica,3380.0,,,
2026-09-12,Vino blanco,8960.0,,0,750.0,8960.0,vino blanco trivento malbec reserva 2022 - 750 ml,masxmenos costa rica,8960.0,,,
2026-09-12,Vino blanco,2530.0,,0,1000.0,2530.0,vino don simón premium selección chardonnay - 1000 ml,masxmenos costa rica,1897.5,,,
2026-09-12,Vino blanco,5600.0,,0,750.0,5600.0,vino peter brum liebfraulmil blan - 750ml,masxmenos costa rica,5600.0,,,
2026-09-12,Vino blanco,6830.0,,0,750.0,6830.0,vino blanco blue nun authentic white- 750ml,masxmenos costa rica,6830.0,,,
2026-09-12,Vino blanco,8310.0,,0,750.0,8310.0,vino blanco protos verdejo criado sobre lias finas - 750 ml,masxmenos costa rica,8310.0,,,
2026-09-12,Vino tinto,7500.0,,0,750.0,7500.0,vino tinto contenda merlot - 750 ml vendido por walmart patrocinado,walmart costa rica,7500.0,,,
2026-09-12,Vino tinto,2580.0,,0,750.0,2580.0,vino tinto don simón tempranillo -750 ml vendido por walmart patrocinado,walmart costa rica,2580.0,,,
2026-09-12,Vino tinto,1980.0,,0,1000.0,1980.0,vino clos de pirque cabernet sauvignon - 1000ml vendido por walmart patrocinado,walmart costa rica,1485.0,,,
2026-09-11,Vino blanco,7040.0,,0,750.0,7040.0,vino blanco carmen frida sauvignon blanc – 750 ml,masxmenos costa rica,7040.0,,,
2026-09-11,Frontera,7500.0,,0,750.0,7500.0,vino frontera rosado concha y toro chile - 750 ml patrocinado,masxmenos costa rica,7500.0,,,
2026-09-13,Vino tinto,2580.0,,0,750.0,2580.0,vino tinto contenda merlot - 750 ml,walmart costa rica,2580.0,,,
2026-09-12,Vino tinto,4400.0,,0,750.0,4400.0,vino frontera frutal tinto de verano manzana naranja - 750 ml,walmart costa rica,4400.0,,,
2026-09-12,Vino tinto,4680.0,,0,750.0,4680.0,vino clos dp cabernet tinto sauvignon - 2000ml,walmart costa rica,4680.0,,,
2026-09-13,Vino tinto,1980.0,,0,750.0,1980.0,vino tinto don simón tempranillo -750 ml,walmart costa rica,1980.0,,,
2026-09-12,Vino tinto,2300.0,,0,750.0,2300.0,vino viña maipo clasic series merlot - 750 ml vendido por walmart patrocinado,walmart costa rica,2300.0,,,
2026-09-12,Vino tinto,3340.0,,0,750.0,3340.0,vino viña maipo classic series cabernet sauvignon -750 ml,walmart costa rica,3340.0,,,
2026-09-12,Vinos general,5120.0,,0,750.0,5120.0,vino tinto undurraga cabernet - 750 ml,walmart costa rica,5120.0,,,
2026-09-12,Vino tinto,1980.0,,0,750.0,1980.0,vino tinto don simón tempranillo -750 ml,walmart costa rica,1980.0,,,
2026-09-12,Vino tinto,2300.0,,0,1000.0,2300.0,vino clos de pirque cabernet sauvignon - 1000ml,walmart costa rica,1725.0,,,
2026-09-12,Vino tinto,3340.0,,0,750.0,3340.0,vino viña maipo clasic series merlot - 750 ml,walmart costa rica,3340.0,,,
2026-09-12,Vino tinto,2500.0,,0,1000.0,2500.0,vino clos de pirque tinto merlot - 1000ml,walmart costa rica,1875.0,,,
2026-09-11,Vino rosado,4900.0,,0,750.0,4900.0,vino soupcon de fruit rose d'anjou 2020 - 750 ml patrocinado,masxmenos costa rica,4900.0,,,
2026-09-12,Vinos general,12140.0,,0,750.0,12140.0,vino tinto protos roble botella - 750 ml,walmart costa rica,12140.0,,,
2026-09-12,Vinos general,4240.0,,0,750.0,4240.0,vino undurraga tinto merlot -750 ml,walmart costa rica,4240.0,,,
2026-09-12,Vino blanco,5910.0,,0,750.0,5910.0,vino blanco frontera spritzer chardonnay eldelflower - 750 ml,masxmenos costa rica,5910.0,,,
2026-09-12,Vino blanco,7040.0,,0,750.0,7040.0,vino blanco carmen frida sauvignon blanc – 750 ml,masxmenos costa rica,7040.0,,,
2026-09-12,Vino blanco,4730.0,,0,750.0,4730.0,vino sta rita 3 med bco sauvig 750 ml,masxmenos costa rica,4730.0,,,
2026-09-12,Vino rosado,14300.0,,0,750.0,14300.0,vino planeta la segreta bianco - 750 ml,masxmenos costa rica,14300.0,,,
2026-09-12,Vino rosado,11200.0,,0,750.0,11200.0,vino làudum barrica - 750 ml,masxmenos costa rica,11200.0,,,
2026-09-12,Vino rosado,12700.0,,0,750.0,12700.0,vino làudum gran reserva - 750 ml,masxmenos costa rica,12700.0,,,
2026-09-12,Vino rosado,9200.0,,0,750.0,9200.0,vino laudum chardonnay - 750 ml,masxmenos costa rica,9200.0,,,
2026-09-12,Vino rosado,9810.0,,0,750.0,9810.0,vino les jamelles petite rosado - 750 ml,masxmenos costa rica,9810.0,,,
2026-09-12,Vino rosado,11540.0,,0,750.0,11540.0,vino rosado dark horse pinot noir - 750 ml,masxmenos costa rica,11540.0,,,
2026-09-12,Vino rosado,10000.0,,0,750.0,10000.0,"vino rosado freixenet, ice rose -750 ml",masxmenos costa rica,10000.0,,,
2026-09-12,Vino rosado,14590.0,,0,750.0,14590.0,vino rose carnivor apothic - 750 ml,masxmenos costa rica,14590.0,,,
2026-09-12,Vino rosado,4400.0,,0,750.0,4400.0,frontera frutal pink paradise 750ml,masxmenos costa rica,4400.0,,,
2026-09-12,Vino rosado,11180.0,,0,750.0,11180.0,vino mr wild org rose 750 ml,masxmenos costa rica,11180.0,,,
2026-09-12,Vino blanco,6110.0,,0,750.0,6110.0,vino blanco fantini terre siciliante pinot grigio - 750 ml,masxmenos costa rica,6110.0,,,
2026-09-12,Vino blanco,2490.0,,0,1000.0,2490.0,vino clos de pirque blanco - 1000ml,masxmenos costa rica,1867.5,,,
2026-09-12,Vinos general,5000.0,,0,750.0,5000.0,vino woodbrige white zinafandel - 750 ml vendido por walmart patrocinado,walmart costa rica,5000.0,,,
2026-09-12,Vinos general,8000.0,,0,1125.0,8000.0,vino viñas del tango malbec - 1125 ml,walmart costa rica,5333.33,,,
2026-09-12,Vinos general,5970.0,,0,750.0,5970.0,vino espumoso undurraga brut 750 ml,walmart costa rica,5970.0,,,
2026-09-12,Vino tinto,3870.0,,0,750.0,3870.0,vino santa cecilia tinto cabernet sauvignon -750 ml,walmart costa rica,3870.0,,,
2026-09-12,Vino tinto,8170.0,,0,750.0,8170.0,vino tinto álamos malbec - 750 ml,walmart costa rica,8170.0,,,
2026-09-12,Vinos general,7970.0,,0,750.0,7970.0,vino 19 crimes red blend - 750 ml vendido por walmart patrocinado,walmart costa rica,7970.0,,,
2026-09-12,Vinos general,11170.0,,0,750.0,11170.0,vino casillero del diablo chardonnay - 750ml vendido por walmart patrocinado,walmart costa rica,11170.0,,,
2026-09-12,Vinos general,8800.0,,0,750.0,8800.0,vino frontera chardonnay - 1500ml vendido por walmart patrocinado,walmart costa rica,8800.0,,,
2026-09-12,Vinos general,20760.0,,0,750.0,20760.0,"vino rosado b &amp; g cotes de provence, 2 pack -750 ml",walmart costa rica,20760.0,,,
2026-09-12,Vinos general,6570.0,,0,750.0,6570.0,vino tinto casillero del diablo red blend - 750 ml,walmart costa rica,6570.0,,,
2026-09-12,Vinos general,3020.0,,0,750.0,3020.0,vino tinto opera prima merlot - 750 ml,walmart costa rica,3020.0,,,
2026-09-12,Vino tinto,10280.0,,0,750.0,10280.0,vino tinto torres ramon bilbao crianza - 750ml,walmart costa rica,10280.0,,,
2026-09-12,Vinos general,7520.0,,0,750.0,7520.0,vino tinto robert mondavi mondavi cabernet sauvignon - 750 ml vendido por walmart patrocinado,walmart costa rica,7520.0,,,
2026-09-12,Vinos general,9000.0,,0,750.0,9000.0,vino tinto byg merlot reserve - 750ml,walmart costa rica,9000.0,,,
2026-09-12,Vino tinto,9930.0,,0,750.0,9930.0,vino blanco marques de riscal verdejo - 750 ml,walmart costa rica,9930.0,,,
2026-09-12,Vino tinto,3340.0,,0,1000.0,3340.0,vino clos de pirque tinto merlot - 1000ml vendido por walmart patrocinado,walmart costa rica,2505.0,,,
2026-09-12,Vino tinto,3250.0,,0,375.0,3250.0,vino orgánico adobe cabernet sauvignon - 375 ml,walmart costa rica,6500.0,,,
2026-09-12,Vino rosado,5200.0,,0,750.0,5200.0,vino cavicchioli lambrusco rosato dulce - 750 ml,masxmenos costa rica,5200.0,,,
2026-09-12,Vino rosado,10810.0,,0,750.0,10810.0,vino rosado canti prosecco - 750 ml,masxmenos costa rica,10810.0,,,
2026-09-12,Vino rosado,9200.0,,0,750.0,9200.0,vino laudum monastrell - 750 ml,masxmenos costa rica,9200.0,,,
2026-09-12,Frontera,5930.0,,0,750.0,5930.0,vino frontera blanco sauvignon concha y toro - 750 ml patrocinado,masxmenos costa rica,5930.0,,,
2026-09-12,Frontera,6070.0,,0,750.0,6070.0,vino rosado frontera gently bubbly spritzer roses -750 ml patrocinado,masxmenos costa rica,6070.0,,,
2026-09-12,Frontera,5770.0,,0,750.0,5770.0,vino blanco frontera chardonnay viñedo protegido por la naturaleza - 750 ml patrocinado,masxmenos costa rica,5770.0,,,
2026-09-12,Frontera,6070.0,,0,750.0,6070.0,vino blanco frontera spritzer chardonnay eldelflower - 750 ml patrocinado,masxmenos costa rica,6070.0,,,
2026-09-12,Frontera,4200.0,,0,750.0,4200.0,"vinos sub-categoría vino tinto vino blanco vino rosado departamento cervezas, vinos y licores rebaja exclusiva en línea rangos de precio",masxmenos costa rica,4200.0,,,
2026-09-12,Frontera,4400.0,,0,750.0,4400.0,vino frontera frutal tropical mango maracuyá - 750 ml,masxmenos costa rica,4400.0,,,
2026-09-12,Frontera,9120.0,,0,1500.0,9120.0,vino blanco frontera sauvignon blanc - 1500 ml,masxmenos costa rica,4560.0,,,
2026-09-12,Frontera,8940.0,,0,750.0,8940.0,vino frontera chardonnay - 1500ml,masxmenos costa rica,8940.0,,,
2026-09-12,Frontera,5930.0,,0,750.0,5930.0,frontera cabernet sauvignon 750ml,masxmenos costa rica,5930.0,,,
2026-09-12,Frontera,9380.0,,0,1500.0,9380.0,vino frontera tinto concha y toro cabernet - 1500 ml,masxmenos costa rica,4690.0,,,
2026-09-12,Vino rosado,9790.0,,0,750.0,9790.0,vino rosado ijalba rioja eco -750ml,masxmenos costa rica,9790.0,,,
2026-09-12,Vino rosado,3250.0,,0,375.0,3250.0,vino orgánico adobe rosé – 375 ml,masxmenos costa rica,6500.0,,,
2026-09-12,Vino rosado,8020.0,,0,750.0,8020.0,vino soupcon de fruit rose d&apos;anjou 2020 - 750 ml,masxmenos costa rica,8020.0,,,
2026-09-11,Vino rosado,4400.0,,0,750.0,4400.0,frontera frutal pink paradise 750ml,masxmenos costa rica,4400.0,,,
2026-09-11,Vino blanco,2600.0,,0,750.0,2600.0,vino contenda sauvignon blanc - 750 ml,masxmenos costa rica,2600.0,,,
2026-09-12,Vino tinto,10010.0,,0,750.0,10010.0,vino fantini montepulciano d abruzzo 1500ml,walmart costa rica,10010.0,,,
2026-09-12,Vino blanco,3380.0,,0,750.0,3380.0,vino blanco trivento malbec reserva 2022 - 750 ml patrocinado,masxmenos costa rica,3380.0,,,
2026-09-12,Vino blanco,16600.0,,0,750.0,16600.0,vino luigi bosca de sangre - 750 ml,masxmenos costa rica,16600.0,,,
2026-09-12,Vino tinto,4650.0,,0,1000.0,4650.0,2 pack sangria peñasol tinta -1000ml,walmart costa rica,3487.5,,,
2026-09-12,Vino rosado,5770.0,,0,750.0,5770.0,vino rosado frontera gently bubbly spritzer roses -750 ml,masxmenos costa rica,5770.0,,,
2026-09-12,Vinos general,5200.0,,0,750.0,5200.0,vino tinto santa rita 120 carmenere - 750ml vendido por walmart patrocinado,walmart costa rica,5200.0,,,
2026-09-12,Vino blanco,8020.0,,0,750.0,8020.0,vino maipo sauvignon blanco clasic series -750 ml patrocinado,masxmenos costa rica,8020.0,,,
2026-09-11,Vino tinto,10010.0,,0,750.0,10010.0,vino clos dp cabernet tinto sauvignon - 2000ml vendido por walmart patrocinado,walmart costa rica,10010.0,,,
2026-09-11,Vino tinto,11630.0,,0,1500.0,11630.0,vino frontera merlot -1500 ml vendido por walmart patrocinado,walmart costa rica,5815.0,,,
2026-09-11,Vino tinto,7500.0,,0,750.0,7500.0,vino tinto contenda merlot - 750 ml vendido por walmart patrocinado,walmart costa rica,7500.0,,,
2026-09-11,Vino tinto,2580.0,,0,750.0,2580.0,vino tinto don simón tempranillo -750 ml vendido por walmart patrocinado,walmart costa rica,2580.0,,,
2026-09-12,Vinos general,4300.0,,0,750.0,4300.0,vino riunite blanco melocotón - 750 ml,walmart costa rica,4300.0,,,
2026-09-12,Vino blanco,4900.0,,0,750.0,4900.0,vino marques de caceres blanco 750ml patrocinado,masxmenos costa rica,4900.0,,,
2026-09-12,Vino blanco,11560.0,,0,1500.0,11560.0,vino blanco pasqua pinot grigio -1500ml,masxmenos costa rica,5780.0,,,
2026-09-15,Vino blanco,10300.0,,0,750.0,10300.0,navarro col. privada chardonnay 750 ml,masxmenos costa rica,10300.0,,,
2026-09-15,Vino blanco,8600.0,,0,750.0,8600.0,vino marina alta blanco 00 - 750 ml,masxmenos costa rica,8600.0,,,
2026-09-15,Vino rosado,5950.0,,0,750.0,5950.0,vino spritz ice giacobazzi - 750 ml,masxmenos costa rica,5950.0,,,
2026-09-15,Vino rosado,14300.0,,0,750.0,14300.0,vino planeta la segreta bianco - 750 ml,masxmenos costa rica,14300.0,,,
2026-09-15,Vino rosado,4400.0,,0,750.0,4400.0,frontera frutal pink paradise 750ml,masxmenos costa rica,4400.0,,,
2026-09-12,Vino tinto,7670.0,,0,750.0,7670.0,douce nature vino tinto pinot noir orgánico 750 ml / 25.36 oz,pricesmart costa rica,7670.0,,,
2026-09-12,Vino tinto,20795.0,,0,2250.0,20795.0,faustino rivero ulecia set vinos rioja 3 unidades / 750 ml,pricesmart costa rica,6931.67,,,
2026-09-12,Vino tinto,12995.0,,0,750.0,12995.0,catena vista flores vino tinto malbec 750 ml,pricesmart costa rica,12995.0,,,
2026-09-12,Vino tinto,14995.0,,0,750.0,14995.0,campo viejo vino tinto reserva 750 ml,pricesmart costa rica,14995.0,,,
2026-09-12,Vino tinto,7495.0,,0,750.0,7495.0,santa rita 120 reserva especial vino tinto 4 unidades / 187.5 ml / 6.3 oz,pricesmart costa rica,7495.0,,,
2026-09-12,Vino tinto,9295.0,,0,750.0,9295.0,baron philippe de rothschild vino tinto cabernet sauvignon 750 ml / 25.36 oz,pricesmart costa rica,9295.0,,,
2026-09-12,Vino tinto,10495.0,,0,750.0,10495.0,m. chapoutier vino tinto côtes du rhône 750 ml / 25.36 oz,pricesmart costa rica,10495.0,,,
2026-09-12,Vino tinto,8795.0,,0,750.0,8795.0,cune vino tinto crianza rioja 750 ml / 25.36 oz,pricesmart costa rica,8795.0,,,
2026-09-12,Frontera,5930.0,,0,750.0,5930.0,vino frontera concha y toro merlot - 750ml,masxmenos costa rica,5930.0,,,
2026-09-12,Frontera,7500.0,,0,1500.0,7500.0,vino frontera merlot -1500 ml,masxmenos costa rica,3750.0,,,
2026-09-12,Frontera,5770.0,,0,750.0,5770.0,vino frontera rosado concha y toro chile - 750 ml,masxmenos costa rica,5770.0,,,
2026-09-11,Vino rosado,3250.0,,0,375.0,3250.0,vino orgánico adobe rosé – 375 ml,masxmenos costa rica,6500.0,,,
2026-09-12,Vino blanco,6110.0,,0,1000.0,6110.0,vino clos de pirque blanco - 1000ml patrocinado,masxmenos costa rica,4582.5,,,
2026-09-12,Vinos general,5800.0,,0,375.0,5800.0,vino orgánico adobe merlot – 375 ml vendido por walmart patrocinado,walmart costa rica,11600.0,,,
2026-09-12,Vino tinto,4795.0,,0,750.0,4795.0,legado muñoz vino tinto tempranillo 750 ml / 25.4 oz,pricesmart costa rica,4795.0,,,
2026-09-12,Vino tinto,15995.0,,0,750.0,15995.0,marqués de riscal vino tinto rioja reserva 750 ml,pricesmart costa rica,15995.0,,,
2026-09-12,Vino tinto,5495.0,,0,750.0,5495.0,finca las moras botella de vino tinto malbec suave al paladar 750 ml / 25.4 oz,pricesmart costa rica,5495.0,,,
2026-09-12,Vino tinto,6495.0,,0,750.0,6495.0,caliterra reserva vino tinto cabernet sauvignon 750 ml,pricesmart costa rica,6495.0,,,
2026-09-12,Vino rosado,9810.0,,0,750.0,9810.0,vino rosado dark horse pinot noir - 750 ml patrocinado,masxmenos costa rica,9810.0,,,
2026-09-12,Vino blanco,5210.0,,0,750.0,5210.0,vino blanco tarapacá pinot grigio - 750 ml,masxmenos costa rica,5210.0,,,
2026-09-12,Vino rosado,9200.0,,0,750.0,9200.0,vino laudum rosado - 750 ml,masxmenos costa rica,9200.0,,,
2026-09-12,Vino blanco,6110.0,,0,750.0,6110.0,vino tinto fantini trebbiano d abruzzo -750ml,masxmenos costa rica,6110.0,,,
2026-09-12,Frontera,5930.0,,0,750.0,5930.0,vino tinto frontera carmenere viñedo protegido por la naturaleza - 750 ml,masxmenos costa rica,5930.0,,,
2026-09-12,Vino rosado,4900.0,,0,750.0,4900.0,vino soupcon de fruit rose d'anjou 2020 - 750 ml patrocinado,masxmenos costa rica,4900.0,,,
2026-09-12,Vino blanco,10300.0,,0,750.0,10300.0,navarro col. privada chardonnay 750 ml,masxmenos costa rica,10300.0,,,
2026-09-11,Vino blanco,4730.0,,0,750.0,4730.0,vino sta rita 3 med bco sauvig 750 ml,masxmenos costa rica,4730.0,,,
2026-09-13,Vino tinto,7500.0,,0,1500.0,7500.0,vino frontera merlot -1500 ml,walmart costa rica,3750.0,,,
2026-09-15,Vinos general,5200.0,,0,750.0,5200.0,vino tinto santa rita 120 carmenere - 750ml vendido por walmart patrocinado,walmart costa rica,5200.0,,,
2026-09-15,Vinos general,7970.0,,0,750.0,7970.0,vino casillero del diablo chardonnay - 750ml vendido por walmart patrocinado,walmart costa rica,7970.0,,,
2026-09-15,Vinos general,8800.0,,0,750.0,8800.0,vino 19 crimes red blend - 750 ml vendido por walmart patrocinado,walmart costa rica,8800.0,,,
2026-09-15,Vinos general,11170.0,,0,750.0,11170.0,vino finca las moras barrel cabernet -750ml vendido por walmart patrocinado,walmart costa rica,11170.0,,,
2026-09-15,Vinos general,7360.0,,0,1500.0,7360.0,vino tinto santa cecilia cabernet sauvignon – 1500 ml,walmart costa rica,3680.0,,,
2026-09-15,Vinos general,9000.0,,0,750.0,9000.0,vino tinto byg merlot reserve - 750ml,walmart costa rica,9000.0,,,
2026-09-15,Vinos general,6570.0,,0,750.0,6570.0,vino tinto casillero del diablo red blend - 750 ml,walmart costa rica,6570.0,,,
2026-09-15,Vinos general,4300.0,,0,750.0,4300.0,vino riunite blanco melocotón - 750 ml,walmart costa rica,4300.0,,,
2026-09-15,Vinos general,4240.0,,0,750.0,4240.0,vino undurraga tinto merlot -750 ml,walmart costa rica,4240.0,,,
2026-09-15,Vinos general,12140.0,,0,750.0,12140.0,vino tinto protos roble botella - 750 ml,walmart costa rica,12140.0,,,
2026-09-15,Vinos general,5120.0,,0,750.0,5120.0,vino tinto undurraga cabernet - 750 ml,walmart costa rica,5120.0,,,
2026-09-15,Vinos general,20760.0,,0,750.0,20760.0,"vino rosado b &amp; g cotes de provence, 2 pack -750 ml",walmart costa rica,20760.0,,,
2026-09-15,Vinos general,8000.0,,0,1125.0,8000.0,vino viñas del tango malbec - 1125 ml,walmart costa rica,5333.33,,,
2026-09-15,Vinos general,5970.0,,0,750.0,5970.0,vino espumoso undurraga brut 750 ml,walmart costa rica,5970.0,,,
2026-09-15,Vinos general,3020.0,,0,750.0,3020.0,vino tinto opera prima merlot - 750 ml,walmart costa rica,3020.0,,,
2026-09-15,Vino blanco,5910.0,,0,750.0,5910.0,vino blanco frontera spritzer chardonnay eldelflower - 750 ml,masxmenos costa rica,5910.0,,,
2026-09-12,Vino blanco,2530.0,,0,750.0,2530.0,vino peter brum liebfraulmil blan - 750ml patrocinado,masxmenos costa rica,2530.0,,,
2026-09-12,Vino blanco,8960.0,,0,1000.0,8960.0,vino don simón premium selección chardonnay - 1000 ml patrocinado,masxmenos costa rica,6720.0,,,
2026-09-12,Frontera,5910.0,,0,750.0,5910.0,vino blanco frontera spritzer chardonnay eldelflower - 750 ml,masxmenos costa rica,5910.0,,,
2026-09-12,Vino tinto,10995.0,,0,750.0,10995.0,marques caceres crianza vino tinto 750 ml / 25.4 oz,pricesmart costa rica,10995.0,,,
2026-09-15,Vino blanco,8.3102,,0,1000.0,8.3102,vino clos de pirque blanco - 1000ml patrocinado,masxmenos costa rica,6.23,,,
2026-09-12,Frontera,4400.0,,0,750.0,4400.0,frontera frutal pink paradise 750ml,masxmenos costa rica,4400.0,,,
2026-09-15,Vino blanco,7040.0,,0,750.0,7040.0,vino blanco carmen frida sauvignon blanc – 750 ml,masxmenos costa rica,7040.0,,,
2026-09-12,Vino tinto,9495.0,,0,750.0,9495.0,apothic vino tinto 750 ml / 25.4 oz,pricesmart costa rica,9495.0,,,
2026-09-12,Vino tinto,5495.0,,0,750.0,5495.0,manischewitz concord grape vino tinto 750 ml / 25.36 oz,pricesmart costa rica,5495.0,,,
2026-09-15,Vino blanco,8020.0,,0,750.0,8020.0,vino maipo sauvignon blanco clasic series -750 ml patrocinado,masxmenos costa rica,8020.0,,,
2026-09-15,Vino blanco,3380.0,,0,750.0,3380.0,vino blanco fantini terre siciliante pinot grigio - 750 ml patrocinado,masxmenos costa rica,3380.0,,,
2026-09-15,Vino blanco,6110.0,,0,1000.0,6110.0,vino don simón premium selección chardonnay - 1000 ml patrocinado,masxmenos costa rica,4582.5,,,
2026-09-15,Vino blanco,2530.0,,0,750.0,2530.0,vino peter brum liebfraulmil blan - 750ml patrocinado,masxmenos costa rica,2530.0,,,
2026-09-12,Vino blanco,8600.0,,0,750.0,8600.0,vino marina alta blanco 00 - 750 ml,masxmenos costa rica,8600.0,,,
2026-09-12,Vino tinto,8795.0,,0,1500.0,8795.0,montepulciano vino tinto de frutos rojos 1.5 l / 51 oz,pricesmart costa rica,4397.5,,,
2026-09-12,Vino tinto,9795.0,,0,750.0,9795.0,cantina fiorentino primitivo salento vino tinto 750 ml,pricesmart costa rica,9795.0,,,
2026-09-15,Vino tinto,11630.0,,0,750.0,11630.0,navarro colección privada vero faraone malbec - 750ml,walmart costa rica,11630.0,,,
2026-09-14,Vino rosado,5995.0,,0,750.0,5995.0,woodbridge vino rosado zinfandel 750 ml,pricesmart costa rica,5995.0,,,
2026-09-14,Vino rosado,8795.0,,0,750.0,8795.0,taanug vino rosado francés aroma a fresas 750 ml,pricesmart costa rica,8795.0,,,
2026-09-14,Vino rosado,7495.01,,0,750.0,7495.01,calvet rose d'anjou vino rosado 750 ml / 25.4 oz,pricesmart costa rica,7495.01,,,
2026-09-14,Vino rosado,3970.0,,0,750.0,3970.0,viña esmeralda vino rosado español aroma frutal 750 ml,pricesmart costa rica,3970.0,,,
2026-09-14,Vino rosado,13995.0,,0,750.0,13995.0,pasqua 11 minutes vino rosado 750 ml,pricesmart costa rica,13995.0,,,
2026-09-14,Vino rosado,12470.0,,0,750.0,12470.0,the beach by whispering angel vino rosado francés 750 ml,pricesmart costa rica,12470.0,,,
2026-09-14,Vino rosado,7795.0,,0,750.0,7795.0,soupçon de fruit rosé d'anjou botella de vino rosado 750 ml / 25.4 oz,pricesmart costa rica,7795.0,,,
2026-09-14,Vino rosado,5795.0,,0,750.0,5795.0,astoria prosecco rosé vino rosado 750 ml / 25.4 oz,pricesmart costa rica,5795.0,,,
2026-09-14,Vino rosado,6370.0,,0,750.0,6370.0,pack jp chenet rosé dry vino espumoso 750 ml + chocolate vizzio 70 g,pricesmart costa rica,6370.0,,,
2026-09-15,Vino tinto,3340.0,,0,1000.0,3340.0,vino clos de pirque cabernet sauvignon - 1000ml vendido por walmart patrocinado,walmart costa rica,2505.0,,,
2026-09-15,Vino tinto,2300.0,,0,1000.0,2300.0,vino clos de pirque tinto merlot - 1000ml vendido por walmart patrocinado,walmart costa rica,1725.0,,,
2026-09-15,Vino tinto,11500.0,,0,750.0,11500.0,vino tinto luigi bosca malbec - 750 ml,walmart costa rica,11500.0,,,
2026-09-15,Vino tinto,9930.0,,0,750.0,9930.0,vino blanco marques de riscal verdejo - 750 ml,walmart costa rica,9930.0,,,
2026-09-15,Vino tinto,2590.0,,0,1000.0,2590.0,vino tinto don simón premium cabernet - 1 l,walmart costa rica,1942.5,,,
2026-09-15,Vino tinto,3250.0,,0,375.0,3250.0,vino orgánico adobe cabernet sauvignon - 375 ml,walmart costa rica,6500.0,,,
2026-09-15,Vinos general,3250.0,,0,375.0,3250.0,vino orgánico adobe merlot – 375 ml,walmart costa rica,6500.0,,,
2026-09-15,Vinos general,5800.0,,0,750.0,5800.0,frontera cabernet sauvignon 750ml,walmart costa rica,5800.0,,,
2026-09-12,Vino tinto,5795.0,,0,750.0,5795.0,rioja próximo tempranillo vino tinto 750 ml / 25.4 oz,pricesmart costa rica,5795.0,,,
2026-09-12,Vino rosado,8020.0,,0,750.0,8020.0,vino rosado frontera gently bubbly spritzer roses -750 ml patrocinado,masxmenos costa rica,8020.0,,,
2026-09-12,Vino rosado,5640.0,,0,750.0,5640.0,vino rosado trapiche vineyards argentino - 750 ml,masxmenos costa rica,5640.0,,,
2026-09-12,Frontera,6070.0,,0,750.0,6070.0,vino blanco frontera chardonnay viñedo protegido por la naturaleza - 750 ml,masxmenos costa rica,6070.0,,,
2026-09-12,Frontera,6070.0,,0,750.0,6070.0,vino frontera blanco sauvignon concha y toro - 750 ml,masxmenos costa rica,6070.0,,,
2026-09-15,Vino tinto,3870.0,,0,750.0,3870.0,vino santa cecilia tinto cabernet sauvignon -750 ml,walmart costa rica,3870.0,,,
2026-09-15,Vino blanco,3380.0,,0,750.0,3380.0,vino maipo sauvignon blanco clasic series -750 ml,masxmenos costa rica,3380.0,,,
2026-09-15,Vinos general,5800.0,,0,375.0,5800.0,vino orgánico adobe merlot – 375 ml vendido por walmart patrocinado,walmart costa rica,11600.0,,,
2026-09-12,Vino blanco,5600.0,,0,750.0,5600.0,vino blanco blue nun authentic white- 750ml patrocinado,masxmenos costa rica,5600.0,,,
2026-09-15,Vino tinto,5480.0,,0,750.0,5480.0,vino blanco trapiche pinot grigio -750ml,walmart costa rica,5480.0,,,
2026-09-15,Vino blanco,8020.0,,0,750.0,8020.0,vino marques de caceres blanco 750ml,masxmenos costa rica,8020.0,,,
2026-09-12,Vino blanco,6830.0,,0,750.0,6830.0,vino blanco protos verdejo criado sobre lias finas - 750 ml patrocinado,masxmenos costa rica,6830.0,,,
2026-09-12,Vino rosado,9790.0,,0,375.0,9790.0,vino orgánico adobe rosé – 375 ml patrocinado,masxmenos costa rica,19580.0,,,
2026-09-12,Vino rosado,11180.0,,0,750.0,11180.0,vino rosado ijalba rioja eco -750ml patrocinado,masxmenos costa rica,11180.0,,,
2026-09-15,Vino rosado,5220.0,,0,750.0,5220.0,vino dulce rosado st. helena – 750 ml,masxmenos costa rica,5220.0,,,
2026-09-15,Frontera,5930.0,,0,750.0,5930.0,vino frontera blanco sauvignon concha y toro - 750 ml patrocinado,masxmenos costa rica,5930.0,,,
2026-09-15,Frontera,6070.0,,0,750.0,6070.0,vino rosado frontera gently bubbly spritzer roses -750 ml patrocinado,masxmenos costa rica,6070.0,,,
2026-09-15,Vino blanco,7495.0,,0,750.0,7495.0,protos verdejo vino blanco 750 ml,pricesmart costa rica,7495.0,,,
2026-09-12,Vino tinto,11495.0,,0,750.0,11495.0,ramon bilbao vino tinto crianza 750 ml,pricesmart costa rica,11495.0,,,
2026-09-14,Vino tinto,13795.0,,0,3000.0,13795.0,carlo rossi vino tinto cuerpo medio 3 l / 101.4 oz,pricesmart costa rica,3448.75,,,
2026-09-14,Vino tinto,7795.0,,0,1500.0,7795.0,frontera merlot vino tinto chileno botella de 1.5 l / 51 oz,pricesmart costa rica,3897.5,,,
2026-09-14,Vino tinto,7495.0,,0,750.0,7495.0,alamos vino tinto malbec 750 ml,pricesmart costa rica,7495.0,,,
2026-09-14,Vino tinto,8795.0,,0,750.0,8795.0,hacienda lópez de haro vino crianza 750 ml,pricesmart costa rica,8795.0,,,
2026-09-14,Vino tinto,15495.0,,0,750.0,15495.0,muga vino tinto español el anden de la estación 750 ml,pricesmart costa rica,15495.0,,,
2026-09-14,Vino tinto,4795.0,,0,750.0,4795.0,legado muñoz vino tinto tempranillo 750 ml / 25.4 oz,pricesmart costa rica,4795.0,,,
2026-09-14,Vino tinto,15995.0,,0,750.0,15995.0,marqués de riscal vino tinto rioja reserva 750 ml,pricesmart costa rica,15995.0,,,
2026-09-14,Vino tinto,5495.0,,0,750.0,5495.0,finca las moras botella de vino tinto malbec suave al paladar 750 ml / 25.4 oz,pricesmart costa rica,5495.0,,,
2026-09-14,Vino tinto,14970.0,,0,750.0,14970.0,viña alberdi vino tinto tempranillo crianza 750 ml / 25.36 oz,pricesmart costa rica,14970.0,,,
2026-09-14,Vino tinto,4970.0,,0,750.0,4970.0,arrogante frog cabernet sauvignon merlot vino tinto 750 ml,pricesmart costa rica,4970.0,,,
2026-09-14,Vino tinto,6795.0,,0,1500.0,6795.0,gato negro cabernet sauvignon vino tinto 1.5 l / 51 oz,pricesmart costa rica,3397.5,,,
2026-09-15,Vino tinto,7500.0,,0,750.0,7500.0,vino tinto contenda merlot - 750 ml vendido por walmart patrocinado,walmart costa rica,7500.0,,,
2026-09-15,Vino tinto,11630.0,,0,1500.0,11630.0,vino frontera merlot -1500 ml vendido por walmart patrocinado,walmart costa rica,5815.0,,,
2026-09-12,Vino rosado,10000.0,,0,750.0,10000.0,vino rose carnivor apothic - 750 ml patrocinado,masxmenos costa rica,10000.0,,,
2026-09-15,Vinos general,8800.0,,0,750.0,8800.0,vino casillero del diablo chardonnay - 750ml,walmart costa rica,8800.0,,,
2026-09-14,Vino tinto,9470.0,,0,750.0,9470.0,montecillo rioja crianza vino tinto 750 ml,pricesmart costa rica,9470.0,,,
2026-09-12,Vino rosado,5220.0,,0,750.0,5220.0,vino mr wild org rose 750 ml patrocinado,masxmenos costa rica,5220.0,,,
2026-09-15,Frontera,5930.0,,0,1500.0,5930.0,vino frontera merlot -1500 ml patrocinado,masxmenos costa rica,2965.0,,,
2026-09-15,Vinos general,7970.0,,0,750.0,7970.0,vino tinto santa rita 120 carmenere - 750ml,walmart costa rica,7970.0,,,
2026-09-14,Vino rosado,9810.0,,0,750.0,9810.0,"vino rosado freixenet, ice rose -750 ml patrocinado",masxmenos costa rica,9810.0,,,
2026-09-14,Vino blanco,7795.0,,0,750.0,7795.0,pasqua vino blanco pinot grigio 750 ml / 25.36 oz,pricesmart costa rica,7795.0,,,
2026-09-14,Vino blanco,3795.0,,0,750.0,3795.0,reguta vino prosecco extra seco italiano 750 ml / 25.36 oz,pricesmart costa rica,3795.0,,,
2026-09-14,Vino blanco,7995.0,,0,750.0,7995.0,marqués de riscal vino blanco 750 ml,pricesmart costa rica,7995.0,,,
2026-09-14,Vino blanco,2395.0,,0,750.0,2395.0,loma negra chardonnay classic vino blanco 750 ml / 25.4 oz,pricesmart costa rica,2395.0,,,
2026-09-14,Vino tinto,7795.0,,0,750.0,7795.0,arrogant frog pinot noir vino tinto 750 ml,pricesmart costa rica,7795.0,,,
2026-09-14,Vino tinto,5995.0,,0,750.0,5995.0,misiones de rengo vino tinto cabernet sauvignon 750 ml / 25.36 oz,pricesmart costa rica,5995.0,,,
2026-09-12,Vino rosado,11540.0,,0,750.0,11540.0,"vino rosado freixenet, ice rose -750 ml patrocinado",masxmenos costa rica,11540.0,,,
2026-09-15,Frontera,9380.0,,0,750.0,9380.0,vino frontera concha y toro merlot - 750ml patrocinado,masxmenos costa rica,9380.0,,,
2026-09-15,Frontera,6070.0,,0,750.0,6070.0,vino blanco frontera spritzer chardonnay eldelflower - 750 ml patrocinado,masxmenos costa rica,6070.0,,,
2026-09-12,Vino tinto,7495.0,,0,3000.0,7495.0,clos de pirque vino tinto cabernet sauvignon 3 unidades / 1 l,pricesmart costa rica,1873.75,,,
2026-09-15,Frontera,4400.0,,0,750.0,4400.0,frontera frutal pink paradise 750ml,masxmenos costa rica,4400.0,,,
2026-09-14,Vino rosado,8020.0,,0,750.0,8020.0,vino rosado frontera gently bubbly spritzer roses -750 ml patrocinado,masxmenos costa rica,8020.0,,,
2026-09-14,Vino rosado,5770.0,,0,750.0,5770.0,vino marques de caceres rosado rioja - 750ml patrocinado,masxmenos costa rica,5770.0,,,
2026-09-14,Vino rosado,8670.0,,0,750.0,8670.0,vino rosado cune bailarina 750mlx6,masxmenos costa rica,8670.0,,,
2026-09-14,Frontera,4400.0,,0,750.0,4400.0,frontera frutal pink paradise 750ml,masxmenos costa rica,4400.0,,,
2026-09-14,Vino rosado,10810.0,,0,750.0,10810.0,vino rosado canti prosecco - 750 ml,masxmenos costa rica,10810.0,,,
2026-09-14,Vino rosado,5200.0,,0,750.0,5200.0,vino cavicchioli lambrusco rosato dulce - 750 ml,masxmenos costa rica,5200.0,,,
2026-09-14,Vino rosado,5220.0,,0,750.0,5220.0,vino dulce rosado st. helena – 750 ml,masxmenos costa rica,5220.0,,,
2026-09-14,Vino rosado,11540.0,,0,750.0,11540.0,vino rosado dark horse pinot noir - 750 ml,masxmenos costa rica,11540.0,,,
2026-09-14,Vino rosado,5950.0,,0,750.0,5950.0,vino spritz ice giacobazzi - 750 ml,masxmenos costa rica,5950.0,,,
2026-09-14,Vino rosado,14300.0,,0,750.0,14300.0,vino planeta la segreta bianco - 750 ml,masxmenos costa rica,14300.0,,,
2026-09-14,Vino rosado,9200.0,,0,750.0,9200.0,vino laudum chardonnay - 750 ml,masxmenos costa rica,9200.0,,,
2026-09-14,Frontera,5910.0,,0,750.0,5910.0,vino blanco frontera spritzer chardonnay eldelflower - 750 ml,masxmenos costa rica,5910.0,,,
2026-09-14,Vino tinto,9795.0,,0,750.0,9795.0,el coto crianza rioja vino tinto tempranillo 750 ml,pricesmart costa rica,9795.0,,,
2026-09-14,Vino tinto,10495.0,,0,750.0,10495.0,montes limited selection vino cabernet sauvignon camenère 750 ml / 25.3 oz,pricesmart costa rica,10495.0,,,
2026-09-14,Vino tinto,11995.0,,0,750.0,11995.0,pasqua zin primitivo vino tinto 750 ml,pricesmart costa rica,11995.0,,,
2026-09-14,Vino tinto,14295.0,,0,750.0,14295.0,bin 27 vino tinto reserve port fonseca 750 ml / 25.36 oz,pricesmart costa rica,14295.0,,,
2026-09-14,Vino tinto,7495.0,,0,3000.0,7495.0,clos de pirque vino tinto cabernet sauvignon 3 unidades / 1 l,pricesmart costa rica,1873.75,,,
2026-09-15,Vino rosado,5995.0,,0,750.0,5995.0,woodbridge vino rosado zinfandel 750 ml,pricesmart costa rica,5995.0,,,
2026-09-12,Frontera,7500.0,,0,750.0,7500.0,vino frontera rosado concha y toro chile - 750 ml patrocinado,masxmenos costa rica,7500.0,,,
2026-09-14,Vino tinto,4995.0,,0,750.0,4995.0,real compañia vino tinto tempranillo botella de 750 ml / 25.4 oz,pricesmart costa rica,4995.0,,,
2026-09-15,Vino blanco,3970.0,,0,750.0,3970.0,protocolo vino blanco español 750 ml,pricesmart costa rica,3970.0,,,
2026-09-14,Vino tinto,8795.0,,0,1500.0,8795.0,montepulciano vino tinto de frutos rojos 1.5 l / 51 oz,pricesmart costa rica,4397.5,,,
2026-09-14,Vino tinto,5495.0,,0,750.0,5495.0,manischewitz concord grape vino tinto 750 ml / 25.36 oz,pricesmart costa rica,5495.0,,,
2026-09-14,Vino tinto,5795.0,,0,750.0,5795.0,rioja próximo tempranillo vino tinto 750 ml / 25.4 oz,pricesmart costa rica,5795.0,,,
2026-09-14,Vino tinto,9495.0,,0,750.0,9495.0,apothic vino tinto 750 ml / 25.4 oz,pricesmart costa rica,9495.0,,,
2026-09-14,Vino tinto,10995.0,,0,750.0,10995.0,marques caceres crianza vino tinto 750 ml / 25.4 oz,pricesmart costa rica,10995.0,,,
2026-09-14,Vino tinto,6495.0,,0,750.0,6495.0,santa rita 120 carmenere vino tinto 750 ml,pricesmart costa rica,6495.0,,,
2026-09-12,Frontera,9380.0,,0,750.0,9380.0,vino frontera concha y toro merlot - 750ml patrocinado,masxmenos costa rica,9380.0,,,
2026-09-15,Vino rosado,5220.0,,0,750.0,5220.0,vino mr wild org rose 750 ml patrocinado,masxmenos costa rica,5220.0,,,
2026-09-14,Vino tinto,20795.0,,0,2250.0,20795.0,faustino rivero ulecia set vinos rioja 3 unidades / 750 ml,pricesmart costa rica,6931.67,,,
2026-09-14,Vino tinto,12995.0,,0,750.0,12995.0,catena vista flores vino tinto malbec 750 ml,pricesmart costa rica,12995.0,,,
2026-09-14,Vino tinto,14995.0,,0,750.0,14995.0,campo viejo vino tinto reserva 750 ml,pricesmart costa rica,14995.0,,,
2026-09-14,Vino tinto,7495.0,,0,750.0,7495.0,santa rita 120 reserva especial vino tinto 4 unidades / 187.5 ml / 6.3 oz,pricesmart costa rica,7495.0,,,
2026-09-14,Vino tinto,9295.0,,0,750.0,9295.0,baron philippe de rothschild vino tinto cabernet sauvignon 750 ml / 25.36 oz,pricesmart costa rica,9295.0,,,
2026-09-14,Vino tinto,10495.0,,0,750.0,10495.0,m. chapoutier vino tinto côtes du rhône 750 ml / 25.36 oz,pricesmart costa rica,10495.0,,,
2026-09-14,Vino tinto,8795.0,,0,750.0,8795.0,cune vino tinto crianza rioja 750 ml / 25.36 oz,pricesmart costa rica,8795.0,,,
2026-09-12,Vino tinto,6795.0,,0,1500.0,6795.0,twin view estates cabernet sauvignon vino tinto 1.5 l,pricesmart costa rica,3397.5,,,
2026-09-16,Frontera,4400.0,,0,750.0,4400.0,frontera frutal pink paradise 750ml,masxmenos costa rica,4400.0,,,
2026-09-12,Vino tinto,4995.0,,0,750.0,4995.0,real compañia vino tinto tempranillo botella de 750 ml / 25.4 oz,pricesmart costa rica,4995.0,,,
2026-09-12,Vino tinto,13795.0,,0,3000.0,13795.0,carlo rossi vino tinto cuerpo medio 3 l / 101.4 oz,pricesmart costa rica,3448.75,,,
2026-09-12,Vino tinto,7795.0,,0,1500.0,7795.0,frontera merlot vino tinto chileno botella de 1.5 l / 51 oz,pricesmart costa rica,3897.5,,,
2026-09-12,Vino tinto,7495.0,,0,750.0,7495.0,alamos vino tinto malbec 750 ml,pricesmart costa rica,7495.0,,,
2026-09-15,Vino rosado,8020.0,,0,750.0,8020.0,vino rosado frontera gently bubbly spritzer roses -750 ml patrocinado,masxmenos costa rica,8020.0,,,
2026-09-15,Vino rosado,5770.0,,0,750.0,5770.0,vino marques de caceres rosado rioja - 750ml patrocinado,masxmenos costa rica,5770.0,,,
2026-09-14,Vino rosado,9810.0,,0,750.0,9810.0,vino les jamelles petite rosado - 750 ml,masxmenos costa rica,9810.0,,,
2026-09-14,Vino rosado,10000.0,,0,750.0,10000.0,"vino rosado freixenet, ice rose -750 ml",masxmenos costa rica,10000.0,,,
2026-09-14,Vino rosado,14590.0,,0,750.0,14590.0,vino rose carnivor apothic - 750 ml,masxmenos costa rica,14590.0,,,
2026-09-15,Vino tinto,4.6502,,0,750.0,4.6502,vino frontera frutal tinto de verano manzana naranja - 750 ml vendido por walmart patrocinado,walmart costa rica,4.65,,,
2026-09-15,Vino blanco,5600.0,,0,750.0,5600.0,vino blanco blue nun authentic white- 750ml patrocinado,masxmenos costa rica,5600.0,,,
2026-09-15,Vino blanco,6830.0,,0,750.0,6830.0,vino blanco protos verdejo criado sobre lias finas - 750 ml patrocinado,masxmenos costa rica,6830.0,,,
2026-09-14,Vino blanco,5495.0,,0,750.0,5495.0,las moras pinot grigio vino blanco botella de 750 ml / 25.4 oz,pricesmart costa rica,5495.0,,,
2026-09-14,Vino blanco,8960.0,,0,750.0,8960.0,vino contenda sauvignon blanc - 750 ml patrocinado,masxmenos costa rica,8960.0,,,
2026-09-14,Vino blanco,7495.0,,0,3000.0,7495.0,clos de pirque vino blanco 3 unidades / 1 l,pricesmart costa rica,1873.75,,,
2026-09-12,Frontera,5770.0,,0,750.0,5770.0,vino rosado frontera gently bubbly spritzer roses -750 ml,masxmenos costa rica,5770.0,,,
2026-09-15,Vinos general,5670.0,,0,750.0,5670.0,vino tinto robert mondavi mondavi cabernet sauvignon - 750 ml vendido por walmart patrocinado,walmart costa rica,5670.0,,,
2026-09-15,Vino blanco,2600.0,,0,375.0,2600.0,vino adobe chardonnay orgánico -375 ml patrocinado,masxmenos costa rica,5200.0,,,
2026-09-15,Vino blanco,4900.0,,0,750.0,4900.0,vino marques de caceres blanco 750ml patrocinado,masxmenos costa rica,4900.0,,,
2026-09-15,Vino tinto,4400.0,,0,750.0,4400.0,vino clos dp cabernet tinto sauvignon - 2000ml vendido por walmart patrocinado,walmart costa rica,4400.0,,,
2026-09-12,Vino blanco,8.3102,,0,750.0,8.3102,vino blanco fantini terre siciliante pinot grigio - 750 ml patrocinado,masxmenos costa rica,8.31,,,
2026-09-14,Vino blanco,2600.0,,0,375.0,2600.0,vino adobe chardonnay orgánico -375 ml patrocinado,masxmenos costa rica,5200.0,,,
2026-09-14,Vino blanco,4900.0,,0,750.0,4900.0,vino marques de caceres blanco 750ml patrocinado,masxmenos costa rica,4900.0,,,
2026-09-15,Vinos general,5000.0,,0,750.0,5000.0,vino pata negra valdepenas crianza - 750 ml vendido por walmart patrocinado,walmart costa rica,5000.0,,,
2026-09-15,Vino tinto,2580.0,,0,750.0,2580.0,vino tinto don simón tempranillo -750 ml vendido por walmart patrocinado,walmart costa rica,2580.0,,,
2026-09-14,Frontera,6070.0,,0,750.0,6070.0,vino blanco frontera spritzer chardonnay eldelflower - 750 ml patrocinado,masxmenos costa rica,6070.0,,,
2026-09-14,Frontera,4200.0,,0,750.0,4200.0,"vinos sub-categoría vino tinto vino blanco vino rosado departamento cervezas, vinos y licores rebaja exclusiva en línea rangos de precio",masxmenos costa rica,4200.0,,,
2026-09-14,Frontera,4400.0,,0,750.0,4400.0,vino frontera frutal tropical mango maracuyá - 750 ml,masxmenos costa rica,4400.0,,,
2026-09-14,Frontera,6070.0,,0,750.0,6070.0,vino blanco frontera chardonnay viñedo protegido por la naturaleza - 750 ml,masxmenos costa rica,6070.0,,,
2026-09-14,Vino rosado,8020.0,,0,750.0,8020.0,vino soupcon de fruit rose d&apos;anjou 2020 - 750 ml,masxmenos costa rica,8020.0,,,
2026-09-14,Vino rosado,9790.0,,0,375.0,9790.0,vino orgánico adobe rosé – 375 ml patrocinado,masxmenos costa rica,19580.0,,,
2026-09-14,Vino rosado,4900.0,,0,750.0,4900.0,vino soupcon de fruit rose d'anjou 2020 - 750 ml patrocinado,masxmenos costa rica,4900.0,,,
2026-09-15,Vino tinto,1980.0,,0,750.0,1980.0,vino viña maipo clasic series merlot - 750 ml vendido por walmart patrocinado,walmart costa rica,1980.0,,,
2026-09-14,Frontera,9120.0,,0,1500.0,9120.0,vino blanco frontera sauvignon blanc - 1500 ml,masxmenos costa rica,4560.0,,,
2026-09-14,Vino rosado,11200.0,,0,750.0,11200.0,vino làudum barrica - 750 ml,masxmenos costa rica,11200.0,,,
2026-09-14,Vino rosado,11200.0,,0,750.0,11200.0,vino làudum reserva - 750 ml,masxmenos costa rica,11200.0,,,
2026-09-14,Vino blanco,11560.0,,0,1500.0,11560.0,vino blanco pasqua pinot grigio -1500ml,masxmenos costa rica,5780.0,,,
2026-09-14,Frontera,5770.0,,0,750.0,5770.0,vino rosado frontera gently bubbly spritzer roses -750 ml,masxmenos costa rica,5770.0,,,
2026-09-14,Vino tinto,9795.0,,0,750.0,9795.0,cantina fiorentino primitivo salento vino tinto 750 ml,pricesmart costa rica,9795.0,,,
2026-09-14,Vino tinto,6495.0,,0,750.0,6495.0,caliterra reserva vino tinto cabernet sauvignon 750 ml,pricesmart costa rica,6495.0,,,
2026-09-14,Vino tinto,2395.0,,0,750.0,2395.0,loma negra vino tinto merlot 750 ml / 25.4 oz,pricesmart costa rica,2395.0,,,
2026-09-15,Vino rosado,3250.0,,0,375.0,3250.0,vino orgánico adobe rosé – 375 ml,masxmenos costa rica,6500.0,,,
2026-09-14,Vinos general,8800.0,,0,750.0,8800.0,vino 19 crimes red blend - 750 ml vendido por walmart patrocinado,walmart costa rica,8800.0,,,
2026-09-14,Frontera,5930.0,,0,1500.0,5930.0,vino frontera tinto concha y toro cabernet - 1500 ml patrocinado,masxmenos costa rica,2965.0,,,
2026-09-14,Vino blanco,8960.0,,0,750.0,8960.0,vino blanco trivento malbec reserva 2022 - 750 ml,masxmenos costa rica,8960.0,,,
2026-09-12,Vino tinto,15495.0,,0,750.0,15495.0,muga vino tinto español el anden de la estación 750 ml,pricesmart costa rica,15495.0,,,
2026-09-14,Vino blanco,3250.0,,0,375.0,3250.0,vino adobe chardonnay orgánico -375 ml,masxmenos costa rica,6500.0,,,
2026-09-14,Frontera,5930.0,,0,750.0,5930.0,vino frontera blanco sauvignon concha y toro - 750 ml patrocinado,masxmenos costa rica,5930.0,,,
2026-09-14,Frontera,6070.0,,0,750.0,6070.0,vino rosado frontera gently bubbly spritzer roses -750 ml patrocinado,masxmenos costa rica,6070.0,,,
2026-09-14,Frontera,5770.0,,0,750.0,5770.0,vino blanco frontera chardonnay viñedo protegido por la naturaleza - 750 ml patrocinado,masxmenos costa rica,5770.0,,,
2026-09-14,Vino tinto,3770.0,,0,750.0,3770.0,mantrús crianza vino tinto 750 ml / 25.36 oz,pricesmart costa rica,3770.0,,,
2026-09-12,Vino tinto,8795.0,,0,750.0,8795.0,hacienda lópez de haro vino crianza 750 ml,pricesmart costa rica,8795.0,,,
2026-09-14,Vino blanco,2600.0,,0,750.0,2600.0,vino contenda sauvignon blanc - 750 ml,masxmenos costa rica,2600.0,,,
2026-09-14,Vino tinto,20995.0,,0,750.0,20995.0,pulenta estate malbec vino tinto 750 ml,pricesmart costa rica,20995.0,,,
2026-09-14,Vino tinto,9930.0,,0,750.0,9930.0,vino blanco marques de riscal verdejo - 750 ml,walmart costa rica,9930.0,,,
2026-09-14,Vino tinto,3250.0,,0,375.0,3250.0,vino orgánico adobe cabernet sauvignon - 375 ml,walmart costa rica,6500.0,,,
2026-09-14,Vino tinto,5480.0,,0,750.0,5480.0,vino blanco trapiche pinot grigio -750ml,walmart costa rica,5480.0,,,
2026-09-14,Vino tinto,7500.0,,0,1500.0,7500.0,vino viña maipo varietal merlot 1.5l,walmart costa rica,3750.0,,,
2026-09-14,Vino tinto,3830.0,,0,750.0,3830.0,vino tinto teber dulce - 750ml,walmart costa rica,3830.0,,,
2026-09-14,Vino tinto,3870.0,,0,750.0,3870.0,vino santa cecilia tinto cabernet sauvignon -750 ml,walmart costa rica,3870.0,,,
2026-09-14,Vino tinto,3340.0,,0,750.0,3340.0,vino viña maipo classic series cabernet sauvignon -750 ml,walmart costa rica,3340.0,,,
2026-09-14,Vino tinto,10010.0,,0,750.0,10010.0,vino fantini montepulciano d abruzzo 1500ml,walmart costa rica,10010.0,,,
2026-09-14,Vino tinto,4400.0,,0,750.0,4400.0,vino frontera frutal tinto de verano manzana naranja - 750 ml,walmart costa rica,4400.0,,,
2026-09-14,Vino tinto,4650.0,,0,1000.0,4650.0,2 pack sangria peñasol tinta -1000ml,walmart costa rica,3487.5,,,
2026-09-14,Vino tinto,4680.0,,0,750.0,4680.0,vino clos dp cabernet tinto sauvignon - 2000ml,walmart costa rica,4680.0,,,
2026-09-14,Vino tinto,11630.0,,0,750.0,11630.0,navarro colección privada vero faraone malbec - 750ml,walmart costa rica,11630.0,,,
2026-09-14,Vino tinto,7500.0,,0,1500.0,7500.0,vino frontera merlot -1500 ml,walmart costa rica,3750.0,,,
2026-09-14,Vino tinto,2580.0,,0,750.0,2580.0,vino tinto contenda merlot - 750 ml,walmart costa rica,2580.0,,,
2026-09-14,Vino tinto,1980.0,,0,750.0,1980.0,vino tinto don simón tempranillo -750 ml,walmart costa rica,1980.0,,,
2026-09-14,Vino tinto,3340.0,,0,750.0,3340.0,vino viña maipo clasic series merlot - 750 ml,walmart costa rica,3340.0,,,
2026-09-15,Vinos general,11170.0,,0,750.0,11170.0,vino 19 crimes red blend - 750 ml,walmart costa rica,11170.0,,,
2026-09-15,Vinos general,7560.0,,0,750.0,7560.0,vino finca las moras barrel cabernet -750ml,walmart costa rica,7560.0,,,
2026-09-14,Frontera,8940.0,,0,750.0,8940.0,vino frontera chardonnay - 1500ml,masxmenos costa rica,8940.0,,,
2026-09-14,Vino blanco,5600.0,,0,750.0,5600.0,vino blanco fantini terre siciliante pinot grigio - 750 ml patrocinado,masxmenos costa rica,5600.0,,,
2026-09-14,Vinos general,8000.0,,0,1125.0,8000.0,vino viñas del tango malbec - 1125 ml,walmart costa rica,5333.33,,,
2026-09-14,Vino rosado,12700.0,,0,750.0,12700.0,vino làudum gran reserva - 750 ml,masxmenos costa rica,12700.0,,,
2026-09-14,Vino blanco,5495.0,,0,750.0,5495.0,casal mendes vino verde 750 ml / 25.4 oz,pricesmart costa rica,5495.0,,,
2026-09-14,Vino rosado,5770.0,,0,750.0,5770.0,vino rosado frontera gently bubbly spritzer roses -750 ml,masxmenos costa rica,5770.0,,,
2026-09-14,Vino blanco,5210.0,,0,750.0,5210.0,vino blanco tarapacá pinot grigio - 750 ml,masxmenos costa rica,5210.0,,,
2026-09-14,Vino blanco,7040.0,,0,750.0,7040.0,vino blanco carmen frida sauvignon blanc – 750 ml,masxmenos costa rica,7040.0,,,
2026-09-14,Vino blanco,4730.0,,0,750.0,4730.0,vino sta rita 3 med bco sauvig 750 ml,masxmenos costa rica,4730.0,,,
2026-09-14,Vinos general,5000.0,,0,750.0,5000.0,vino tinto trapiche vineyards malbec - 750 ml,walmart costa rica,5000.0,,,
2026-09-14,Vinos general,13960.0,,0,750.0,13960.0,vino tinto robert mondavi mondavi cabernet sauvignon - 750 ml,walmart costa rica,13960.0,,,
2026-09-14,Vinos general,5800.0,,0,750.0,5800.0,frontera cabernet sauvignon 750ml,walmart costa rica,5800.0,,,
2026-09-14,Vino rosado,10000.0,,0,750.0,10000.0,vino rose carnivor apothic - 750 ml patrocinado,masxmenos costa rica,10000.0,,,
2026-09-14,Vino rosado,3250.0,,0,375.0,3250.0,vino orgánico adobe rosé – 375 ml,masxmenos costa rica,6500.0,,,
2026-09-15,Vino blanco,4730.0,,0,750.0,4730.0,vino sta rita 3 med bco sauvig 750 ml,masxmenos costa rica,4730.0,,,
2026-09-15,Vino blanco,2600.0,,0,750.0,2600.0,vino contenda sauvignon blanc - 750 ml,masxmenos costa rica,2600.0,,,
2026-09-14,Vinos general,9000.0,,0,750.0,9000.0,vino tinto byg merlot reserve - 750ml,walmart costa rica,9000.0,,,
2026-09-14,Vinos general,6570.0,,0,750.0,6570.0,vino tinto casillero del diablo red blend - 750 ml,walmart costa rica,6570.0,,,
2026-09-14,Vinos general,4300.0,,0,750.0,4300.0,vino riunite blanco melocotón - 750 ml,walmart costa rica,4300.0,,,
2026-09-14,Vinos general,4240.0,,0,750.0,4240.0,vino undurraga tinto merlot -750 ml,walmart costa rica,4240.0,,,
2026-09-14,Vinos general,12140.0,,0,750.0,12140.0,vino tinto protos roble botella - 750 ml,walmart costa rica,12140.0,,,
2026-09-14,Vinos general,5120.0,,0,750.0,5120.0,vino tinto undurraga cabernet - 750 ml,walmart costa rica,5120.0,,,
2026-09-15,Vinos general,4400.0,,0,750.0,4400.0,frontera frutal pink paradise 750ml,walmart costa rica,4400.0,,,
2026-09-14,Frontera,5930.0,,0,750.0,5930.0,frontera cabernet sauvignon 750ml,masxmenos costa rica,5930.0,,,
2026-09-14,Frontera,9380.0,,0,1500.0,9380.0,vino frontera tinto concha y toro cabernet - 1500 ml,masxmenos costa rica,4690.0,,,
2026-09-14,Frontera,5930.0,,0,750.0,5930.0,vino frontera concha y toro merlot - 750ml,masxmenos costa rica,5930.0,,,
2026-09-14,Frontera,5770.0,,0,750.0,5770.0,vino frontera rosado concha y toro chile - 750 ml,masxmenos costa rica,5770.0,,,
2026-09-14,Frontera,5930.0,,0,750.0,5930.0,vino tinto frontera carmenere viñedo protegido por la naturaleza - 750 ml,masxmenos costa rica,5930.0,,,
2026-09-14,Frontera,6070.0,,0,750.0,6070.0,vino frontera blanco sauvignon concha y toro - 750 ml,masxmenos costa rica,6070.0,,,
2026-09-14,Vino rosado,5220.0,,0,750.0,5220.0,vino mr wild org rose 750 ml patrocinado,masxmenos costa rica,5220.0,,,
2026-09-14,Vino blanco,11795.0,,0,750.0,11795.0,pulpo albariño vino blanco 750 ml,pricesmart costa rica,11795.0,,,
2026-09-14,Vino rosado,8795.0,,0,750.0,8795.0,les jamelles vino rosado francés 750 ml / 25.36 oz,pricesmart costa rica,8795.0,,,
2026-09-14,Vino blanco,8.3102,,0,1000.0,8.3102,vino clos de pirque blanco - 1000ml patrocinado,masxmenos costa rica,6.23,,,
2026-09-14,Vino blanco,10300.0,,0,750.0,10300.0,navarro col. privada chardonnay 750 ml,masxmenos costa rica,10300.0,,,
2026-09-14,Vino blanco,7500.0,,0,1500.0,7500.0,vino maipo blanco chardonnay -1.5 l,masxmenos costa rica,3750.0,,,
2026-09-14,Vino blanco,6110.0,,0,750.0,6110.0,vino tinto fantini trebbiano d abruzzo -750ml,masxmenos costa rica,6110.0,,,
2026-09-14,Vino blanco,15495.0,,0,750.0,15495.0,santa margherita vino blanco pinot grigio 750 ml / 25.36 oz,pricesmart costa rica,15495.0,,,
2026-09-14,Frontera,5930.0,,0,750.0,5930.0,vino frontera rosado concha y toro chile - 750 ml patrocinado,masxmenos costa rica,5930.0,,,
2026-09-14,Vino rosado,11180.0,,0,750.0,11180.0,vino mr wild org rose 750 ml,masxmenos costa rica,11180.0,,,
2026-09-14,Vino tinto,6795.0,,0,1500.0,6795.0,twin view estates cabernet sauvignon vino tinto 1.5 l,pricesmart costa rica,3397.5,,,
2026-09-14,Vinos general,11170.0,,0,750.0,11170.0,vino marques de caceres blanco 750ml vendido por walmart patrocinado,walmart costa rica,11170.0,,,
2026-09-14,Vino blanco,8020.0,,0,750.0,8020.0,vino maipo sauvignon blanco clasic series -750 ml patrocinado,masxmenos costa rica,8020.0,,,
2026-09-14,Vino rosado,4400.0,,0,750.0,4400.0,frontera frutal pink paradise 750ml,masxmenos costa rica,4400.0,,,
2026-09-14,Vino blanco,6110.0,,0,750.0,6110.0,vino blanco protos verdejo criado sobre lias finas - 750 ml patrocinado,masxmenos costa rica,6110.0,,,
2026-09-14,Vinos general,5670.0,,0,750.0,5670.0,vino pata negra valdepenas crianza - 750 ml,walmart costa rica,5670.0,,,
2026-09-14,Vinos general,3020.0,,0,750.0,3020.0,vino tinto opera prima merlot - 750 ml,walmart costa rica,3020.0,,,
2026-09-13,Vino blanco,15495.0,,0,750.0,15495.0,santa margherita vino blanco pinot grigio 750 ml / 25.36 oz,pricesmart costa rica,15495.0,,,
2026-09-13,Vino blanco,7795.0,,0,1500.0,7795.0,frontera concha & toro vino blanco sauvignon blanc semi 1.5 l,pricesmart costa rica,3897.5,,,
2026-09-13,Vino blanco,7795.0,,0,750.0,7795.0,pasqua vino blanco pinot grigio 750 ml / 25.36 oz,pricesmart costa rica,7795.0,,,
2026-09-13,Vino blanco,3795.0,,0,750.0,3795.0,reguta vino prosecco extra seco italiano 750 ml / 25.36 oz,pricesmart costa rica,3795.0,,,
2026-09-13,Vino blanco,7995.0,,0,750.0,7995.0,marqués de riscal vino blanco 750 ml,pricesmart costa rica,7995.0,,,
2026-09-13,Vino blanco,2395.0,,0,750.0,2395.0,loma negra chardonnay classic vino blanco 750 ml / 25.4 oz,pricesmart costa rica,2395.0,,,
2026-09-13,Vino tinto,7795.0,,0,750.0,7795.0,arrogant frog pinot noir vino tinto 750 ml,pricesmart costa rica,7795.0,,,
2026-09-13,Vino tinto,5995.0,,0,750.0,5995.0,misiones de rengo vino tinto cabernet sauvignon 750 ml / 25.36 oz,pricesmart costa rica,5995.0,,,
2026-09-13,Vino tinto,9470.0,,0,750.0,9470.0,montecillo rioja crianza vino tinto 750 ml,pricesmart costa rica,9470.0,,,
2026-09-13,Vino tinto,14970.0,,0,750.0,14970.0,viña alberdi vino tinto tempranillo crianza 750 ml / 25.36 oz,pricesmart costa rica,14970.0,,,
2026-09-13,Vino tinto,4970.0,,0,750.0,4970.0,arrogante frog cabernet sauvignon merlot vino tinto 750 ml,pricesmart costa rica,4970.0,,,
2026-09-13,Vino tinto,6795.0,,0,1500.0,6795.0,gato negro cabernet sauvignon vino tinto 1.5 l / 51 oz,pricesmart costa rica,3397.5,,,
2026-09-13,Vino tinto,3770.0,,0,750.0,3770.0,mantrús crianza vino tinto 750 ml / 25.36 oz,pricesmart costa rica,3770.0,,,
2026-09-13,Vino tinto,4995.0,,0,750.0,4995.0,mantrús reserva vino tinto ribera del duero 750 ml / 25.36 oz,pricesmart costa rica,4995.0,,,
2026-09-13,Vino tinto,6495.0,,0,750.0,6495.0,santa rita 120 carmenere vino tinto 750 ml,pricesmart costa rica,6495.0,,,
2026-09-13,Vino tinto,10995.0,,0,750.0,10995.0,portia roble tempranillo vino tinto 750 ml,pricesmart costa rica,10995.0,,,
2026-09-14,Frontera,9380.0,,0,750.0,9380.0,vino frontera concha y toro merlot - 750ml patrocinado,masxmenos costa rica,9380.0,,,
2026-09-14,Vino tinto,4995.0,,0,750.0,4995.0,mantrús reserva vino tinto ribera del duero 750 ml / 25.36 oz,pricesmart costa rica,4995.0,,,
2026-09-14,Vinos general,20760.0,,0,750.0,20760.0,"vino rosado b &amp; g cotes de provence, 2 pack -750 ml",walmart costa rica,20760.0,,,
2026-09-15,Vino rosado,6370.0,,0,750.0,6370.0,pack jp chenet rosé dry vino espumoso 750 ml + chocolate vizzio 70 g,pricesmart costa rica,6370.0,,,
2026-09-15,Vino rosado,11180.0,,0,750.0,11180.0,vino rosado ijalba rioja eco -750ml patrocinado,masxmenos costa rica,11180.0,,,
2026-09-14,Vinos general,5970.0,,0,750.0,5970.0,vino espumoso undurraga brut 750 ml,walmart costa rica,5970.0,,,
2026-09-14,Vino tinto,11630.0,,0,1500.0,11630.0,vino frontera merlot -1500 ml vendido por walmart patrocinado,walmart costa rica,5815.0,,,
2026-09-14,Vino blanco,7495.0,,0,750.0,7495.0,protos verdejo vino blanco 750 ml,pricesmart costa rica,7495.0,,,
2026-09-14,Vino tinto,10995.0,,0,750.0,10995.0,portia roble tempranillo vino tinto 750 ml,pricesmart costa rica,10995.0,,,
2026-09-15,Vino rosado,10000.0,,0,750.0,10000.0,vino rose carnivor apothic - 750 ml patrocinado,masxmenos costa rica,10000.0,,,
2026-09-15,Vino rosado,5770.0,,0,750.0,5770.0,vino frontera rosado concha y toro chile - 750 ml,masxmenos costa rica,5770.0,,,
2026-09-14,Vino rosado,8810.0,,0,750.0,8810.0,vino marques de caceres rosado rioja - 750ml,masxmenos costa rica,8810.0,,,
2026-09-14,Vinos general,7360.0,,0,1500.0,7360.0,vino tinto santa cecilia cabernet sauvignon – 1500 ml,walmart costa rica,3680.0,,,
2026-09-14,Vino rosado,9790.0,,0,750.0,9790.0,vino rosado ijalba rioja eco -750ml,masxmenos costa rica,9790.0,,,
2026-09-14,Vinos general,5800.0,,0,375.0,5800.0,vino orgánico adobe merlot – 375 ml vendido por walmart patrocinado,walmart costa rica,11600.0,,,
2026-09-14,Vinos general,3250.0,,0,375.0,3250.0,vino orgánico adobe merlot – 375 ml,walmart costa rica,6500.0,,,
2026-09-13,Vino tinto,4995.0,,0,750.0,4995.0,real compañia vino tinto tempranillo botella de 750 ml / 25.4 oz,pricesmart costa rica,4995.0,,,
2026-09-13,Vino tinto,13795.0,,0,3000.0,13795.0,carlo rossi vino tinto cuerpo medio 3 l / 101.4 oz,pricesmart costa rica,3448.75,,,
2026-09-13,Vino tinto,7795.0,,0,1500.0,7795.0,frontera merlot vino tinto chileno botella de 1.5 l / 51 oz,pricesmart costa rica,3897.5,,,
2026-09-13,Vino tinto,7495.0,,0,750.0,7495.0,alamos vino tinto malbec 750 ml,pricesmart costa rica,7495.0,,,
2026-09-13,Vino tinto,8795.0,,0,750.0,8795.0,hacienda lópez de haro vino crianza 750 ml,pricesmart costa rica,8795.0,,,
2026-09-13,Vino tinto,15495.0,,0,750.0,15495.0,muga vino tinto español el anden de la estación 750 ml,pricesmart costa rica,15495.0,,,
2026-09-13,Vino tinto,4795.0,,0,750.0,4795.0,legado muñoz vino tinto tempranillo 750 ml / 25.4 oz,pricesmart costa rica,4795.0,,,
2026-09-13,Vino tinto,15995.0,,0,750.0,15995.0,marqués de riscal vino tinto rioja reserva 750 ml,pricesmart costa rica,15995.0,,,
2026-09-13,Vino tinto,5495.0,,0,750.0,5495.0,finca las moras botella de vino tinto malbec suave al paladar 750 ml / 25.4 oz,pricesmart costa rica,5495.0,,,
2026-09-13,Vino tinto,6495.0,,0,750.0,6495.0,caliterra reserva vino tinto cabernet sauvignon 750 ml,pricesmart costa rica,6495.0,,,
2026-09-13,Vino tinto,9795.0,,0,750.0,9795.0,cantina fiorentino primitivo salento vino tinto 750 ml,pricesmart costa rica,9795.0,,,
2026-09-13,Vino tinto,8795.0,,0,1500.0,8795.0,montepulciano vino tinto de frutos rojos 1.5 l / 51 oz,pricesmart costa rica,4397.5,,,
2026-09-13,Vino tinto,5495.0,,0,750.0,5495.0,manischewitz concord grape vino tinto 750 ml / 25.36 oz,pricesmart costa rica,5495.0,,,
2026-09-13,Vino tinto,5795.0,,0,750.0,5795.0,rioja próximo tempranillo vino tinto 750 ml / 25.4 oz,pricesmart costa rica,5795.0,,,
2026-09-13,Vino tinto,9495.0,,0,750.0,9495.0,apothic vino tinto 750 ml / 25.4 oz,pricesmart costa rica,9495.0,,,
2026-09-13,Vino tinto,10995.0,,0,750.0,10995.0,marques caceres crianza vino tinto 750 ml / 25.4 oz,pricesmart costa rica,10995.0,,,
2026-09-14,Vino tinto,8170.0,,0,750.0,8170.0,vino tinto álamos malbec - 750 ml,walmart costa rica,8170.0,,,
2026-09-14,Vino tinto,2590.0,,0,1000.0,2590.0,vino tinto don simón premium cabernet - 1 l,walmart costa rica,1942.5,,,
2026-09-14,Vino blanco,3970.0,,0,750.0,3970.0,protocolo vino blanco español 750 ml,pricesmart costa rica,3970.0,,,
2026-09-15,Vino rosado,4900.0,,0,750.0,4900.0,vino soupcon de fruit rose d'anjou 2020 - 750 ml patrocinado,masxmenos costa rica,4900.0,,,
2026-09-15,Frontera,7500.0,,0,750.0,7500.0,vino frontera rosado concha y toro chile - 750 ml patrocinado,masxmenos costa rica,7500.0,,,
2026-09-12,Vino tinto,2395.0,,0,750.0,2395.0,loma negra vino tinto merlot 750 ml / 25.4 oz,pricesmart costa rica,2395.0,,,
2026-09-15,Vino rosado,7495.01,,0,750.0,7495.01,calvet rose d'anjou vino rosado 750 ml / 25.4 oz,pricesmart costa rica,7495.01,,,
2026-09-14,Vino tinto,2300.0,,0,1000.0,2300.0,vino clos de pirque tinto merlot - 1000ml vendido por walmart patrocinado,walmart costa rica,1725.0,,,
2026-09-14,Vino tinto,10280.0,,0,750.0,10280.0,vino tinto torres ramon bilbao crianza - 750ml,walmart costa rica,10280.0,,,
2026-09-13,Vino rosado,6370.0,,0,750.0,6370.0,pack jp chenet rosé dry vino espumoso 750 ml + chocolate vizzio 70 g,pricesmart costa rica,6370.0,,,
2026-09-14,Vino tinto,7670.0,,0,750.0,7670.0,douce nature vino tinto pinot noir orgánico 750 ml / 25.36 oz,pricesmart costa rica,7670.0,,,
2026-09-14,Vinos general,4400.0,,0,750.0,4400.0,frontera frutal pink paradise 750ml,walmart costa rica,4400.0,,,
2026-09-14,Vinos general,5200.0,,0,750.0,5200.0,vino tinto santa rita 120 carmenere - 750ml vendido por walmart patrocinado,walmart costa rica,5200.0,,,
2026-09-14,Vino blanco,16600.0,,0,750.0,16600.0,vino luigi bosca de sangre - 750 ml,masxmenos costa rica,16600.0,,,
2026-09-12,Frontera,5930.0,,0,1500.0,5930.0,vino frontera merlot -1500 ml patrocinado,masxmenos costa rica,2965.0,,,
2026-09-15,Vino rosado,12.7002,,0,750.0,12.7002,"vino rosado freixenet, ice rose -750 ml patrocinado",masxmenos costa rica,12.7,,,
2026-09-13,Frontera,5930.0,,0,750.0,5930.0,vino frontera concha y toro merlot - 750ml,masxmenos costa rica,5930.0,,,
2026-09-13,Frontera,7500.0,,0,1500.0,7500.0,vino frontera merlot -1500 ml,masxmenos costa rica,3750.0,,,
2026-09-13,Frontera,5770.0,,0,750.0,5770.0,vino frontera rosado concha y toro chile - 750 ml,masxmenos costa rica,5770.0,,,
2026-09-13,Frontera,5930.0,,0,750.0,5930.0,vino tinto frontera carmenere viñedo protegido por la naturaleza - 750 ml,masxmenos costa rica,5930.0,,,
2026-09-13,Frontera,6070.0,,0,750.0,6070.0,vino frontera blanco sauvignon concha y toro - 750 ml,masxmenos costa rica,6070.0,,,
2026-09-13,Frontera,5770.0,,0,750.0,5770.0,vino rosado frontera gently bubbly spritzer roses -750 ml,masxmenos costa rica,5770.0,,,
2026-09-13,Frontera,6070.0,,0,750.0,6070.0,vino blanco frontera chardonnay viñedo protegido por la naturaleza - 750 ml,masxmenos costa rica,6070.0,,,
2026-09-13,Frontera,5910.0,,0,750.0,5910.0,vino blanco frontera spritzer chardonnay eldelflower - 750 ml,masxmenos costa rica,5910.0,,,
2026-09-13,Frontera,4400.0,,0,750.0,4400.0,frontera frutal pink paradise 750ml,masxmenos costa rica,4400.0,,,
2026-09-13,Vino rosado,11540.0,,0,750.0,11540.0,"vino rosado freixenet, ice rose -750 ml patrocinado",masxmenos costa rica,11540.0,,,
2026-09-13,Vino rosado,10000.0,,0,750.0,10000.0,vino rose carnivor apothic - 750 ml patrocinado,masxmenos costa rica,10000.0,,,
2026-09-13,Vino rosado,5220.0,,0,750.0,5220.0,vino mr wild org rose 750 ml patrocinado,masxmenos costa rica,5220.0,,,
2026-09-13,Vino rosado,11180.0,,0,750.0,11180.0,vino rosado ijalba rioja eco -750ml patrocinado,masxmenos costa rica,11180.0,,,
2026-09-13,Vino rosado,9790.0,,0,375.0,9790.0,vino orgánico adobe rosé – 375 ml patrocinado,masxmenos costa rica,19580.0,,,
2026-09-13,Vino rosado,4900.0,,0,750.0,4900.0,vino soupcon de fruit rose d'anjou 2020 - 750 ml patrocinado,masxmenos costa rica,4900.0,,,
2026-09-13,Vino rosado,8020.0,,0,750.0,8020.0,vino rosado frontera gently bubbly spritzer roses -750 ml patrocinado,masxmenos costa rica,8020.0,,,
2026-09-14,Vino rosado,11180.0,,0,750.0,11180.0,vino rosado ijalba rioja eco -750ml patrocinado,masxmenos costa rica,11180.0,,,
2026-09-14,Vino blanco,7795.0,,0,1500.0,7795.0,frontera concha & toro vino blanco sauvignon blanc semi 1.5 l,pricesmart costa rica,3897.5,,,
2026-09-15,Frontera,5770.0,,0,750.0,5770.0,vino tinto frontera carmenere viñedo protegido por la naturaleza - 750 ml patrocinado,masxmenos costa rica,5770.0,,,
2026-09-14,Vino blanco,8020.0,,0,750.0,8020.0,vino marques de caceres blanco 750ml,masxmenos costa rica,8020.0,,,
2026-09-13,Vino blanco,7495.0,,0,3000.0,7495.0,clos de pirque vino blanco 3 unidades / 1 l,pricesmart costa rica,1873.75,,,
2026-09-14,Vino tinto,4.6502,,0,750.0,4.6502,vino clos dp cabernet tinto sauvignon - 2000ml vendido por walmart patrocinado,walmart costa rica,4.65,,,
2026-09-13,Vino tinto,9295.0,,0,750.0,9295.0,baron philippe de rothschild vino tinto cabernet sauvignon 750 ml / 25.36 oz,pricesmart costa rica,9295.0,,,
2026-09-15,Vino rosado,9790.0,,0,375.0,9790.0,vino orgánico adobe rosé – 375 ml patrocinado,masxmenos costa rica,19580.0,,,
2026-09-11,Vinos general,5480.0,,0,750.0,5480.0,vino tinto catena malbec - 750 ml vendido por walmart,walmart costa rica,5480.0,medio,,
2026-09-11,Vino tinto,5495.0,,0,750.0,5495.0,manischewitz concord grape vino tinto 750 ml / 25.36 oz,pricesmart costa rica,5495.0,medio,,
2026-09-11,Vino blanco,4950.0,,0,750.0,4950.0,vino blanco tarapacá pinot grigio - 750 ml,masxmenos costa rica,4950.0,económico,,
2026-09-11,Vino blanco,6070.0,,0,750.0,6070.0,vino blanco frontera chardonnay viñedo protegido por la naturaleza - 750 ml,masxmenos costa rica,6070.0,medio,,
2026-09-11,Vino tinto,7500.0,,0,750.0,7500.0,vino tinto don simón tempranillo -750 ml vendido por walmart,walmart costa rica,7500.0,medio,,
2026-09-11,Vino tinto,2950.0,,0,1000.0,2950.0,vino clos de pirque tinto merlot - 1000ml,walmart costa rica,2212.5,económico,,
2026-09-11,Vino tinto,8795.0,,0,750.0,8795.0,cune vino tinto crianza rioja 750 ml / 25.36 oz,pricesmart costa rica,8795.0,medio,,
2026-09-11,Vinos general,5000.0,,0,750.0,5000.0,vino toro bravo verdejo sauvignon blanco - 750 ml,walmart costa rica,5000.0,económico,,
2026-09-11,Frontera,4750.0,,0,750.0,4750.0,vino frontera frutal tinto de verano manzana naranja - 750 ml,masxmenos costa rica,4750.0,económico,,
2026-09-11,Vinos general,4750.0,,0,750.0,4750.0,vino tinto trapiche vineyards malbec - 750 ml,walmart costa rica,4750.0,económico,,
2026-09-11,Vino blanco,2530.0,,0,750.0,2530.0,vino peter brum liebfraulmil blan - 750ml,masxmenos costa rica,2530.0,económico,,
2026-09-11,Vino blanco,7200.0,,0,750.0,7200.0,vino blanco fantini terre siciliante pinot grigio - 750 ml,masxmenos costa rica,7200.0,medio,,
2026-09-11,Vino blanco,6110.0,,0,1000.0,6110.0,vino clos de pirque blanco - 1000ml,masxmenos costa rica,4582.5,económico,,
2026-09-11,Vino tinto,9795.0,,0,750.0,9795.0,baron philippe de rothschild vino tinto cabernet sauvignon 750 ml / 25.36 oz,pricesmart costa rica,9795.0,medio,,
2026-09-11,Vinos general,7358.0,,0,750.0,7358.0,vino les jamelles petite rosado - 750 ml,walmart costa rica,7358.0,medio,,
2026-09-15,Vino tinto,8120.0,,0,750.0,8120.0,vino casillero del diablo merlot - 750ml,walmart costa rica,8120.0,medio,,
2026-09-11,Vinos general,8800.0,,0,750.0,8800.0,vino frontera frutal tropical mango maracuyá - 750 ml vendido por walmart,walmart costa rica,8800.0,medio,,
2026-09-11,Frontera,9380.0,,0,750.0,9380.0,vino frontera concha y toro merlot - 750ml,masxmenos costa rica,9380.0,medio,,
2026-09-11,Vino tinto,6100.0,,0,750.0,6100.0,vino tinto torres ramon bilbao crianza - 750ml vendido por walmart,walmart costa rica,6100.0,medio,,
2026-09-11,Vino tinto,9766.0,,0,750.0,9766.0,vino fantini montepulciano d abruzzo 1500ml vendido por walmart,walmart costa rica,9766.0,medio,,
2026-09-15,Vinos general,5168.0,,0,750.0,5168.0,vino tinto manischewitz de uva botella de vidrio - 750 ml,walmart costa rica,5168.0,medio,,
2026-09-11,Vino tinto,7500.0,,0,1500.0,7500.0,vino viña maipo varietal merlot 1.5l,walmart costa rica,3750.0,económico,,
2026-09-15,Vino tinto,6100.0,,0,750.0,6100.0,vino tinto san telmo malbec botella - 750 ml,walmart costa rica,6100.0,medio,,
2026-09-11,Vino blanco,15444.0,,0,750.0,15444.0,vino luigi bosca de sangre - 750 ml,masxmenos costa rica,15444.0,super premium,,
2026-09-11,Vinos general,5168.0,,0,750.0,5168.0,vino tinto manischewitz de uva botella de vidrio - 750 ml,walmart costa rica,5168.0,medio,,
2026-09-15,Vinos general,13780.0,,0,750.0,13780.0,vino tinto catena malbec - 750 ml,walmart costa rica,13780.0,premium,,
2026-09-15,Vino tinto,9766.0,,0,750.0,9766.0,vino fantini montepulciano d abruzzo 1500ml vendido por walmart,walmart costa rica,9766.0,medio,,
2026-09-11,Vino tinto,4700.0,,0,750.0,4700.0,vino frontera frutal tinto de verano manzana naranja - 750 ml,walmart costa rica,4700.0,económico,,
2026-09-11,Vino tinto,15495.0,,0,750.0,15495.0,muga vino tinto español el anden de la estación 750 ml,pricesmart costa rica,15495.0,super premium,,
2026-09-11,Vino blanco,11795.0,,0,750.0,11795.0,pulpo albariño vino blanco 750 ml,pricesmart costa rica,11795.0,premium,,
2026-09-15,Vino tinto,4900.0,,0,1500.0,4900.0,vino frontera merlot -1500 ml vendido por walmart,walmart costa rica,2450.0,económico,,
2026-09-15,Vino rosado,9195.0,,0,750.0,9195.0,montes vino rosado cherub 750 ml / 25.36 oz,pricesmart costa rica,9195.0,medio,,
2026-09-11,Vinos general,6030.0,,0,750.0,6030.0,vino blanco trapiche pinot grigio -750ml vendido por walmart,walmart costa rica,6030.0,medio,,
2026-09-11,Vino tinto,9470.0,,0,750.0,9470.0,montecillo rioja crianza vino tinto 750 ml,pricesmart costa rica,9470.0,medio,,
2026-09-11,Vinos general,13780.0,,0,750.0,13780.0,vino blanco casillero del diablo reserve sauvignon blanc - 750ml vendido por walmart,walmart costa rica,13780.0,premium,,
2026-09-11,Vino rosado,8280.0,,0,750.0,8280.0,vino laudum monastrell - 750 ml,masxmenos costa rica,8280.0,medio,,
2026-09-11,Vino rosado,10080.0,,0,750.0,10080.0,vino làudum barrica - 750 ml,masxmenos costa rica,10080.0,premium,,
2026-09-11,Vino rosado,6140.0,,0,750.0,6140.0,vino cavicchioli lambrusco rosato dulce - 750 ml,masxmenos costa rica,6140.0,medio,,
2026-09-15,Vino tinto,2950.0,,0,1000.0,2950.0,vino clos de pirque tinto merlot - 1000ml,walmart costa rica,2212.5,económico,,
2026-09-11,Frontera,5930.0,,0,750.0,5930.0,vino frontera blanco sauvignon concha y toro - 750 ml,masxmenos costa rica,5930.0,medio,,
2026-09-11,Vino tinto,4995.0,,0,750.0,4995.0,mantrús reserva vino tinto ribera del duero 750 ml / 25.36 oz,pricesmart costa rica,4995.0,económico,,
2026-09-11,Vino blanco,11560.0,,0,750.0,11560.0,vino blanco blue nun authentic white- 750ml,masxmenos costa rica,11560.0,premium,,
2026-09-11,Vino tinto,1980.0,,0,750.0,1980.0,vino tinto don simón tempranillo -750 ml,walmart costa rica,1980.0,económico,,
2026-09-11,Vino rosado,10810.0,,0,750.0,10810.0,vino rosado canti prosecco - 750 ml,masxmenos costa rica,10810.0,premium,,
2026-09-11,Vino tinto,5795.0,,0,750.0,5795.0,rioja próximo tempranillo vino tinto 750 ml / 25.4 oz,pricesmart costa rica,5795.0,medio,,
2026-09-11,Vino tinto,9795.0,,0,750.0,9795.0,cantina fiorentino primitivo salento vino tinto 750 ml,pricesmart costa rica,9795.0,medio,,
2026-09-15,Vino tinto,1980.0,,0,750.0,1980.0,vino tinto don simón tempranillo -750 ml,walmart costa rica,1980.0,económico,,
2026-09-16,Vino tinto,9766.0,,0,750.0,9766.0,vino fantini montepulciano d abruzzo 1500ml vendido por walmart,walmart costa rica,9766.0,medio,,
2026-09-11,Vino blanco,8310.0,,0,750.0,8310.0,vino santa carolina chardonay botella - 750 ml,masxmenos costa rica,8310.0,medio,,
2026-09-11,Vino tinto,10595.0,,0,750.0,10595.0,montes limited selection vino cabernet sauvignon camenère 750 ml / 25.3 oz,pricesmart costa rica,10595.0,premium,,
2026-09-15,Vino tinto,1980.0,,0,750.0,1980.0,vino tinto contenda merlot - 750 ml vendido por walmart,walmart costa rica,1980.0,económico,,
2026-09-11,Vino tinto,8120.0,,0,750.0,8120.0,vino casillero del diablo merlot - 750ml,walmart costa rica,8120.0,medio,,
2026-09-11,Vino tinto,8170.0,,0,750.0,8170.0,vino tinto álamos malbec - 750 ml,walmart costa rica,8170.0,medio,,
2026-09-11,Vino blanco,8660.0,,0,750.0,8660.0,vino casillero del diablo phenomenal sauvignon - 750 ml,masxmenos costa rica,8660.0,medio,,
2026-09-15,Vinos general,6935.0,,0,1500.0,6935.0,vino tinto santa carolina cabernet sauvignon -1500 ml,walmart costa rica,3467.5,económico,,
2026-09-11,Vino blanco,6830.0,,0,750.0,6830.0,vino blanco trivento malbec reserva 2022 - 750 ml,masxmenos costa rica,6830.0,medio,,
2026-09-11,Frontera,6070.0,,0,750.0,6070.0,vino rosado frontera gently bubbly spritzer roses -750 ml,masxmenos costa rica,6070.0,medio,,
2026-09-15,Vino tinto,10010.0,,0,750.0,10010.0,vino fantini montepulciano d abruzzo 1500ml,walmart costa rica,10010.0,premium,,
2026-09-11,Vinos general,12144.0,,0,750.0,12144.0,vino familia pasqua passimento - 750 ml,walmart costa rica,12144.0,premium,,
2026-09-15,Vino tinto,3980.0,,0,1000.0,3980.0,vino clos de pirque tinto merlot - 1000ml vendido por walmart,walmart costa rica,2985.0,económico,,
2026-09-11,Vino tinto,6395.0,,0,750.0,6395.0,caliterra reserva vino tinto cabernet sauvignon 750 ml,pricesmart costa rica,6395.0,medio,,
2026-09-11,Vino tinto,10995.0,,0,750.0,10995.0,portia roble tempranillo vino tinto 750 ml,pricesmart costa rica,10995.0,premium,,
2026-09-11,Vino rosado,8730.0,,0,750.0,8730.0,vino trivento reserva malbec rosado - 750 ml,masxmenos costa rica,8730.0,medio,,
2026-09-15,Vino tinto,6795.0,,0,1500.0,6795.0,gato negro cabernet sauvignon vino tinto 1.5 l / 51 oz,pricesmart costa rica,3397.5,económico,,
2026-09-15,Vinos general,6030.0,,0,750.0,6030.0,vino tinto trapiche merlot - 750 ml,walmart costa rica,6030.0,medio,,
2026-09-16,Vino tinto,16295.0,,0,1500.0,16295.0,navarro correas vino tinto malbec 2 unidades / 750 ml,pricesmart costa rica,8147.5,medio,,
2026-09-11,Frontera,5930.0,,0,1500.0,5930.0,vino frontera merlot -1500 ml,masxmenos costa rica,2965.0,económico,,
2026-09-11,Vino rosado,7619.0,,0,750.0,7619.0,vino soupcon de fruit rose d&apos;anjou 2020 - 750 ml,masxmenos costa rica,7619.0,medio,,
2026-09-11,Vino blanco,6070.0,,0,750.0,6070.0,vino blanco protos verdejo criado sobre lias finas - 750 ml,masxmenos costa rica,6070.0,medio,,
2026-09-11,Vino tinto,14995.0,,0,750.0,14995.0,campo viejo vino tinto reserva 750 ml,pricesmart costa rica,14995.0,premium,,
2026-09-16,Frontera,5910.0,,0,750.0,5910.0,vino blanco frontera spritzer chardonnay eldelflower - 750 ml,masxmenos costa rica,5910.0,medio,,
2026-09-11,Frontera,5770.0,,0,750.0,5770.0,vino blanco frontera chardonnay viñedo protegido por la naturaleza - 750 ml,masxmenos costa rica,5770.0,medio,,
2026-09-11,Vino rosado,9195.0,,0,750.0,9195.0,montes vino rosado cherub 750 ml / 25.36 oz,pricesmart costa rica,9195.0,medio,,
2026-09-11,Vino blanco,2395.0,,0,750.0,2395.0,loma negra chardonnay classic vino blanco 750 ml / 25.4 oz,pricesmart costa rica,2395.0,económico,,
2026-09-11,Vino tinto,10495.0,,0,750.0,10495.0,m. chapoutier vino tinto côtes du rhône 750 ml / 25.36 oz,pricesmart costa rica,10495.0,premium,,
2026-09-11,Vino tinto,8795.0,,0,1500.0,8795.0,montepulciano vino tinto de frutos rojos 1.5 l / 51 oz,pricesmart costa rica,4397.5,económico,,
2026-09-11,Vino tinto,7495.0,,0,3000.0,7495.0,clos de pirque vino tinto cabernet sauvignon 3 unidades / 1 l,pricesmart costa rica,1873.75,económico,,
2026-09-11,Vino rosado,5795.0,,0,750.0,5795.0,astoria prosecco rosé vino rosado 750 ml / 25.4 oz,pricesmart costa rica,5795.0,medio,,
2026-09-11,Vino rosado,11200.0,,0,750.0,11200.0,vino rosado dark horse pinot noir - 750 ml,masxmenos costa rica,11200.0,premium,,
2026-09-15,Vino blanco,3795.0,,0,750.0,3795.0,reguta vino prosecco extra seco italiano 750 ml / 25.36 oz,pricesmart costa rica,3795.0,económico,,
2026-09-11,Vino rosado,12700.0,,0,750.0,12700.0,vino les jamelles petite rosado - 750 ml,masxmenos costa rica,12700.0,premium,,
2026-09-15,Vino tinto,3830.0,,0,750.0,3830.0,vino tinto teber dulce - 750ml,walmart costa rica,3830.0,económico,,
2026-09-11,Vino tinto,18970.0,,0,750.0,18970.0,j lohr cabernet sauvignon vino tinto 750 ml,pricesmart costa rica,18970.0,super premium,,
2026-09-11,Vino tinto,4995.0,,0,750.0,4995.0,real compañia vino tinto tempranillo botella de 750 ml / 25.4 oz,pricesmart costa rica,4995.0,económico,,
2026-09-11,Vino tinto,4795.0,,0,750.0,4795.0,legado muñoz vino tinto tempranillo 750 ml / 25.4 oz,pricesmart costa rica,4795.0,económico,,
2026-09-15,Vino tinto,3980.0,,0,750.0,3980.0,vino viña maipo clasic series merlot - 750 ml,walmart costa rica,3980.0,económico,,
2026-09-11,Vino tinto,8495.0,,0,750.0,8495.0,ruffino vino tinto chianti classico 750 ml / 25.36 oz,pricesmart costa rica,8495.0,medio,,
2026-09-11,Vino tinto,16295.0,,0,1500.0,16295.0,navarro correas vino tinto malbec 2 unidades / 750 ml,pricesmart costa rica,8147.5,medio,,
2026-09-11,Frontera,4200.0,,0,750.0,4200.0,"vinos sub-categoría vino tinto vino blanco vino rosado departamento cervezas, vinos y licores rebaja exclusiva en línea rangos de precio",masxmenos costa rica,4200.0,económico,,
2026-09-16,Vino rosado,8250.0,,0,750.0,8250.0,vino rosado cono sur bicicleta pinot noir - 750 ml,masxmenos costa rica,8250.0,medio,,
2026-09-16,Vino rosado,7795.0,,0,1000.0,7795.0,mateus the original vino rosado espumoso portugués 1 l,pricesmart costa rica,5846.25,medio,,
2026-09-11,Vino blanco,7495.0,,0,3000.0,7495.0,clos de pirque vino blanco 3 unidades / 1 l,pricesmart costa rica,1873.75,económico,,
2026-09-11,Vino blanco,7795.0,,0,1500.0,7795.0,frontera concha & toro vino blanco sauvignon blanc semi 1.5 l,pricesmart costa rica,3897.5,económico,,
2026-09-16,Vino tinto,14970.0,,0,750.0,14970.0,zuccardi q vino tinto malbec 750 ml,pricesmart costa rica,14970.0,premium,,
2026-09-11,Vino rosado,10943.0,,0,750.0,10943.0,vino rose carnivor apothic - 750 ml,masxmenos costa rica,10943.0,premium,,
2026-09-15,Vino tinto,2395.0,,0,750.0,2395.0,loma negra vino tinto merlot 750 ml / 25.4 oz,pricesmart costa rica,2395.0,económico,,
2026-09-11,Vino rosado,8280.0,,0,750.0,8280.0,vino laudum rosado - 750 ml,masxmenos costa rica,8280.0,medio,,
2026-09-15,Vino tinto,3190.0,,0,750.0,3190.0,vino tinto contenda merlot - 750 ml,walmart costa rica,3190.0,económico,,
2026-09-11,Vino tinto,8795.0,,0,750.0,8795.0,hacienda lópez de haro vino crianza 750 ml,pricesmart costa rica,8795.0,medio,,
2026-09-11,Frontera,7500.0,,0,750.0,7500.0,vino frontera rosado concha y toro chile - 750 ml,masxmenos costa rica,7500.0,medio,,
2026-09-11,Frontera,5770.0,,0,750.0,5770.0,vino tinto frontera carmenere viñedo protegido por la naturaleza - 750 ml,masxmenos costa rica,5770.0,medio,,
2026-09-11,Vino blanco,5295.0,,0,750.0,5295.0,las moras pinot grigio vino blanco botella de 750 ml / 25.4 oz,pricesmart costa rica,5295.0,medio,,
2026-09-16,Vino rosado,5770.0,,0,750.0,5770.0,vino soupcon de fruit rose d'anjou 2020 - 750 ml,masxmenos costa rica,5770.0,medio,,
2026-09-11,Vino tinto,13795.0,,0,3000.0,13795.0,carlo rossi vino tinto cuerpo medio 3 l / 101.4 oz,pricesmart costa rica,3448.75,económico,,
2026-09-16,Vinos general,7358.0,,0,750.0,7358.0,vino les jamelles petite rosado - 750 ml,walmart costa rica,7358.0,medio,,
2026-09-15,Vino tinto,4650.0,,0,1000.0,4650.0,2 pack sangria peñasol tinta -1000ml,walmart costa rica,3487.5,económico,,
2026-09-11,Vino rosado,8495.0,,0,750.0,8495.0,arrogant frog vino rosado 750 ml,pricesmart costa rica,8495.0,medio,,
2026-09-11,Vino tinto,9795.0,,0,750.0,9795.0,douce nature vino tinto pinot noir orgánico 750 ml / 25.36 oz,pricesmart costa rica,9795.0,medio,,
2026-09-11,Vino tinto,9795.0,,0,750.0,9795.0,el coto crianza rioja vino tinto tempranillo 750 ml,pricesmart costa rica,9795.0,medio,,
2026-09-11,Vino blanco,9495.0,,0,750.0,9495.0,gemma di luna pinot grigio vino blanco 750 ml,pricesmart costa rica,9495.0,medio,,
2026-09-11,Vino tinto,4495.0,,0,750.0,4495.0,mantrús crianza vino tinto 750 ml / 25.36 oz,pricesmart costa rica,4495.0,económico,,
2026-09-15,Vino tinto,8795.0,,0,750.0,8795.0,cune vino tinto crianza rioja 750 ml / 25.36 oz,pricesmart costa rica,8795.0,medio,,
2026-09-11,Vino tinto,7795.0,,0,1500.0,7795.0,frontera merlot vino tinto chileno botella de 1.5 l / 51 oz,pricesmart costa rica,3897.5,económico,,
2026-09-16,Vino blanco,8660.0,,0,750.0,8660.0,vino casillero del diablo phenomenal sauvignon - 750 ml,masxmenos costa rica,8660.0,medio,,
2026-09-16,Vino tinto,7470.0,,0,750.0,7470.0,felino vino tinto malbec 750 ml,pricesmart costa rica,7470.0,medio,,
2026-09-11,Vino tinto,14970.0,,0,750.0,14970.0,zuccardi q vino tinto malbec 750 ml,pricesmart costa rica,14970.0,premium,,
2026-09-11,Vino tinto,14970.0,,0,750.0,14970.0,viña alberdi vino tinto tempranillo crianza 750 ml / 25.36 oz,pricesmart costa rica,14970.0,premium,,
2026-09-16,Frontera,4750.0,,0,750.0,4750.0,vino frontera frutal tinto de verano manzana naranja - 750 ml,masxmenos costa rica,4750.0,económico,,
2026-09-11,Vino blanco,5295.0,,0,750.0,5295.0,casal mendes vino verde 750 ml / 25.4 oz,pricesmart costa rica,5295.0,medio,,
2026-09-11,Vino rosado,7795.0,,0,1000.0,7795.0,mateus the original vino rosado espumoso portugués 1 l,pricesmart costa rica,5846.25,medio,,
2026-09-11,Vino tinto,6795.0,,0,1500.0,6795.0,twin view estates cabernet sauvignon vino tinto 1.5 l,pricesmart costa rica,3397.5,económico,,
2026-09-16,Vinos general,5190.0,,0,750.0,5190.0,vino tinto fantini sangiovese - 750ml,walmart costa rica,5190.0,medio,,
2026-09-16,Vino rosado,5795.0,,0,750.0,5795.0,sandara sparkling vino rosado botella de 750 ml / 25.4 oz,pricesmart costa rica,5795.0,medio,,
2026-09-16,Vino rosado,9195.0,,0,750.0,9195.0,montes vino rosado cherub 750 ml / 25.36 oz,pricesmart costa rica,9195.0,medio,,
2026-09-16,Vino rosado,8495.0,,0,750.0,8495.0,arrogant frog vino rosado 750 ml,pricesmart costa rica,8495.0,medio,,
2026-09-15,Vino rosado,7795.0,,0,1000.0,7795.0,mateus the original vino rosado espumoso portugués 1 l,pricesmart costa rica,5846.25,medio,,
2026-09-11,Vino tinto,6495.0,,0,750.0,6495.0,santa rita 120 carmenere vino tinto 750 ml,pricesmart costa rica,6495.0,medio,,
2026-09-15,Vino rosado,10810.0,,0,750.0,10810.0,vino rosado canti prosecco - 750 ml,masxmenos costa rica,10810.0,premium,,
2026-09-11,Frontera,9120.0,,0,1500.0,9120.0,vino frontera tinto concha y toro cabernet - 1500 ml,masxmenos costa rica,4560.0,económico,,
2026-09-16,Frontera,7500.0,,0,750.0,7500.0,vino frontera rosado concha y toro chile - 750 ml,masxmenos costa rica,7500.0,medio,,
2026-09-15,Vino tinto,3980.0,,0,750.0,3980.0,vino viña maipo classic series cabernet sauvignon -750 ml,walmart costa rica,3980.0,económico,,
2026-09-11,Vino tinto,7470.0,,0,750.0,7470.0,felino vino tinto malbec 750 ml,pricesmart costa rica,7470.0,medio,,
2026-09-11,Vino tinto,15995.0,,0,750.0,15995.0,marqués de riscal vino tinto rioja reserva 750 ml,pricesmart costa rica,15995.0,super premium,,
2026-09-15,Vino tinto,5830.0,,0,750.0,5830.0,vino tinto finca las moras malbec con 13.5% vol - 750 ml,walmart costa rica,5830.0,medio,,
2026-09-16,Vinos general,12144.0,,0,750.0,12144.0,vino familia pasqua passimento - 750 ml,walmart costa rica,12144.0,premium,,
2026-09-11,Vino blanco,15495.0,,0,750.0,15495.0,santa margherita vino blanco pinot grigio 750 ml / 25.36 oz,pricesmart costa rica,15495.0,super premium,,
2026-09-15,Vino rosado,5795.0,,0,750.0,5795.0,astoria prosecco rosé vino rosado 750 ml / 25.4 oz,pricesmart costa rica,5795.0,medio,,
2026-09-16,Vinos general,6920.0,,0,750.0,6920.0,vino les jamelles petite rosado - 750 ml vendido por walmart,walmart costa rica,6920.0,medio,,
2026-09-11,Vino rosado,5570.0,,0,750.0,5570.0,viña esmeralda vino rosado español aroma frutal 750 ml,pricesmart costa rica,5570.0,medio,,
2026-09-11,Vino rosado,15495.0,,0,750.0,15495.0,the beach by whispering angel vino rosado francés 750 ml,pricesmart costa rica,15495.0,super premium,,
2026-09-11,Vino rosado,13995.0,,0,750.0,13995.0,pasqua 11 minutes vino rosado 750 ml,pricesmart costa rica,13995.0,premium,,
2026-09-16,Vino blanco,7080.0,,0,750.0,7080.0,vino blanco pata negra rueda verdejo - 750 ml,masxmenos costa rica,7080.0,medio,,
2026-09-11,Vino tinto,7795.0,,0,750.0,7795.0,arrogant frog pinot noir vino tinto 750 ml,pricesmart costa rica,7795.0,medio,,
2026-09-15,Frontera,4750.0,,0,750.0,4750.0,vino frontera frutal tropical mango maracuyá - 750 ml,masxmenos costa rica,4750.0,económico,,
2026-09-11,Vino tinto,6295.0,,0,750.0,6295.0,misiones de rengo vino tinto cabernet sauvignon 750 ml / 25.36 oz,pricesmart costa rica,6295.0,medio,,
2026-09-15,Vino tinto,8170.0,,0,750.0,8170.0,vino tinto álamos malbec - 750 ml,walmart costa rica,8170.0,medio,,
2026-09-15,Vino tinto,3070.0,,0,1000.0,3070.0,vino clos de pirque cabernet sauvignon - 1000ml,walmart costa rica,2302.5,económico,,
2026-09-16,Vinos general,4902.0,,0,750.0,4902.0,vino blanco tarapacá pinot grigio - 750 ml,walmart costa rica,4902.0,económico,,
2026-09-16,Vinos general,6935.0,,0,1500.0,6935.0,vino tinto santa carolina cabernet sauvignon -1500 ml,walmart costa rica,3467.5,económico,,
2026-09-16,Vino rosado,11200.0,,0,750.0,11200.0,vino rosado dark horse pinot noir - 750 ml,masxmenos costa rica,11200.0,premium,,
2026-09-15,Vino tinto,9082.0,,0,750.0,9082.0,vino tinto dadá finca las moras - 750 ml,walmart costa rica,9082.0,medio,,
2026-09-15,Vino rosado,8795.0,,0,750.0,8795.0,les jamelles vino rosado francés 750 ml / 25.36 oz,pricesmart costa rica,8795.0,medio,,
2026-09-11,Vino blanco,3795.0,,0,750.0,3795.0,reguta vino prosecco extra seco italiano 750 ml / 25.36 oz,pricesmart costa rica,3795.0,económico,,
2026-09-16,Vino rosado,10080.0,,0,750.0,10080.0,vino làudum reserva - 750 ml,masxmenos costa rica,10080.0,premium,,
2026-09-16,Vino blanco,9495.0,,0,750.0,9495.0,gemma di luna pinot grigio vino blanco 750 ml,pricesmart costa rica,9495.0,medio,,
2026-09-16,Vino tinto,7795.0,,0,750.0,7795.0,arrogant frog pinot noir vino tinto 750 ml,pricesmart costa rica,7795.0,medio,,
2026-09-16,Vino tinto,18970.0,,0,750.0,18970.0,j lohr cabernet sauvignon vino tinto 750 ml,pricesmart costa rica,18970.0,super premium,,
2026-09-15,Vino tinto,16295.0,,0,1500.0,16295.0,navarro correas vino tinto malbec 2 unidades / 750 ml,pricesmart costa rica,8147.5,medio,,
2026-09-11,Vino tinto,20995.0,,0,750.0,20995.0,pulenta estate malbec vino tinto 750 ml,pricesmart costa rica,20995.0,super premium,,
2026-09-15,Vinos general,9300.0,,0,750.0,9300.0,vino familia pasqua passimento - 750 ml vendido por walmart,walmart costa rica,9300.0,medio,,
2026-09-11,Vino tinto,7595.0,,0,750.0,7595.0,arrogante frog cabernet sauvignon merlot vino tinto 750 ml,pricesmart costa rica,7595.0,medio,,
2026-09-16,Vinos general,5387.0,,0,750.0,5387.0,vino tarapacá tinto merlot - 750 ml,walmart costa rica,5387.0,medio,,
2026-09-11,Vino blanco,7795.0,,0,750.0,7795.0,pasqua vino blanco pinot grigio 750 ml / 25.36 oz,pricesmart costa rica,7795.0,medio,,
2026-09-11,Vino blanco,10495.0,,0,750.0,10495.0,los vascos vino blanco sauvignon blanc 750 ml / 25.36 oz,pricesmart costa rica,10495.0,premium,,
2026-09-16,Vino blanco,6070.0,,0,750.0,6070.0,vino blanco frontera chardonnay viñedo protegido por la naturaleza - 750 ml,masxmenos costa rica,6070.0,medio,,
2026-09-16,Vinos general,9300.0,,0,750.0,9300.0,vino familia pasqua passimento - 750 ml vendido por walmart,walmart costa rica,9300.0,medio,,
2026-09-15,Frontera,9120.0,,0,1500.0,9120.0,vino frontera tinto concha y toro cabernet - 1500 ml,masxmenos costa rica,4560.0,económico,,
2026-09-15,Vino tinto,7500.0,,0,1500.0,7500.0,vino viña maipo varietal merlot 1.5l,walmart costa rica,3750.0,económico,,
2026-09-15,Vino blanco,9495.0,,0,750.0,9495.0,gemma di luna pinot grigio vino blanco 750 ml,pricesmart costa rica,9495.0,medio,,
2026-09-16,Vinos general,9810.0,,0,750.0,9810.0,vino tinto trapiche merlot - 750 ml vendido por walmart,walmart costa rica,9810.0,medio,,
2026-09-11,Vino rosado,5795.0,,0,750.0,5795.0,sandara sparkling vino rosado botella de 750 ml / 25.4 oz,pricesmart costa rica,5795.0,medio,,
2026-09-11,Vino rosado,7795.0,,0,750.0,7795.0,soupçon de fruit rosé d'anjou botella de vino rosado 750 ml / 25.4 oz,pricesmart costa rica,7795.0,medio,,
2026-09-11,Vino rosado,8795.0,,0,750.0,8795.0,les jamelles vino rosado francés 750 ml / 25.36 oz,pricesmart costa rica,8795.0,medio,,
2026-09-15,Vino blanco,15495.0,,0,750.0,15495.0,santa margherita vino blanco pinot grigio 750 ml / 25.36 oz,pricesmart costa rica,15495.0,super premium,,
2026-09-16,Vino tinto,11195.0,,0,1500.0,11195.0,trapiche reserva vino tinto malbec 2 unidades / 750 ml / 25.36 oz + kit parrillero,pricesmart costa rica,5597.5,medio,,
2026-09-15,Vino blanco,8960.0,,0,1000.0,8960.0,vino don simón premium selección chardonnay - 1000 ml,masxmenos costa rica,6720.0,medio,,
2026-09-16,Vinos general,13775.0,,0,750.0,13775.0,vino marquez de riscal reserva rioja - 750 ml,walmart costa rica,13775.0,premium,,
2026-09-16,Vino blanco,7743.0,,0,750.0,7743.0,vino ruffino blanco orvieto - 750ml,masxmenos costa rica,7743.0,medio,,
2026-09-16,Frontera,6070.0,,0,750.0,6070.0,vino rosado frontera gently bubbly spritzer roses -750 ml,masxmenos costa rica,6070.0,medio,,
2026-09-15,Vino rosado,13995.0,,0,750.0,13995.0,pasqua 11 minutes vino rosado 750 ml,pricesmart costa rica,13995.0,premium,,
2026-09-15,Vino rosado,5570.0,,0,750.0,5570.0,viña esmeralda vino rosado español aroma frutal 750 ml,pricesmart costa rica,5570.0,medio,,
2026-09-16,Vinos general,5000.0,,0,750.0,5000.0,vino toro bravo verdejo sauvignon blanco - 750 ml,walmart costa rica,5000.0,económico,,
2026-09-15,Vino tinto,4700.0,,0,750.0,4700.0,vino frontera frutal tinto de verano manzana naranja - 750 ml,walmart costa rica,4700.0,económico,,
2026-09-15,Vino tinto,7595.0,,0,750.0,7595.0,arrogante frog cabernet sauvignon merlot vino tinto 750 ml,pricesmart costa rica,7595.0,medio,,
2026-09-16,Vino tinto,6061.0,,0,750.0,6061.0,vino tinto cal y canto red blend - 750 ml,walmart costa rica,6061.0,medio,,
2026-09-16,Vinos general,6030.0,,0,750.0,6030.0,vino tinto trapiche merlot - 750 ml,walmart costa rica,6030.0,medio,,
2026-09-16,Vinos general,5480.0,,0,750.0,5480.0,vino tinto catena malbec - 750 ml vendido por walmart,walmart costa rica,5480.0,medio,,
2026-09-16,Vinos general,13780.0,,0,750.0,13780.0,vino blanco casillero del diablo reserve sauvignon blanc - 750ml vendido por walmart,walmart costa rica,13780.0,premium,,
2026-09-16,Vinos general,8800.0,,0,750.0,8800.0,vino frontera frutal tropical mango maracuyá - 750 ml vendido por walmart,walmart costa rica,8800.0,medio,,
2026-09-15,Vino tinto,11295.0,,0,750.0,11295.0,ramon bilbao vino tinto crianza 750 ml,pricesmart costa rica,11295.0,premium,,
2026-09-11,Vino tinto,14995.0,,0,750.0,14995.0,bin 27 vino tinto reserve port fonseca 750 ml / 25.36 oz,pricesmart costa rica,14995.0,premium,,
2026-09-11,Vino tinto,3070.0,,0,1000.0,3070.0,vino clos de pirque cabernet sauvignon - 1000ml,walmart costa rica,2302.5,económico,,
2026-09-16,Vino blanco,15380.0,,0,750.0,15380.0,vino les jamelles chardonay - 750ml,masxmenos costa rica,15380.0,super premium,,
2026-09-15,Vino rosado,15495.0,,0,750.0,15495.0,the beach by whispering angel vino rosado francés 750 ml,pricesmart costa rica,15495.0,super premium,,
2026-09-15,Vino tinto,2200.0,,0,1000.0,2200.0,vino don simon premium merlot - 1000ml,walmart costa rica,1650.0,económico,,
2026-09-16,Vino tinto,1980.0,,0,750.0,1980.0,vino tinto contenda merlot - 750 ml vendido por walmart,walmart costa rica,1980.0,económico,,
2026-09-16,Vino tinto,3190.0,,0,1000.0,3190.0,vino clos de pirque cabernet sauvignon - 1000ml vendido por walmart,walmart costa rica,2392.5,económico,,
2026-09-16,Vinos general,15180.0,,0,750.0,15180.0,vino tinto robert mondavi mondavi cabernet sauvignon - 750 ml vendido por walmart,walmart costa rica,15180.0,super premium,,
2026-09-15,Vino rosado,8280.0,,0,750.0,8280.0,vino laudum rosado - 750 ml,masxmenos costa rica,8280.0,medio,,
2026-09-15,Vino tinto,6295.0,,0,750.0,6295.0,misiones de rengo vino tinto cabernet sauvignon 750 ml / 25.36 oz,pricesmart costa rica,6295.0,medio,,
2026-09-15,Vino tinto,8795.0,,0,750.0,8795.0,hacienda lópez de haro vino crianza 750 ml,pricesmart costa rica,8795.0,medio,,
2026-09-16,Vinos general,6030.0,,0,750.0,6030.0,vino blanco trapiche pinot grigio -750ml vendido por walmart,walmart costa rica,6030.0,medio,,
2026-09-16,Vino rosado,8280.0,,0,750.0,8280.0,vino laudum rosado - 750 ml,masxmenos costa rica,8280.0,medio,,
2026-09-16,Vino rosado,8280.0,,0,750.0,8280.0,vino laudum monastrell - 750 ml,masxmenos costa rica,8280.0,medio,,
2026-09-16,Vino blanco,8310.0,,0,750.0,8310.0,vino santa carolina chardonay botella - 750 ml,masxmenos costa rica,8310.0,medio,,
2026-09-15,Vino tinto,13795.0,,0,3000.0,13795.0,carlo rossi vino tinto cuerpo medio 3 l / 101.4 oz,pricesmart costa rica,3448.75,económico,,
2026-09-16,Vinos general,4500.0,,0,750.0,4500.0,vino bco sta julia dulc chenin 750mlx6,walmart costa rica,4500.0,económico,,
2026-09-15,Vinos general,4902.0,,0,750.0,4902.0,vino blanco tarapacá pinot grigio - 750 ml,walmart costa rica,4902.0,económico,,
2026-09-15,Vino rosado,8795.0,,0,750.0,8795.0,taanug vino rosado francés aroma a fresas 750 ml,pricesmart costa rica,8795.0,medio,,
2026-09-16,Vino tinto,7500.0,,0,750.0,7500.0,vino tinto don simón tempranillo -750 ml vendido por walmart,walmart costa rica,7500.0,medio,,
2026-09-15,Vino tinto,9795.0,,0,750.0,9795.0,el coto crianza rioja vino tinto tempranillo 750 ml,pricesmart costa rica,9795.0,medio,,
2026-09-15,Vino tinto,9795.0,,0,750.0,9795.0,cantina fiorentino primitivo salento vino tinto 750 ml,pricesmart costa rica,9795.0,medio,,
2026-09-15,Vino rosado,5795.0,,0,750.0,5795.0,sandara sparkling vino rosado botella de 750 ml / 25.4 oz,pricesmart costa rica,5795.0,medio,,
2026-09-15,Vino rosado,7795.0,,0,750.0,7795.0,soupçon de fruit rosé d'anjou botella de vino rosado 750 ml / 25.4 oz,pricesmart costa rica,7795.0,medio,,
2026-09-16,Vinos general,13960.0,,0,750.0,13960.0,vino tinto fantini sangiovese - 750ml vendido por walmart,walmart costa rica,13960.0,premium,,
2026-09-15,Vino tinto,10595.0,,0,750.0,10595.0,montes limited selection vino cabernet sauvignon camenère 750 ml / 25.3 oz,pricesmart costa rica,10595.0,premium,,
2026-09-16,Vino tinto,8120.0,,0,750.0,8120.0,vino casillero del diablo merlot - 750ml,walmart costa rica,8120.0,medio,,
2026-09-15,Vino blanco,7795.0,,0,750.0,7795.0,pasqua vino blanco pinot grigio 750 ml / 25.36 oz,pricesmart costa rica,7795.0,medio,,
2026-09-16,Vino tinto,5830.0,,0,750.0,5830.0,vino tinto finca las moras malbec con 13.5% vol - 750 ml,walmart costa rica,5830.0,medio,,
2026-09-16,Vino tinto,9082.0,,0,750.0,9082.0,vino tinto dadá finca las moras - 750 ml,walmart costa rica,9082.0,medio,,
2026-09-16,Vinos general,41370.0,,0,750.0,41370.0,champagne veuve clicquot brut - 750 ml,walmart costa rica,41370.0,super premium,,
2026-09-15,Vino rosado,8250.0,,0,750.0,8250.0,vino rosado cono sur bicicleta pinot noir - 750 ml,masxmenos costa rica,8250.0,medio,,
2026-09-16,Vino blanco,5000.0,,0,750.0,5000.0,vino twin view cabernet 750ml,masxmenos costa rica,5000.0,económico,,
2026-09-11,Vinos general,13775.0,,0,750.0,13775.0,vino marquez de riscal reserva rioja - 750 ml,walmart costa rica,13775.0,premium,,
2026-09-16,Vino tinto,10010.0,,0,750.0,10010.0,vino clos dp cabernet tinto sauvignon - 2000ml vendido por walmart,walmart costa rica,10010.0,premium,,
2026-09-15,Vino tinto,9795.0,,0,750.0,9795.0,douce nature vino tinto pinot noir orgánico 750 ml / 25.36 oz,pricesmart costa rica,9795.0,medio,,
2026-09-16,Vino blanco,8380.0,,0,750.0,8380.0,vino blanco la linda sweet viognier – 750 ml,masxmenos costa rica,8380.0,medio,,
2026-09-15,Vino blanco,7795.0,,0,1500.0,7795.0,frontera concha & toro vino blanco sauvignon blanc semi 1.5 l,pricesmart costa rica,3897.5,económico,,
2026-09-15,Vino blanco,11795.0,,0,750.0,11795.0,pulpo albariño vino blanco 750 ml,pricesmart costa rica,11795.0,premium,,
2026-09-16,Vino tinto,3070.0,,0,750.0,3070.0,vino viña maipo clasic series merlot - 750 ml vendido por walmart,walmart costa rica,3070.0,económico,,
2026-09-15,Vinos general,13780.0,,0,750.0,13780.0,vino blanco casillero del diablo reserve sauvignon blanc - 750ml vendido por walmart,walmart costa rica,13780.0,premium,,
2026-09-15,Vino tinto,7795.0,,0,1500.0,7795.0,frontera merlot vino tinto chileno botella de 1.5 l / 51 oz,pricesmart costa rica,3897.5,económico,,
2026-09-15,Frontera,5930.0,,0,1500.0,5930.0,vino frontera merlot -1500 ml,masxmenos costa rica,2965.0,económico,,
2026-09-16,Vino tinto,2200.0,,0,1000.0,2200.0,vino don simon premium merlot - 1000ml,walmart costa rica,1650.0,económico,,
2026-09-16,Vinos general,5480.0,,0,750.0,5480.0,vino blanco trapiche pinot grigio -750ml,walmart costa rica,5480.0,medio,,
2026-09-16,Vinos general,13780.0,,0,750.0,13780.0,vino tinto catena malbec - 750 ml,walmart costa rica,13780.0,premium,,
2026-09-16,Vinos general,8800.0,,0,750.0,8800.0,vino blanco casillero del diablo reserve sauvignon blanc - 750ml,walmart costa rica,8800.0,medio,,
2026-09-15,Frontera,5770.0,,0,750.0,5770.0,vino blanco frontera chardonnay viñedo protegido por la naturaleza - 750 ml,masxmenos costa rica,5770.0,medio,,
2026-09-15,Vino tinto,4995.0,,0,750.0,4995.0,mantrús reserva vino tinto ribera del duero 750 ml / 25.36 oz,pricesmart costa rica,4995.0,económico,,
2026-09-11,Vino tinto,5830.0,,0,750.0,5830.0,vino tinto finca las moras malbec con 13.5% vol - 750 ml,walmart costa rica,5830.0,medio,,
2026-09-16,Vinos general,5168.0,,0,750.0,5168.0,vino tinto manischewitz de uva botella de vidrio - 750 ml,walmart costa rica,5168.0,medio,,
2026-09-15,Vino blanco,7495.0,,0,3000.0,7495.0,clos de pirque vino blanco 3 unidades / 1 l,pricesmart costa rica,1873.75,económico,,
2026-09-15,Vino tinto,7495.0,,0,3000.0,7495.0,clos de pirque vino tinto cabernet sauvignon 3 unidades / 1 l,pricesmart costa rica,1873.75,económico,,
2026-09-15,Vino tinto,9795.0,,0,750.0,9795.0,baron philippe de rothschild vino tinto cabernet sauvignon 750 ml / 25.36 oz,pricesmart costa rica,9795.0,medio,,
2026-09-15,Vino tinto,20995.0,,0,750.0,20995.0,pulenta estate malbec vino tinto 750 ml,pricesmart costa rica,20995.0,super premium,,
2026-09-15,Vino tinto,14995.0,,0,750.0,14995.0,bin 27 vino tinto reserve port fonseca 750 ml / 25.36 oz,pricesmart costa rica,14995.0,premium,,
2026-09-16,Vino tinto,3980.0,,0,1000.0,3980.0,vino clos de pirque tinto merlot - 1000ml vendido por walmart,walmart costa rica,2985.0,económico,,
2026-09-15,Frontera,9380.0,,0,750.0,9380.0,vino frontera concha y toro merlot - 750ml,masxmenos costa rica,9380.0,medio,,
2026-09-15,Vino tinto,9470.0,,0,750.0,9470.0,montecillo rioja crianza vino tinto 750 ml,pricesmart costa rica,9470.0,medio,,
2026-09-15,Vino tinto,7470.0,,0,750.0,7470.0,felino vino tinto malbec 750 ml,pricesmart costa rica,7470.0,medio,,
2026-09-15,Vino tinto,14970.0,,0,750.0,14970.0,viña alberdi vino tinto tempranillo crianza 750 ml / 25.36 oz,pricesmart costa rica,14970.0,premium,,
2026-09-15,Vino tinto,7495.0,,0,750.0,7495.0,alamos vino tinto malbec 750 ml,pricesmart costa rica,7495.0,medio,,
2026-09-16,Vino tinto,6100.0,,0,750.0,6100.0,vino tinto san telmo malbec botella - 750 ml,walmart costa rica,6100.0,medio,,
2026-09-15,Vino blanco,4900.0,,0,375.0,4900.0,vino adobe chardonnay orgánico -375 ml,masxmenos costa rica,9800.0,medio,,
2026-09-16,Vino tinto,6100.0,,0,750.0,6100.0,vino tinto torres ramon bilbao crianza - 750ml vendido por walmart,walmart costa rica,6100.0,medio,,
2026-09-15,Vino tinto,3070.0,,0,750.0,3070.0,vino viña maipo clasic series merlot - 750 ml vendido por walmart,walmart costa rica,3070.0,económico,,
2026-09-15,Vino blanco,2395.0,,0,750.0,2395.0,loma negra chardonnay classic vino blanco 750 ml / 25.4 oz,pricesmart costa rica,2395.0,económico,,
2026-09-15,Vino tinto,8795.0,,0,1500.0,8795.0,montepulciano vino tinto de frutos rojos 1.5 l / 51 oz,pricesmart costa rica,4397.5,económico,,
2026-09-15,Vino tinto,6395.0,,0,750.0,6395.0,caliterra reserva vino tinto cabernet sauvignon 750 ml,pricesmart costa rica,6395.0,medio,,
2026-09-15,Vino tinto,12995.0,,0,750.0,12995.0,catena vista flores vino tinto malbec 750 ml,pricesmart costa rica,12995.0,premium,,
2026-09-15,Vino tinto,7795.0,,0,750.0,7795.0,arrogant frog pinot noir vino tinto 750 ml,pricesmart costa rica,7795.0,medio,,
2026-09-15,Vino tinto,10995.0,,0,750.0,10995.0,portia roble tempranillo vino tinto 750 ml,pricesmart costa rica,10995.0,premium,,
2026-09-15,Vino tinto,6061.0,,0,750.0,6061.0,vino tinto cal y canto red blend - 750 ml,walmart costa rica,6061.0,medio,,
2026-09-15,Vino tinto,5495.0,,0,750.0,5495.0,manischewitz concord grape vino tinto 750 ml / 25.36 oz,pricesmart costa rica,5495.0,medio,,
2026-09-15,Vino rosado,10080.0,,0,750.0,10080.0,vino làudum barrica - 750 ml,masxmenos costa rica,10080.0,premium,,
2026-09-15,Vino tinto,14970.0,,0,750.0,14970.0,zuccardi q vino tinto malbec 750 ml,pricesmart costa rica,14970.0,premium,,
2026-09-15,Vino blanco,10495.0,,0,750.0,10495.0,los vascos vino blanco sauvignon blanc 750 ml / 25.36 oz,pricesmart costa rica,10495.0,premium,,
2026-09-15,Vino blanco,5295.0,,0,750.0,5295.0,las moras pinot grigio vino blanco botella de 750 ml / 25.4 oz,pricesmart costa rica,5295.0,medio,,
2026-09-16,Vinos general,4700.0,,0,750.0,4700.0,vino frontera frutal tropical mango maracuyá - 750 ml,walmart costa rica,4700.0,económico,,
2026-09-15,Vino blanco,11560.0,,0,750.0,11560.0,vino blanco blue nun authentic white- 750ml,masxmenos costa rica,11560.0,premium,,
2026-09-15,Vino tinto,10995.0,,0,750.0,10995.0,marques caceres crianza vino tinto 750 ml / 25.4 oz,pricesmart costa rica,10995.0,premium,,
2026-09-15,Vinos general,5480.0,,0,750.0,5480.0,vino blanco trapiche pinot grigio -750ml,walmart costa rica,5480.0,medio,,
2026-09-15,Vino rosado,8495.0,,0,750.0,8495.0,arrogant frog vino rosado 750 ml,pricesmart costa rica,8495.0,medio,,
2026-09-15,Vino tinto,11995.0,,0,750.0,11995.0,pasqua zin primitivo vino tinto 750 ml,pricesmart costa rica,11995.0,premium,,
2026-09-15,Vino rosado,8730.0,,0,750.0,8730.0,vino trivento reserva malbec rosado - 750 ml,masxmenos costa rica,8730.0,medio,,
2026-09-15,Vino rosado,5358.0,,0,750.0,5358.0,vino rosado trapiche vineyards argentino - 750 ml,masxmenos costa rica,5358.0,medio,,
2026-09-15,Vino tinto,6495.0,,0,750.0,6495.0,santa rita 120 carmenere vino tinto 750 ml,pricesmart costa rica,6495.0,medio,,
2026-09-15,Frontera,5930.0,,0,1500.0,5930.0,vino blanco frontera sauvignon blanc - 1500 ml,masxmenos costa rica,2965.0,económico,,
2026-09-15,Vino rosado,12700.0,,0,750.0,12700.0,vino les jamelles petite rosado - 750 ml,masxmenos costa rica,12700.0,premium,,
2026-09-15,Vino rosado,8280.0,,0,750.0,8280.0,vino laudum monastrell - 750 ml,masxmenos costa rica,8280.0,medio,,
2026-09-15,Vino tinto,18970.0,,0,750.0,18970.0,j lohr cabernet sauvignon vino tinto 750 ml,pricesmart costa rica,18970.0,super premium,,
2026-09-15,Frontera,7500.0,,0,750.0,7500.0,vino frontera rosado concha y toro chile - 750 ml,masxmenos costa rica,7500.0,medio,,
2026-09-15,Vino tinto,4795.0,,0,750.0,4795.0,legado muñoz vino tinto tempranillo 750 ml / 25.4 oz,pricesmart costa rica,4795.0,económico,,
2026-09-15,Vino tinto,9495.0,,0,750.0,9495.0,apothic vino tinto 750 ml / 25.4 oz,pricesmart costa rica,9495.0,medio,,
2026-09-15,Vino tinto,11195.0,,0,1500.0,11195.0,trapiche reserva vino tinto malbec 2 unidades / 750 ml / 25.36 oz + kit parrillero,pricesmart costa rica,5597.5,medio,,
2026-09-15,Vino tinto,7500.0,,0,750.0,7500.0,vino tinto don simón tempranillo -750 ml vendido por walmart,walmart costa rica,7500.0,medio,,
2026-09-15,Vino tinto,6795.0,,0,1500.0,6795.0,twin view estates cabernet sauvignon vino tinto 1.5 l,pricesmart costa rica,3397.5,económico,,
2026-09-11,Vino tinto,4650.0,,0,1000.0,4650.0,2 pack sangria peñasol tinta -1000ml,walmart costa rica,3487.5,económico,,
2026-09-16,Vino tinto,4900.0,,0,1500.0,4900.0,vino frontera merlot -1500 ml vendido por walmart,walmart costa rica,2450.0,económico,,
2026-09-15,Vino rosado,10000.0,,0,750.0,10000.0,"vino rosado freixenet, ice rose -750 ml",masxmenos costa rica,10000.0,medio,,
2026-09-15,Frontera,8940.0,,0,750.0,8940.0,vino frontera chardonnay - 1500ml,masxmenos costa rica,8940.0,medio,,
2026-09-15,Frontera,5930.0,,0,750.0,5930.0,frontera cabernet sauvignon 750ml,masxmenos costa rica,5930.0,medio,,
2026-09-15,Vino tinto,4495.0,,0,750.0,4495.0,mantrús crianza vino tinto 750 ml / 25.36 oz,pricesmart costa rica,4495.0,económico,,
2026-09-15,Vino tinto,7495.0,,0,750.0,7495.0,santa rita 120 reserva especial vino tinto 4 unidades / 187.5 ml / 6.3 oz,pricesmart costa rica,7495.0,medio,,
2026-09-11,Vinos general,5480.0,,0,750.0,5480.0,vino blanco trapiche pinot grigio -750ml,walmart costa rica,5480.0,medio,,
2026-09-15,Vino rosado,9810.0,,0,750.0,9810.0,vino laudum chardonnay - 750 ml,masxmenos costa rica,9810.0,medio,,
2026-09-15,Vinos general,41370.0,,0,750.0,41370.0,champagne veuve clicquot brut - 750 ml,walmart costa rica,41370.0,super premium,,
2026-09-15,Vino tinto,4995.0,,0,750.0,4995.0,real compañia vino tinto tempranillo botella de 750 ml / 25.4 oz,pricesmart costa rica,4995.0,económico,,
2026-09-15,Vino tinto,15995.0,,0,750.0,15995.0,marqués de riscal vino tinto rioja reserva 750 ml,pricesmart costa rica,15995.0,super premium,,
2026-09-15,Vino tinto,14995.0,,0,750.0,14995.0,campo viejo vino tinto reserva 750 ml,pricesmart costa rica,14995.0,premium,,
2026-09-15,Vino blanco,5295.0,,0,750.0,5295.0,casal mendes vino verde 750 ml / 25.4 oz,pricesmart costa rica,5295.0,medio,,
2026-09-15,Vinos general,4750.0,,0,750.0,4750.0,vino tinto trapiche vineyards malbec - 750 ml,walmart costa rica,4750.0,económico,,
2026-09-15,Vino rosado,8670.0,,0,750.0,8670.0,vino rosado cune bailarina 750mlx6,masxmenos costa rica,8670.0,medio,,
2026-09-11,Vino tinto,1980.0,,0,750.0,1980.0,vino tinto contenda merlot - 750 ml vendido por walmart,walmart costa rica,1980.0,económico,,
2026-09-15,Vino tinto,10495.0,,0,750.0,10495.0,m. chapoutier vino tinto côtes du rhône 750 ml / 25.36 oz,pricesmart costa rica,10495.0,premium,,
2026-09-15,Frontera,5910.0,,0,750.0,5910.0,vino blanco frontera spritzer chardonnay eldelflower - 750 ml,masxmenos costa rica,5910.0,medio,,
2026-09-15,Vinos general,6920.0,,0,750.0,6920.0,vino les jamelles petite rosado - 750 ml vendido por walmart,walmart costa rica,6920.0,medio,,
2026-09-15,Vinos general,9810.0,,0,750.0,9810.0,vino tinto trapiche merlot - 750 ml vendido por walmart,walmart costa rica,9810.0,medio,,
2026-09-15,Vino rosado,10943.0,,0,750.0,10943.0,vino rose carnivor apothic - 750 ml,masxmenos costa rica,10943.0,premium,,
2026-09-15,Vino rosado,10080.0,,0,750.0,10080.0,vino làudum reserva - 750 ml,masxmenos costa rica,10080.0,premium,,
2026-09-15,Vino blanco,8660.0,,0,750.0,8660.0,vino casillero del diablo phenomenal sauvignon - 750 ml,masxmenos costa rica,8660.0,medio,,
2026-09-15,Vinos general,8800.0,,0,750.0,8800.0,vino frontera frutal tropical mango maracuyá - 750 ml vendido por walmart,walmart costa rica,8800.0,medio,,
2026-09-15,Vino tinto,5295.0,,0,750.0,5295.0,finca las moras botella de vino tinto malbec suave al paladar 750 ml / 25.4 oz,pricesmart costa rica,5295.0,medio,,
2026-09-15,Vino rosado,7619.0,,0,750.0,7619.0,vino soupcon de fruit rose d&apos;anjou 2020 - 750 ml,masxmenos costa rica,7619.0,medio,,
2026-09-15,Vino rosado,9790.0,,0,750.0,9790.0,vino mr wild org rose 750 ml,masxmenos costa rica,9790.0,medio,,
2026-09-15,Vino rosado,11180.0,,0,750.0,11180.0,vino rosado frontera gently bubbly spritzer roses -750 ml,masxmenos costa rica,11180.0,premium,,
2026-09-15,Vino tinto,20795.0,,0,2250.0,20795.0,faustino rivero ulecia set vinos rioja 3 unidades / 750 ml,pricesmart costa rica,6931.67,medio,,
2026-09-15,Vinos general,8800.0,,0,750.0,8800.0,vino blanco casillero del diablo reserve sauvignon blanc - 750ml,walmart costa rica,8800.0,medio,,
2026-09-15,Frontera,4200.0,,0,750.0,4200.0,"vinos sub-categoría vino tinto vino blanco vino rosado departamento cervezas, vinos y licores rebaja exclusiva en línea rangos de precio",masxmenos costa rica,4200.0,económico,,
2026-09-11,Vino blanco,8295.0,,0,750.0,8295.0,marqués de riscal vino blanco 750 ml,pricesmart costa rica,8295.0,medio,,
2026-09-15,Vino blanco,8295.0,,0,750.0,8295.0,marqués de riscal vino blanco 750 ml,pricesmart costa rica,8295.0,medio,,
2026-09-15,Vinos general,13960.0,,0,750.0,13960.0,vino tinto fantini sangiovese - 750ml vendido por walmart,walmart costa rica,13960.0,premium,,
2026-09-15,Vino blanco,6110.0,,0,1000.0,6110.0,vino clos de pirque blanco - 1000ml,masxmenos costa rica,4582.5,económico,,
2026-09-15,Vino blanco,7080.0,,0,750.0,7080.0,vino blanco pata negra rueda verdejo - 750 ml,masxmenos costa rica,7080.0,medio,,
2026-09-15,Vino rosado,11200.0,,0,750.0,11200.0,vino rosado dark horse pinot noir - 750 ml,masxmenos costa rica,11200.0,premium,,
2026-09-15,Vino rosado,11540.0,,0,750.0,11540.0,vino làudum gran reserva - 750 ml,masxmenos costa rica,11540.0,premium,,
2026-09-11,Vino tinto,3070.0,,0,750.0,3070.0,vino viña maipo clasic series merlot - 750 ml vendido por walmart,walmart costa rica,3070.0,económico,,
2026-09-15,Vino blanco,6110.0,,0,750.0,6110.0,vino tinto fantini trebbiano d abruzzo -750ml,masxmenos costa rica,6110.0,medio,,
2026-09-11,Vino tinto,6061.0,,0,750.0,6061.0,vino tinto cal y canto red blend - 750 ml,walmart costa rica,6061.0,medio,,
2026-09-15,Vino rosado,8810.0,,0,750.0,8810.0,vino rosado ijalba rioja eco -750ml,masxmenos costa rica,8810.0,medio,,
2026-09-15,Frontera,5770.0,,0,750.0,5770.0,vino tinto frontera carmenere viñedo protegido por la naturaleza - 750 ml,masxmenos costa rica,5770.0,medio,,
2026-09-15,Frontera,5930.0,,0,750.0,5930.0,vino frontera blanco sauvignon concha y toro - 750 ml,masxmenos costa rica,5930.0,medio,,
2026-09-15,Vino tinto,8495.0,,0,750.0,8495.0,ruffino vino tinto chianti classico 750 ml / 25.36 oz,pricesmart costa rica,8495.0,medio,,
2026-09-11,Frontera,8940.0,,0,750.0,8940.0,vino frontera chardonnay - 1500ml,masxmenos costa rica,8940.0,medio,,
2026-09-15,Vino blanco,6070.0,,0,750.0,6070.0,vino blanco frontera chardonnay viñedo protegido por la naturaleza - 750 ml,masxmenos costa rica,6070.0,medio,,
2026-09-11,Frontera,4750.0,,0,750.0,4750.0,vino frontera frutal tropical mango maracuyá - 750 ml,masxmenos costa rica,4750.0,económico,,
2026-09-15,Vino tinto,5795.0,,0,750.0,5795.0,rioja próximo tempranillo vino tinto 750 ml / 25.4 oz,pricesmart costa rica,5795.0,medio,,
2026-09-15,Vino blanco,7200.0,,0,750.0,7200.0,vino blanco fantini terre siciliante pinot grigio - 750 ml,masxmenos costa rica,7200.0,medio,,
2026-09-11,Vino tinto,6100.0,,0,750.0,6100.0,vino tinto san telmo malbec botella - 750 ml,walmart costa rica,6100.0,medio,,
2026-09-11,Vino tinto,9766.0,,0,750.0,9766.0,vino tinto torres ramon bilbao crianza - 750ml,walmart costa rica,9766.0,medio,,
2026-09-15,Vinos general,6030.0,,0,750.0,6030.0,vino blanco trapiche pinot grigio -750ml vendido por walmart,walmart costa rica,6030.0,medio,,
2026-09-15,Vinos general,5480.0,,0,750.0,5480.0,vino tinto catena malbec - 750 ml vendido por walmart,walmart costa rica,5480.0,medio,,
2026-09-15,Vinos general,5190.0,,0,750.0,5190.0,vino tinto fantini sangiovese - 750ml,walmart costa rica,5190.0,medio,,
2026-09-11,Vinos general,13780.0,,0,750.0,13780.0,vino tinto catena malbec - 750 ml,walmart costa rica,13780.0,premium,,
2026-09-15,Vino rosado,9200.0,,0,750.0,9200.0,vino marques de caceres rosado rioja - 750ml,masxmenos costa rica,9200.0,medio,,
2026-09-15,Vinos general,4500.0,,0,750.0,4500.0,vino bco sta julia dulc chenin 750mlx6,walmart costa rica,4500.0,económico,,
2026-09-15,Vino blanco,7743.0,,0,750.0,7743.0,vino ruffino blanco orvieto - 750ml,masxmenos costa rica,7743.0,medio,,
2026-09-15,Vino blanco,15444.0,,0,750.0,15444.0,vino luigi bosca de sangre - 750 ml,masxmenos costa rica,15444.0,super premium,,
2026-09-15,Vino rosado,5770.0,,0,750.0,5770.0,vino soupcon de fruit rose d'anjou 2020 - 750 ml,masxmenos costa rica,5770.0,medio,,
2026-09-11,Vino rosado,9810.0,,0,750.0,9810.0,vino laudum chardonnay - 750 ml,masxmenos costa rica,9810.0,medio,,
2026-09-15,Vino blanco,6830.0,,0,750.0,6830.0,vino blanco trivento malbec reserva 2022 - 750 ml,masxmenos costa rica,6830.0,medio,,
2026-09-11,Vino blanco,8380.0,,0,750.0,8380.0,vino blanco la linda sweet viognier – 750 ml,masxmenos costa rica,8380.0,medio,,
2026-09-15,Vino tinto,15495.0,,0,750.0,15495.0,muga vino tinto español el anden de la estación 750 ml,pricesmart costa rica,15495.0,super premium,,
2026-09-11,Vino tinto,20795.0,,0,2250.0,20795.0,faustino rivero ulecia set vinos rioja 3 unidades / 750 ml,pricesmart costa rica,6931.67,medio,,
2026-09-15,Vinos general,7580.0,,0,750.0,7580.0,vino espumoso calvet celebration brut rosé - 750 ml,walmart costa rica,7580.0,medio,,
2026-09-15,Vinos general,5000.0,,0,750.0,5000.0,vino toro bravo verdejo sauvignon blanco - 750 ml,walmart costa rica,5000.0,económico,,
2026-09-15,Vino blanco,5000.0,,0,750.0,5000.0,vino twin view cabernet 750ml,masxmenos costa rica,5000.0,económico,,
2026-09-15,Vino blanco,15380.0,,0,750.0,15380.0,vino les jamelles chardonay - 750ml,masxmenos costa rica,15380.0,super premium,,
2026-09-11,Vino blanco,7500.0,,0,1500.0,7500.0,vino maipo blanco chardonnay -1.5 l,masxmenos costa rica,3750.0,económico,,
2026-09-11,Vinos general,5387.0,,0,750.0,5387.0,vino pata negra valdepenas crianza - 750 ml,walmart costa rica,5387.0,medio,,
2026-09-11,Vinos general,41370.0,,0,750.0,41370.0,champagne veuve clicquot brut - 750 ml,walmart costa rica,41370.0,super premium,,
2026-09-15,Vino blanco,4950.0,,0,750.0,4950.0,vino blanco tarapacá pinot grigio - 750 ml,masxmenos costa rica,4950.0,económico,,
2026-09-15,Vino blanco,6070.0,,0,750.0,6070.0,vino blanco protos verdejo criado sobre lias finas - 750 ml,masxmenos costa rica,6070.0,medio,,
2026-09-15,Vino blanco,8310.0,,0,750.0,8310.0,vino santa carolina chardonay botella - 750 ml,masxmenos costa rica,8310.0,medio,,
2026-09-15,Frontera,6070.0,,0,750.0,6070.0,vino rosado frontera gently bubbly spritzer roses -750 ml,masxmenos costa rica,6070.0,medio,,
2026-09-11,Vinos general,15180.0,,0,750.0,15180.0,vino tinto robert mondavi mondavi cabernet sauvignon - 750 ml vendido por walmart,walmart costa rica,15180.0,super premium,,
2026-09-11,Vino tinto,3190.0,,0,750.0,3190.0,vino tinto contenda merlot - 750 ml,walmart costa rica,3190.0,económico,,
2026-09-15,Vinos general,7358.0,,0,750.0,7358.0,vino les jamelles petite rosado - 750 ml,walmart costa rica,7358.0,medio,,
2026-09-15,Vino rosado,6140.0,,0,750.0,6140.0,vino cavicchioli lambrusco rosato dulce - 750 ml,masxmenos costa rica,6140.0,medio,,
2026-09-11,Vino blanco,15380.0,,0,750.0,15380.0,vino les jamelles chardonay - 750ml,masxmenos costa rica,15380.0,super premium,,
2026-09-11,Vinos general,5387.0,,0,750.0,5387.0,vino tarapacá tinto merlot - 750 ml,walmart costa rica,5387.0,medio,,
2026-09-11,Vino blanco,8960.0,,0,1000.0,8960.0,vino don simón premium selección chardonnay - 1000 ml,masxmenos costa rica,6720.0,medio,,
2026-09-11,Vino tinto,3980.0,,0,750.0,3980.0,vino viña maipo clasic series merlot - 750 ml,walmart costa rica,3980.0,económico,,
2026-09-15,Vino tinto,7500.0,,0,1500.0,7500.0,vino frontera merlot -1500 ml,walmart costa rica,3750.0,económico,,
2026-09-11,Vinos general,4902.0,,0,750.0,4902.0,vino blanco tarapacá pinot grigio - 750 ml,walmart costa rica,4902.0,económico,,
2026-09-11,Vino tinto,3980.0,,0,1000.0,3980.0,vino clos de pirque tinto merlot - 1000ml vendido por walmart,walmart costa rica,2985.0,económico,,
2026-09-15,Vino blanco,7500.0,,0,1500.0,7500.0,vino maipo blanco chardonnay -1.5 l,masxmenos costa rica,3750.0,económico,,
2026-09-15,Vino tinto,9766.0,,0,750.0,9766.0,vino tinto torres ramon bilbao crianza - 750ml,walmart costa rica,9766.0,medio,,
2026-09-11,Vino tinto,10010.0,,0,750.0,10010.0,vino fantini montepulciano d abruzzo 1500ml,walmart costa rica,10010.0,premium,,
2026-09-11,Vino tinto,4900.0,,0,750.0,4900.0,vino clos dp cabernet tinto sauvignon - 2000ml,walmart costa rica,4900.0,económico,,
2026-09-15,Vino blanco,8380.0,,0,750.0,8380.0,vino blanco la linda sweet viognier – 750 ml,masxmenos costa rica,8380.0,medio,,
2026-09-11,Vino rosado,9790.0,,0,750.0,9790.0,vino mr wild org rose 750 ml,masxmenos costa rica,9790.0,medio,,
2026-09-15,Vinos general,5387.0,,0,750.0,5387.0,vino tarapacá tinto merlot - 750 ml,walmart costa rica,5387.0,medio,,
2026-09-11,Vino tinto,6795.0,,0,1500.0,6795.0,gato negro cabernet sauvignon vino tinto 1.5 l / 51 oz,pricesmart costa rica,3397.5,económico,,
2026-09-15,Frontera,4750.0,,0,750.0,4750.0,vino frontera frutal tinto de verano manzana naranja - 750 ml,masxmenos costa rica,4750.0,económico,,
2026-09-11,Vino tinto,9082.0,,0,750.0,9082.0,vino tinto dadá finca las moras - 750 ml,walmart costa rica,9082.0,medio,,
2026-09-15,Vino tinto,10010.0,,0,750.0,10010.0,vino clos dp cabernet tinto sauvignon - 2000ml vendido por walmart,walmart costa rica,10010.0,premium,,
2026-09-11,Vinos general,9300.0,,0,750.0,9300.0,vino familia pasqua passimento - 750 ml vendido por walmart,walmart costa rica,9300.0,medio,,
2026-09-15,Vinos general,12144.0,,0,750.0,12144.0,vino familia pasqua passimento - 750 ml,walmart costa rica,12144.0,premium,,
2026-09-15,Vinos general,11168.0,,0,750.0,11168.0,vino tinto robert mondavi mondavi cabernet sauvignon - 750 ml,walmart costa rica,11168.0,premium,,
2026-09-11,Vino rosado,8795.0,,0,750.0,8795.0,taanug vino rosado francés aroma a fresas 750 ml,pricesmart costa rica,8795.0,medio,,
2026-09-11,Vino tinto,3190.0,,0,1000.0,3190.0,vino clos de pirque cabernet sauvignon - 1000ml vendido por walmart,walmart costa rica,2392.5,económico,,
2026-09-11,Frontera,5930.0,,0,750.0,5930.0,frontera cabernet sauvignon 750ml,masxmenos costa rica,5930.0,medio,,
2026-09-11,Vinos general,7580.0,,0,750.0,7580.0,vino espumoso calvet celebration brut rosé - 750 ml,walmart costa rica,7580.0,medio,,
2026-09-15,Vinos general,11500.0,,0,750.0,11500.0,vino tinto luigi bosca malbec - 750 ml,walmart costa rica,11500.0,premium,,
2026-09-15,Vinos general,13775.0,,0,750.0,13775.0,vino marquez de riscal reserva rioja - 750 ml,walmart costa rica,13775.0,premium,,
2026-09-15,Vino blanco,3895.0,,0,1500.0,3895.0,vino blanco pasqua pinot grigio -1500ml,masxmenos costa rica,1947.5,económico,,
2026-09-11,Vino tinto,11195.0,,0,1500.0,11195.0,trapiche reserva vino tinto malbec 2 unidades / 750 ml / 25.36 oz + kit parrillero,pricesmart costa rica,5597.5,medio,,
2026-09-15,Vino tinto,4900.0,,0,750.0,4900.0,vino clos dp cabernet tinto sauvignon - 2000ml,walmart costa rica,4900.0,económico,,
2026-09-11,Vino rosado,10000.0,,0,750.0,10000.0,"vino rosado freixenet, ice rose -750 ml",masxmenos costa rica,10000.0,medio,,
2026-09-15,Vinos general,15180.0,,0,750.0,15180.0,vino tinto robert mondavi mondavi cabernet sauvignon - 750 ml vendido por walmart,walmart costa rica,15180.0,super premium,,
2026-09-15,Vino tinto,3190.0,,0,1000.0,3190.0,vino clos de pirque cabernet sauvignon - 1000ml vendido por walmart,walmart costa rica,2392.5,económico,,
2026-09-11,Vino blanco,5000.0,,0,750.0,5000.0,vino twin view cabernet 750ml,masxmenos costa rica,5000.0,económico,,
2026-09-11,Vinos general,11168.0,,0,750.0,11168.0,vino tinto robert mondavi mondavi cabernet sauvignon - 750 ml,walmart costa rica,11168.0,premium,,
2026-09-11,Vinos general,5190.0,,0,750.0,5190.0,vino tinto fantini sangiovese - 750ml,walmart costa rica,5190.0,medio,,
2026-09-11,Vino blanco,6110.0,,0,750.0,6110.0,vino tinto fantini trebbiano d abruzzo -750ml,masxmenos costa rica,6110.0,medio,,
2026-09-11,Vinos general,6920.0,,0,750.0,6920.0,vino les jamelles petite rosado - 750 ml vendido por walmart,walmart costa rica,6920.0,medio,,
2026-09-11,Vinos general,4700.0,,0,750.0,4700.0,vino frontera frutal tropical mango maracuyá - 750 ml,walmart costa rica,4700.0,económico,,
2026-09-11,Vinos general,6935.0,,0,1500.0,6935.0,vino tinto santa carolina cabernet sauvignon -1500 ml,walmart costa rica,3467.5,económico,,
2026-09-11,Vinos general,4500.0,,0,750.0,4500.0,vino bco sta julia dulc chenin 750mlx6,walmart costa rica,4500.0,económico,,
2026-09-11,Vino tinto,10010.0,,0,750.0,10010.0,vino clos dp cabernet tinto sauvignon - 2000ml vendido por walmart,walmart costa rica,10010.0,premium,,
2026-09-11,Vino tinto,4900.0,,0,1500.0,4900.0,vino frontera merlot -1500 ml vendido por walmart,walmart costa rica,2450.0,económico,,
2026-09-11,Vino tinto,2395.0,,0,750.0,2395.0,loma negra vino tinto merlot 750 ml / 25.4 oz,pricesmart costa rica,2395.0,económico,,
2026-09-11,Vino rosado,8810.0,,0,750.0,8810.0,vino rosado ijalba rioja eco -750ml,masxmenos costa rica,8810.0,medio,,
2026-09-11,Vino tinto,2200.0,,0,1000.0,2200.0,vino don simon premium merlot - 1000ml,walmart costa rica,1650.0,económico,,
2026-09-11,Vino tinto,7495.0,,0,750.0,7495.0,alamos vino tinto malbec 750 ml,pricesmart costa rica,7495.0,medio,,
2026-09-15,Vino blanco,2530.0,,0,750.0,2530.0,vino peter brum liebfraulmil blan - 750ml,masxmenos costa rica,2530.0,económico,,
2026-09-11,Vino blanco,7743.0,,0,750.0,7743.0,vino ruffino blanco orvieto - 750ml,masxmenos costa rica,7743.0,medio,,
2026-09-11,Vino rosado,8250.0,,0,750.0,8250.0,vino rosado cono sur bicicleta pinot noir - 750 ml,masxmenos costa rica,8250.0,medio,,
2026-09-11,Vino rosado,8670.0,,0,750.0,8670.0,vino rosado cune bailarina 750mlx6,masxmenos costa rica,8670.0,medio,,
2026-09-11,Vino tinto,10995.0,,0,750.0,10995.0,marques caceres crianza vino tinto 750 ml / 25.4 oz,pricesmart costa rica,10995.0,premium,,
2026-09-11,Vino tinto,12995.0,,0,750.0,12995.0,catena vista flores vino tinto malbec 750 ml,pricesmart costa rica,12995.0,premium,,
2026-09-11,Vino rosado,11180.0,,0,750.0,11180.0,vino rosado frontera gently bubbly spritzer roses -750 ml,masxmenos costa rica,11180.0,premium,,
2026-09-11,Vino tinto,5295.0,,0,750.0,5295.0,finca las moras botella de vino tinto malbec suave al paladar 750 ml / 25.4 oz,pricesmart costa rica,5295.0,medio,,
2026-09-16,Vinos general,11500.0,,0,750.0,11500.0,vino tinto luigi bosca malbec - 750 ml,walmart costa rica,11500.0,premium,,
2026-09-11,Vino tinto,7500.0,,0,1500.0,7500.0,vino frontera merlot -1500 ml,walmart costa rica,3750.0,económico,,
2026-09-15,Vinos general,4700.0,,0,750.0,4700.0,vino frontera frutal tropical mango maracuyá - 750 ml,walmart costa rica,4700.0,económico,,
2026-09-11,Vino tinto,11295.0,,0,750.0,11295.0,ramon bilbao vino tinto crianza 750 ml,pricesmart costa rica,11295.0,premium,,
2026-09-11,Vinos general,8800.0,,0,750.0,8800.0,vino blanco casillero del diablo reserve sauvignon blanc - 750ml,walmart costa rica,8800.0,medio,,
2026-09-11,Frontera,5910.0,,0,750.0,5910.0,vino blanco frontera spritzer chardonnay eldelflower - 750 ml,masxmenos costa rica,5910.0,medio,,
2026-09-11,Vino rosado,5358.0,,0,750.0,5358.0,vino rosado trapiche vineyards argentino - 750 ml,masxmenos costa rica,5358.0,medio,,
2026-09-11,Vino tinto,9495.0,,0,750.0,9495.0,apothic vino tinto 750 ml / 25.4 oz,pricesmart costa rica,9495.0,medio,,
2026-09-11,Vino rosado,11540.0,,0,750.0,11540.0,vino làudum gran reserva - 750 ml,masxmenos costa rica,11540.0,premium,,
2026-09-11,Vinos general,13960.0,,0,750.0,13960.0,vino tinto fantini sangiovese - 750ml vendido por walmart,walmart costa rica,13960.0,premium,,
2026-09-11,Vino blanco,3895.0,,0,1500.0,3895.0,vino blanco pasqua pinot grigio -1500ml,masxmenos costa rica,1947.5,económico,,
2026-09-11,Vino rosado,9200.0,,0,750.0,9200.0,vino marques de caceres rosado rioja - 750ml,masxmenos costa rica,9200.0,medio,,
2026-09-11,Vinos general,11500.0,,0,750.0,11500.0,vino tinto luigi bosca malbec - 750 ml,walmart costa rica,11500.0,premium,,
2026-09-11,Vinos general,6030.0,,0,750.0,6030.0,vino tinto trapiche merlot - 750 ml,walmart costa rica,6030.0,medio,,
2026-09-15,Vino tinto,6100.0,,0,750.0,6100.0,vino tinto torres ramon bilbao crianza - 750ml vendido por walmart,walmart costa rica,6100.0,medio,,
2026-09-11,Vino tinto,11995.0,,0,750.0,11995.0,pasqua zin primitivo vino tinto 750 ml,pricesmart costa rica,11995.0,premium,,
2026-09-11,Vino rosado,5770.0,,0,750.0,5770.0,vino soupcon de fruit rose d'anjou 2020 - 750 ml,masxmenos costa rica,5770.0,medio,,
2026-09-11,Vinos general,9810.0,,0,750.0,9810.0,vino tinto trapiche merlot - 750 ml vendido por walmart,walmart costa rica,9810.0,medio,,
2026-09-11,Vino rosado,10080.0,,0,750.0,10080.0,vino làudum reserva - 750 ml,masxmenos costa rica,10080.0,premium,,
2026-09-11,Frontera,5930.0,,0,1500.0,5930.0,vino blanco frontera sauvignon blanc - 1500 ml,masxmenos costa rica,2965.0,económico,,
2026-09-11,Vino blanco,4900.0,,0,375.0,4900.0,vino adobe chardonnay orgánico -375 ml,masxmenos costa rica,9800.0,medio,,
2026-09-11,Vino tinto,7495.0,,0,750.0,7495.0,santa rita 120 reserva especial vino tinto 4 unidades / 187.5 ml / 6.3 oz,pricesmart costa rica,7495.0,medio,,
2026-09-11,Vino blanco,7080.0,,0,750.0,7080.0,vino blanco pata negra rueda verdejo - 750 ml,masxmenos costa rica,7080.0,medio,,
2026-09-11,Vino tinto,3980.0,,0,750.0,3980.0,vino viña maipo classic series cabernet sauvignon -750 ml,walmart costa rica,3980.0,económico,,
2026-09-15,Vinos general,5387.0,,0,750.0,5387.0,vino pata negra valdepenas crianza - 750 ml,walmart costa rica,5387.0,medio,,
2026-09-11,Vino tinto,3830.0,,0,750.0,3830.0,vino tinto teber dulce - 750ml,walmart costa rica,3830.0,económico,,
2026-09-29,Vino rosado,3970.0,,0,750.0,3970.0,viña esmeralda vino rosado español aroma frutal 750 ml,pricesmart costa rica,3970.0,económico,450.38,455.6
2026-09-29,Vino rosado,7495.0,,0,750.0,7495.0,ramón bilbao vino rosado 750 ml / 25.36 oz,pricesmart costa rica,7495.0,medio,450.38,455.6
2026-09-29,Vino rosado,7795.0,,0,750.0,7795.0,dibon vino rosado sin alcohol 750 ml / 25.3 oz,pricesmart costa rica,7795.0,medio,450.38,455.6
2026-09-29,Vino rosado,13995.0,,0,750.0,13995.0,pasqua 11 minutes vino rosado 750 ml,pricesmart costa rica,13995.0,premium,450.38,455.6
2026-09-29,Vino rosado,7795.0,,0,750.0,7795.0,soupçon de fruit rosé d'anjou botella de vino rosado 750 ml / 25.4 oz,pricesmart costa rica,7795.0,medio,450.38,455.6
2026-09-29,Vino rosado,12470.0,,0,750.0,12470.0,the beach by whispering angel vino rosado francés 750 ml,pricesmart costa rica,12470.0,premium,450.38,455.6
2026-09-29,Vino rosado,5795.0,,0,750.0,5795.0,astoria prosecco rosé vino rosado 750 ml / 25.4 oz,pricesmart costa rica,5795.0,medio,450.38,455.6
2026-09-29,Vino rosado,7795.0,,0,1000.0,7795.0,mateus the original vino rosado espumoso portugués 1 l,pricesmart costa rica,5846.25,medio,450.38,455.6
2026-09-29,Vino rosado,6370.0,,0,750.0,6370.0,pack jp chenet rosé dry vino espumoso 750 ml + chocolate vizzio 70 g,pricesmart costa rica,6370.0,medio,450.38,455.6
2026-09-29,Vino rosado,8795.0,,0,750.0,8795.0,les jamelles vino rosado francés 750 ml / 25.36 oz,pricesmart costa rica,8795.0,medio,450.38,455.6
2026-09-29,Vino rosado,5995.0,,0,750.0,5995.0,woodbridge vino rosado zinfandel blanco 750 ml / 25.36 oz,pricesmart costa rica,5995.0,medio,450.38,455.6
2026-09-29,Vino rosado,7495.01,,0,750.0,7495.01,calvet rose d'anjou vino rosado 750 ml / 25.4 oz,pricesmart costa rica,7495.01,medio,450.38,455.6
2026-09-29,Vino blanco,9995.0,,0,750.0,9995.0,torresella pinot grigio delle venezie vino blanco 750 ml,pricesmart costa rica,9995.0,medio,450.38,455.6
2026-09-29,Vino blanco,5495.0,,0,750.0,5495.0,las moras pinot grigio vino blanco botella de 750 ml / 25.4 oz,pricesmart costa rica,5495.0,medio,450.38,455.6
2026-09-29,Vino blanco,11795.0,,0,750.0,11795.0,pulpo albariño vino blanco 750 ml,pricesmart costa rica,11795.0,premium,450.38,455.6
2026-09-29,Vino blanco,5495.0,,0,750.0,5495.0,casal mendes vino verde 750 ml / 25.4 oz,pricesmart costa rica,5495.0,medio,450.38,455.6
2026-09-28,Vino rosado,5995.0,,0,750.0,5995.0,woodbridge vino rosado zinfandel blanco 750 ml / 25.36 oz,pricesmart costa rica,5995.0,medio,450.38,455.6
2026-09-28,Vino rosado,7495.01,,0,750.0,7495.01,calvet rose d'anjou vino rosado 750 ml / 25.4 oz,pricesmart costa rica,7495.01,medio,450.38,455.6
2026-09-28,Vino blanco,9995.0,,0,750.0,9995.0,torresella pinot grigio delle venezie vino blanco 750 ml,pricesmart costa rica,9995.0,medio,450.38,455.6
2026-09-28,Vino blanco,7995.0,,0,750.0,7995.0,casal garcía vino blanco vinho verde 750 ml,pricesmart costa rica,7995.0,medio,450.38,455.6
2026-09-28,Vino blanco,5495.0,,0,750.0,5495.0,las moras pinot grigio vino blanco botella de 750 ml / 25.4 oz,pricesmart costa rica,5495.0,medio,450.38,455.6
2026-09-28,Vino blanco,11795.0,,0,750.0,11795.0,pulpo albariño vino blanco 750 ml,pricesmart costa rica,11795.0,premium,450.38,455.6
2026-09-27,Vino blanco,5495.0,,0,750.0,5495.0,casal mendes vino verde 750 ml / 25.4 oz,pricesmart costa rica,5495.0,medio,450.38,455.6
2026-09-27,Vino blanco,11795.0,,0,750.0,11795.0,pulpo albariño vino blanco 750 ml,pricesmart costa rica,11795.0,premium,450.38,455.6
2026-09-27,Vino blanco,5495.0,,0,750.0,5495.0,las moras pinot grigio vino blanco botella de 750 ml / 25.4 oz,pricesmart costa rica,5495.0,medio,450.38,455.6
2026-09-27,Vino blanco,7995.0,,0,750.0,7995.0,casal garcía vino blanco vinho verde 750 ml,pricesmart costa rica,7995.0,medio,450.38,455.6
2026-09-27,Vino blanco,9495.0,,0,750.0,9495.0,gemma di luna pinot grigio vino blanco 750 ml,pricesmart costa rica,9495.0,medio,450.38,455.6
2026-09-27,Vino rosado,7495.01,,0,750.0,7495.01,calvet rose d'anjou vino rosado 750 ml / 25.4 oz,pricesmart costa rica,7495.01,medio,450.38,455.6
2026-09-27,Vino rosado,5995.0,,0,750.0,5995.0,woodbridge vino rosado zinfandel blanco 750 ml / 25.36 oz,pricesmart costa rica,5995.0,medio,450.38,455.6
2026-09-27,Vino rosado,8795.0,,0,750.0,8795.0,les jamelles vino rosado francés 750 ml / 25.36 oz,pricesmart costa rica,8795.0,medio,450.38,455.6
2026-09-27,Vino tinto,4970.0,,0,750.0,4970.0,arrogante frog cabernet sauvignon merlot vino tinto 750 ml,pricesmart costa rica,4970.0,económico,450.38,455.6
2026-09-27,Vino blanco,2395.0,,0,750.0,2395.0,loma negra chardonnay classic vino blanco 750 ml / 25.4 oz,pricesmart costa rica,2395.0,económico,450.38,455.6
2026-09-26,Vino tinto,7670.0,,0,750.0,7670.0,douce nature vino tinto pinot noir orgánico 750 ml / 25.36 oz,pricesmart costa rica,7670.0,medio,450.87,454.15
2026-09-25,Vino tinto,9470.0,,0,750.0,9470.0,montecillo rioja crianza vino tinto 750 ml,pricesmart costa rica,9470.0,medio,450.75,453.98
2026-09-25,Vino tinto,3770.0,,0,750.0,3770.0,mantrús crianza vino tinto 750 ml / 25.36 oz,pricesmart costa rica,3770.0,económico,450.75,453.98
2026-09-25,Vino tinto,4995.0,,0,750.0,4995.0,mantrús reserva vino tinto ribera del duero 750 ml / 25.36 oz,pricesmart costa rica,4995.0,económico,450.75,453.98
2026-09-26,Vino blanco,7795.0,,0,1500.0,7795.0,frontera concha & toro vino blanco sauvignon blanc semi 1.5 l,pricesmart costa rica,3897.5,económico,450.87,454.15
2026-09-26,Vino blanco,7995.0,,0,750.0,7995.0,marqués de riscal vino blanco 750 ml,pricesmart costa rica,7995.0,medio,450.87,454.15
2026-09-27,Vino tinto,6495.0,,0,750.0,6495.0,santa rita 120 carmenere vino tinto 750 ml,pricesmart costa rica,6495.0,medio,450.38,455.6
2026-09-27,Vino tinto,14295.0,,0,750.0,14295.0,bin 27 vino tinto reserve port fonseca 750 ml / 25.36 oz,pricesmart costa rica,14295.0,premium,450.38,455.6
2026-09-27,Vino tinto,20995.0,,0,750.0,20995.0,pulenta estate malbec vino tinto 750 ml,pricesmart costa rica,20995.0,super premium,450.38,455.6
2026-09-27,Vino tinto,6495.0,,0,750.0,6495.0,caliterra reserva vino tinto cabernet sauvignon 750 ml,pricesmart costa rica,6495.0,medio,450.38,455.6
2026-09-27,Vino tinto,4995.0,,0,750.0,4995.0,mantrús reserva vino tinto ribera del duero 750 ml / 25.36 oz,pricesmart costa rica,4995.0,económico,450.38,455.6
2026-09-27,Vino tinto,9470.0,,0,750.0,9470.0,montecillo rioja crianza vino tinto 750 ml,pricesmart costa rica,9470.0,medio,450.38,455.6
2026-09-27,Vino tinto,3770.0,,0,750.0,3770.0,mantrús crianza vino tinto 750 ml / 25.36 oz,pricesmart costa rica,3770.0,económico,450.38,455.6
2026-09-27,Vino tinto,5995.0,,0,750.0,5995.0,misiones de rengo vino tinto cabernet sauvignon 750 ml / 25.36 oz,pricesmart costa rica,5995.0,medio,450.38,455.6
2026-09-25,Vino blanco,2395.0,,0,750.0,2395.0,loma negra chardonnay classic vino blanco 750 ml / 25.4 oz,pricesmart costa rica,2395.0,económico,450.75,453.98
2026-09-25,Vino tinto,5995.0,,0,750.0,5995.0,misiones de rengo vino tinto cabernet sauvignon 750 ml / 25.36 oz,pricesmart costa rica,5995.0,medio,450.75,453.98
2026-09-27,Vino rosado,7795.0,,0,750.0,7795.0,soupçon de fruit rosé d'anjou botella de vino rosado 750 ml / 25.4 oz,pricesmart costa rica,7795.0,medio,450.38,455.6
2026-09-27,Vino rosado,12470.0,,0,750.0,12470.0,the beach by whispering angel vino rosado francés 750 ml,pricesmart costa rica,12470.0,premium,450.38,455.6
2026-09-27,Vino rosado,13995.0,,0,750.0,13995.0,pasqua 11 minutes vino rosado 750 ml,pricesmart costa rica,13995.0,premium,450.38,455.6
2026-09-27,Vino rosado,7795.0,,0,1000.0,7795.0,mateus the original vino rosado espumoso portugués 1 l,pricesmart costa rica,5846.25,medio,450.38,455.6
2026-09-27,Vino rosado,3970.0,,0,750.0,3970.0,viña esmeralda vino rosado español aroma frutal 750 ml,pricesmart costa rica,3970.0,económico,450.38,455.6
2026-09-27,Vino rosado,8795.0,,0,750.0,8795.0,taanug vino rosado francés aroma a fresas 750 ml,pricesmart costa rica,8795.0,medio,450.38,455.6
2026-09-17,Vino rosado,12470.0,,0,750.0,12470.0,the beach by whispering angel vino rosado francés 750 ml,pricesmart costa rica,12470.0,premium,444.46,449.49
2026-09-17,Vino rosado,7795.0,,0,750.0,7795.0,soupçon de fruit rosé d'anjou botella de vino rosado 750 ml / 25.4 oz,pricesmart costa rica,7795.0,medio,444.46,449.49
2026-09-10,Vinos general,5480.0,,0,750.0,5480.0,vino tinto catena malbec - 750 ml vendido por walmart,walmart costa rica,5480.0,medio,446.61,451.08
2026-09-10,Vino tinto,6495.0,,0,750.0,6495.0,santa rita 120 carmenere vino tinto 750 ml,pricesmart costa rica,6495.0,medio,446.61,451.08
2026-09-18,Vino blanco,5495.0,,0,750.0,5495.0,casal mendes vino verde 750 ml / 25.4 oz,pricesmart costa rica,5495.0,medio,443.43,448.21
2026-09-20,Vino blanco,5495.0,,0,750.0,5495.0,las moras pinot grigio vino blanco botella de 750 ml / 25.4 oz,pricesmart costa rica,5495.0,medio,443.27,449.24
2026-09-25,Vino blanco,7995.0,,0,750.0,7995.0,marqués de riscal vino blanco 750 ml,pricesmart costa rica,7995.0,medio,450.75,453.98
2026-09-25,Vino blanco,7495.0,,0,750.0,7495.0,protos verdejo vino blanco 750 ml,pricesmart costa rica,7495.0,medio,450.75,453.98
2026-09-26,Vino tinto,12995.0,,0,750.0,12995.0,catena vista flores vino tinto malbec 750 ml,pricesmart costa rica,12995.0,premium,450.87,454.15
2026-09-26,Vino tinto,7495.0,,0,750.0,7495.0,santa rita 120 reserva especial vino tinto 4 unidades / 187.5 ml / 6.3 oz,pricesmart costa rica,7495.0,medio,450.87,454.15
2026-09-27,Vino blanco,7495.0,,0,750.0,7495.0,protos verdejo vino blanco 750 ml,pricesmart costa rica,7495.0,medio,450.38,455.6
2026-09-27,Vino blanco,7995.0,,0,750.0,7995.0,marqués de riscal vino blanco 750 ml,pricesmart costa rica,7995.0,medio,450.38,455.6
2026-09-27,Vino blanco,7795.0,,0,1500.0,7795.0,frontera concha & toro vino blanco sauvignon blanc semi 1.5 l,pricesmart costa rica,3897.5,económico,450.38,455.6
2026-09-27,Vino blanco,15495.0,,0,750.0,15495.0,santa margherita vino blanco pinot grigio 750 ml / 25.36 oz,pricesmart costa rica,15495.0,super premium,450.38,455.6
2026-09-27,Vino blanco,6795.0,,0,3000.0,6795.0,clos de pirque vino blanco 3 unidades / 1 l,pricesmart costa rica,1698.75,económico,450.38,455.6
2026-09-27,Vino blanco,10495.0,,0,750.0,10495.0,los vascos vino blanco sauvignon blanc 750 ml / 25.36 oz,pricesmart costa rica,10495.0,premium,450.38,455.6
2026-09-26,Vino blanco,7495.0,,0,750.0,7495.0,protos verdejo vino blanco 750 ml,pricesmart costa rica,7495.0,medio,450.87,454.15
2026-09-26,Vino blanco,2395.0,,0,750.0,2395.0,loma negra chardonnay classic vino blanco 750 ml / 25.4 oz,pricesmart costa rica,2395.0,económico,450.87,454.15
2026-09-26,Vino tinto,4970.0,,0,750.0,4970.0,arrogante frog cabernet sauvignon merlot vino tinto 750 ml,pricesmart costa rica,4970.0,económico,450.87,454.15
2026-09-26,Vino tinto,3770.0,,0,750.0,3770.0,mantrús crianza vino tinto 750 ml / 25.36 oz,pricesmart costa rica,3770.0,económico,450.87,454.15
2026-09-26,Vino tinto,5995.0,,0,750.0,5995.0,misiones de rengo vino tinto cabernet sauvignon 750 ml / 25.36 oz,pricesmart costa rica,5995.0,medio,450.87,454.15
2026-09-26,Vino tinto,9470.0,,0,750.0,9470.0,montecillo rioja crianza vino tinto 750 ml,pricesmart costa rica,9470.0,medio,450.87,454.15
2026-09-26,Vino tinto,10495.0,,0,750.0,10495.0,m. chapoutier vino tinto côtes du rhône 750 ml / 25.36 oz,pricesmart costa rica,10495.0,premium,450.87,454.15
2026-09-26,Vino tinto,13795.0,,0,3000.0,13795.0,carlo rossi vino tinto cuerpo medio 3 l / 101.4 oz,pricesmart costa rica,3448.75,económico,450.87,454.15
2026-09-23,Vino tinto,3770.0,,0,750.0,3770.0,mantrús crianza vino tinto 750 ml / 25.36 oz,pricesmart costa rica,3770.0,económico,445.27,450.0
2026-09-23,Vino tinto,4995.0,,0,750.0,4995.0,mantrús reserva vino tinto ribera del duero 750 ml / 25.36 oz,pricesmart costa rica,4995.0,económico,445.27,450.0
2026-09-25,Vino tinto,4970.0,,0,750.0,4970.0,arrogante frog cabernet sauvignon merlot vino tinto 750 ml,pricesmart costa rica,4970.0,económico,450.75,453.98
2026-09-23,Vino tinto,6495.0,,0,750.0,6495.0,caliterra reserva vino tinto cabernet sauvignon 750 ml,pricesmart costa rica,6495.0,medio,445.27,450.0
2026-09-23,Vino tinto,20995.0,,0,750.0,20995.0,pulenta estate malbec vino tinto 750 ml,pricesmart costa rica,20995.0,super premium,445.27,450.0
2026-09-23,Vino tinto,6495.0,,0,750.0,6495.0,santa rita 120 carmenere vino tinto 750 ml,pricesmart costa rica,6495.0,medio,445.27,450.0
2026-09-25,Vino blanco,7995.0,,0,750.0,7995.0,casal garcía vino blanco vinho verde 750 ml,pricesmart costa rica,7995.0,medio,450.75,453.98
2026-09-25,Vino blanco,5495.0,,0,750.0,5495.0,las moras pinot grigio vino blanco botella de 750 ml / 25.4 oz,pricesmart costa rica,5495.0,medio,450.75,453.98
2026-09-17,Vino blanco,10495.0,,0,750.0,10495.0,los vascos vino blanco sauvignon blanc 750 ml / 25.36 oz,pricesmart costa rica,10495.0,premium,444.46,449.49
2026-09-17,Vino blanco,11795.0,,0,750.0,11795.0,pulpo albariño vino blanco 750 ml,pricesmart costa rica,11795.0,premium,444.46,449.49
2026-09-10,Vinos general,9300.0,,0,750.0,9300.0,vino familia pasqua passimento - 750 ml vendido por walmart,walmart costa rica,9300.0,medio,446.61,451.08
2026-09-10,Vino blanco,7500.0,,0,1500.0,7500.0,vino maipo blanco chardonnay -1.5 l,masxmenos costa rica,3750.0,económico,446.61,451.08
2026-09-17,Frontera,4200.0,,0,750.0,4200.0,"vinos sub-categoría vino tinto vino blanco vino rosado departamento cervezas, vinos y licores rebaja exclusiva en línea rangos de precio",masxmenos costa rica,4200.0,económico,444.46,449.49
2026-09-18,Vino tinto,10495.0,,0,750.0,10495.0,montes limited selection vino cabernet sauvignon camenère 750 ml / 25.3 oz,pricesmart costa rica,10495.0,premium,443.43,448.21
2026-09-24,Vino tinto,6495.0,,0,750.0,6495.0,caliterra reserva vino tinto cabernet sauvignon 750 ml,pricesmart costa rica,6495.0,medio,447.19,451.86
2026-09-24,Vino tinto,7670.0,,0,750.0,7670.0,douce nature vino tinto pinot noir orgánico 750 ml / 25.36 oz,pricesmart costa rica,7670.0,medio,447.19,451.86
2026-09-26,Vino blanco,5495.0,,0,750.0,5495.0,las moras pinot grigio vino blanco botella de 750 ml / 25.4 oz,pricesmart costa rica,5495.0,medio,450.87,454.15
2026-09-26,Vino blanco,11795.0,,0,750.0,11795.0,pulpo albariño vino blanco 750 ml,pricesmart costa rica,11795.0,premium,450.87,454.15
2026-09-26,Vino tinto,20795.0,,0,2250.0,20795.0,faustino rivero ulecia set vinos rioja 3 unidades / 750 ml,pricesmart costa rica,6931.67,medio,450.87,454.15
2026-09-26,Vino blanco,10495.0,,0,750.0,10495.0,los vascos vino blanco sauvignon blanc 750 ml / 25.36 oz,pricesmart costa rica,10495.0,premium,450.87,454.15
2026-09-26,Vino blanco,6795.0,,0,3000.0,6795.0,clos de pirque vino blanco 3 unidades / 1 l,pricesmart costa rica,1698.75,económico,450.87,454.15
2026-09-26,Vino blanco,15495.0,,0,750.0,15495.0,santa margherita vino blanco pinot grigio 750 ml / 25.36 oz,pricesmart costa rica,15495.0,super premium,450.87,454.15
2026-09-16,Vino tinto,7495.0,,0,750.0,7495.0,alamos vino tinto malbec 750 ml,pricesmart costa rica,7495.0,medio,444.46,449.49
2026-09-17,Vino rosado,13995.0,,0,750.0,13995.0,pasqua 11 minutes vino rosado 750 ml,pricesmart costa rica,13995.0,premium,444.46,449.49
2026-09-25,Vino blanco,11795.0,,0,750.0,11795.0,pulpo albariño vino blanco 750 ml,pricesmart costa rica,11795.0,premium,450.75,453.98
2026-09-25,Vino blanco,5495.0,,0,750.0,5495.0,casal mendes vino verde 750 ml / 25.4 oz,pricesmart costa rica,5495.0,medio,450.75,453.98
2026-09-21,Vino blanco,7495.0,,0,750.0,7495.0,protos verdejo vino blanco 750 ml,pricesmart costa rica,7495.0,medio,443.27,449.24
2026-09-21,Vino blanco,6795.0,,0,3000.0,6795.0,clos de pirque vino blanco 3 unidades / 1 l,pricesmart costa rica,1698.75,económico,443.27,449.24
2026-09-21,Vino blanco,10495.0,,0,750.0,10495.0,los vascos vino blanco sauvignon blanc 750 ml / 25.36 oz,pricesmart costa rica,10495.0,premium,443.27,449.24
2026-09-21,Vino tinto,11995.0,,0,750.0,11995.0,pasqua zin primitivo vino tinto 750 ml,pricesmart costa rica,11995.0,premium,443.27,449.24
2026-09-26,Vino blanco,7795.0,,0,750.0,7795.0,pasqua vino blanco pinot grigio 750 ml / 25.36 oz,pricesmart costa rica,7795.0,medio,450.87,454.15
2026-09-26,Vino blanco,7995.0,,0,750.0,7995.0,casal garcía vino blanco vinho verde 750 ml,pricesmart costa rica,7995.0,medio,450.87,454.15
2026-09-21,Vino tinto,10995.0,,0,750.0,10995.0,marques caceres crianza vino tinto 750 ml / 25.4 oz,pricesmart costa rica,10995.0,premium,443.27,449.24
2026-09-21,Vino tinto,9495.0,,0,750.0,9495.0,apothic vino tinto 750 ml / 25.4 oz,pricesmart costa rica,9495.0,medio,443.27,449.24
2026-09-23,Vino tinto,14295.0,,0,750.0,14295.0,bin 27 vino tinto reserve port fonseca 750 ml / 25.36 oz,pricesmart costa rica,14295.0,premium,445.27,450.0
2026-09-21,Vino tinto,5495.0,,0,750.0,5495.0,manischewitz concord grape vino tinto 750 ml / 25.36 oz,pricesmart costa rica,5495.0,medio,443.27,449.24
2026-09-21,Vino tinto,8795.0,,0,750.0,8795.0,hacienda lópez de haro vino crianza 750 ml,pricesmart costa rica,8795.0,medio,443.27,449.24
2026-09-16,Vino tinto,13795.0,,0,3000.0,13795.0,carlo rossi vino tinto cuerpo medio 3 l / 101.4 oz,pricesmart costa rica,3448.75,económico,444.46,449.49
2026-09-21,Vino blanco,2395.0,,0,750.0,2395.0,loma negra chardonnay classic vino blanco 750 ml / 25.4 oz,pricesmart costa rica,2395.0,económico,443.27,449.24
2026-09-21,Vino blanco,7995.0,,0,750.0,7995.0,marqués de riscal vino blanco 750 ml,pricesmart costa rica,7995.0,medio,443.27,449.24
2026-09-16,Vino tinto,5795.0,,0,750.0,5795.0,rioja próximo tempranillo vino tinto 750 ml / 25.4 oz,pricesmart costa rica,5795.0,medio,444.46,449.49
2026-09-16,Vino tinto,2395.0,,0,750.0,2395.0,loma negra vino tinto merlot 750 ml / 25.4 oz,pricesmart costa rica,2395.0,económico,444.46,449.49
2026-09-10,Vino blanco,11560.0,,0,750.0,11560.0,vino blanco blue nun authentic white- 750ml,masxmenos costa rica,11560.0,premium,446.61,451.08
2026-09-10,Vino blanco,3895.0,,0,1500.0,3895.0,vino blanco pasqua pinot grigio -1500ml,masxmenos costa rica,1947.5,económico,446.61,451.08
2026-09-17,Vino rosado,6370.0,,0,750.0,6370.0,pack jp chenet rosé dry vino espumoso 750 ml + chocolate vizzio 70 g,pricesmart costa rica,6370.0,medio,444.46,449.49
2026-09-17,Vino rosado,8020.0,,0,750.0,8020.0,vino marques de caceres rosado rioja - 750ml patrocinado,masxmenos costa rica,8020.0,medio,444.46,449.49
2026-09-23,Vino tinto,5995.0,,0,750.0,5995.0,misiones de rengo vino tinto cabernet sauvignon 750 ml / 25.36 oz,pricesmart costa rica,5995.0,medio,445.27,450.0
2026-09-23,Vino tinto,9470.0,,0,750.0,9470.0,montecillo rioja crianza vino tinto 750 ml,pricesmart costa rica,9470.0,medio,445.27,450.0
2026-09-25,Vino rosado,5795.0,,0,750.0,5795.0,astoria prosecco rosé vino rosado 750 ml / 25.4 oz,pricesmart costa rica,5795.0,medio,450.75,453.98
2026-09-25,Vino rosado,6370.0,,0,750.0,6370.0,pack jp chenet rosé dry vino espumoso 750 ml + chocolate vizzio 70 g,pricesmart costa rica,6370.0,medio,450.75,453.98
2026-09-26,Vino blanco,5495.0,,0,750.0,5495.0,casal mendes vino verde 750 ml / 25.4 oz,pricesmart costa rica,5495.0,medio,450.87,454.15
2026-09-25,Vino rosado,5995.0,,0,750.0,5995.0,woodbridge vino rosado zinfandel blanco 750 ml / 25.36 oz,pricesmart costa rica,5995.0,medio,450.75,453.98
2026-09-25,Vino rosado,7495.01,,0,750.0,7495.01,calvet rose d'anjou vino rosado 750 ml / 25.4 oz,pricesmart costa rica,7495.01,medio,450.75,453.98
2026-09-25,Vino blanco,9495.0,,0,750.0,9495.0,gemma di luna pinot grigio vino blanco 750 ml,pricesmart costa rica,9495.0,medio,450.75,453.98
2026-09-17,Vino blanco,5495.0,,0,750.0,5495.0,casal mendes vino verde 750 ml / 25.4 oz,pricesmart costa rica,5495.0,medio,444.46,449.49
2026-09-17,Vino blanco,3970.0,,0,750.0,3970.0,protocolo vino blanco español 750 ml,pricesmart costa rica,3970.0,económico,444.46,449.49
2026-09-21,Vino blanco,7795.0,,0,1500.0,7795.0,frontera concha & toro vino blanco sauvignon blanc semi 1.5 l,pricesmart costa rica,3897.5,económico,443.27,449.24
2026-09-21,Vino blanco,15495.0,,0,750.0,15495.0,santa margherita vino blanco pinot grigio 750 ml / 25.36 oz,pricesmart costa rica,15495.0,super premium,443.27,449.24
2026-09-20,Vino tinto,7670.0,,0,750.0,7670.0,douce nature vino tinto pinot noir orgánico 750 ml / 25.36 oz,pricesmart costa rica,7670.0,medio,443.27,449.24
2026-09-20,Vino tinto,11995.0,,0,750.0,11995.0,pasqua zin primitivo vino tinto 750 ml,pricesmart costa rica,11995.0,premium,443.27,449.24
2026-09-20,Vino blanco,7495.0,,0,750.0,7495.0,protos verdejo vino blanco 750 ml,pricesmart costa rica,7495.0,medio,443.27,449.24
2026-09-19,Vino tinto,4970.0,,0,750.0,4970.0,arrogante frog cabernet sauvignon merlot vino tinto 750 ml,pricesmart costa rica,4970.0,económico,443.2,448.32
2026-09-25,Vino rosado,12470.0,,0,750.0,12470.0,the beach by whispering angel vino rosado francés 750 ml,pricesmart costa rica,12470.0,premium,450.75,453.98
2026-09-25,Vino rosado,7795.0,,0,750.0,7795.0,soupçon de fruit rosé d'anjou botella de vino rosado 750 ml / 25.4 oz,pricesmart costa rica,7795.0,medio,450.75,453.98
2026-09-21,Vino tinto,20995.0,,0,750.0,20995.0,pulenta estate malbec vino tinto 750 ml,pricesmart costa rica,20995.0,super premium,443.27,449.24
2026-09-21,Vino tinto,4995.0,,0,750.0,4995.0,mantrús reserva vino tinto ribera del duero 750 ml / 25.36 oz,pricesmart costa rica,4995.0,económico,443.27,449.24
2026-09-21,Vino tinto,8795.0,,0,750.0,8795.0,cune vino tinto crianza rioja 750 ml / 25.36 oz,pricesmart costa rica,8795.0,medio,443.27,449.24
2026-09-21,Vino tinto,9470.0,,0,750.0,9470.0,montecillo rioja crianza vino tinto 750 ml,pricesmart costa rica,9470.0,medio,443.27,449.24
2026-09-21,Vino tinto,4970.0,,0,750.0,4970.0,arrogante frog cabernet sauvignon merlot vino tinto 750 ml,pricesmart costa rica,4970.0,económico,443.27,449.24
2026-09-17,Vino blanco,7495.0,,0,750.0,7495.0,protos verdejo vino blanco 750 ml,pricesmart costa rica,7495.0,medio,444.46,449.49
2026-09-20,Vino tinto,3770.0,,0,750.0,3770.0,mantrús crianza vino tinto 750 ml / 25.36 oz,pricesmart costa rica,3770.0,económico,443.27,449.24
2026-09-20,Vino tinto,4995.0,,0,750.0,4995.0,mantrús reserva vino tinto ribera del duero 750 ml / 25.36 oz,pricesmart costa rica,4995.0,económico,443.27,449.24
2026-09-10,Vino tinto,4495.0,,0,750.0,4495.0,mantrús crianza vino tinto 750 ml / 25.36 oz,pricesmart costa rica,4495.0,económico,446.61,451.08
2026-09-10,Vino tinto,12995.0,,0,750.0,12995.0,catena vista flores vino tinto malbec 750 ml,pricesmart costa rica,12995.0,premium,446.61,451.08
2026-09-10,Vinos general,15180.0,,0,750.0,15180.0,vino tinto robert mondavi mondavi cabernet sauvignon - 750 ml vendido por walmart,walmart costa rica,15180.0,super premium,446.61,451.08
2026-09-10,Vino tinto,8120.0,,0,750.0,8120.0,vino casillero del diablo merlot - 750ml,walmart costa rica,8120.0,medio,446.61,451.08
2026-09-16,Vino tinto,8795.0,,0,1500.0,8795.0,montepulciano vino tinto de frutos rojos 1.5 l / 51 oz,pricesmart costa rica,4397.5,económico,444.46,449.49
2026-09-17,Vino tinto,6795.0,,0,1500.0,6795.0,twin view estates cabernet sauvignon vino tinto 1.5 l,pricesmart costa rica,3397.5,económico,444.46,449.49
2026-09-21,Vino tinto,5795.0,,0,750.0,5795.0,rioja próximo tempranillo vino tinto 750 ml / 25.4 oz,pricesmart costa rica,5795.0,medio,443.27,449.24
2026-09-21,Vino tinto,6795.0,,0,3000.0,6795.0,clos de pirque vino tinto cabernet sauvignon 3 unidades / 1 l,pricesmart costa rica,1698.75,económico,443.27,449.24
2026-09-23,Vino rosado,7495.01,,0,750.0,7495.01,calvet rose d'anjou vino rosado 750 ml / 25.4 oz,pricesmart costa rica,7495.01,medio,445.27,450.0
2026-09-23,Vino blanco,9495.0,,0,750.0,9495.0,gemma di luna pinot grigio vino blanco 750 ml,pricesmart costa rica,9495.0,medio,445.27,450.0
2026-09-25,Vino rosado,8795.0,,0,750.0,8795.0,les jamelles vino rosado francés 750 ml / 25.36 oz,pricesmart costa rica,8795.0,medio,450.75,453.98
2026-09-23,Vino blanco,5495.0,,0,750.0,5495.0,las moras pinot grigio vino blanco botella de 750 ml / 25.4 oz,pricesmart costa rica,5495.0,medio,445.27,450.0
2026-09-23,Vino blanco,11795.0,,0,750.0,11795.0,pulpo albariño vino blanco 750 ml,pricesmart costa rica,11795.0,premium,445.27,450.0
2026-09-23,Vino blanco,5495.0,,0,750.0,5495.0,casal mendes vino verde 750 ml / 25.4 oz,pricesmart costa rica,5495.0,medio,445.27,450.0
2026-09-16,Vino tinto,10995.0,,0,750.0,10995.0,marques caceres crianza vino tinto 750 ml / 25.4 oz,pricesmart costa rica,10995.0,premium,444.46,449.49
2026-09-16,Vino tinto,9495.0,,0,750.0,9495.0,apothic vino tinto 750 ml / 25.4 oz,pricesmart costa rica,9495.0,medio,444.46,449.49
2026-09-20,Vino tinto,20995.0,,0,750.0,20995.0,pulenta estate malbec vino tinto 750 ml,pricesmart costa rica,20995.0,super premium,443.27,449.24
2026-09-20,Vino tinto,6495.0,,0,750.0,6495.0,santa rita 120 carmenere vino tinto 750 ml,pricesmart costa rica,6495.0,medio,443.27,449.24
2026-09-17,Vino blanco,7995.0,,0,750.0,7995.0,casal garcía vino blanco vinho verde 750 ml,pricesmart costa rica,7995.0,medio,444.46,449.49
2026-09-17,Vino rosado,8795.0,,0,750.0,8795.0,les jamelles vino rosado francés 750 ml / 25.36 oz,pricesmart costa rica,8795.0,medio,444.46,449.49
2026-09-18,Vino tinto,11995.0,,0,750.0,11995.0,pasqua zin primitivo vino tinto 750 ml,pricesmart costa rica,11995.0,premium,443.43,448.21
2026-09-18,Vino blanco,7495.0,,0,750.0,7495.0,protos verdejo vino blanco 750 ml,pricesmart costa rica,7495.0,medio,443.43,448.21
2026-09-24,Vino blanco,11795.0,,0,750.0,11795.0,pulpo albariño vino blanco 750 ml,pricesmart costa rica,11795.0,premium,447.19,451.86
2026-09-24,Vino blanco,5495.0,,0,750.0,5495.0,casal mendes vino verde 750 ml / 25.4 oz,pricesmart costa rica,5495.0,medio,447.19,451.86
2026-09-19,Vino tinto,4995.0,,0,750.0,4995.0,mantrús reserva vino tinto ribera del duero 750 ml / 25.36 oz,pricesmart costa rica,4995.0,económico,443.2,448.32
2026-09-19,Vino tinto,20995.0,,0,750.0,20995.0,pulenta estate malbec vino tinto 750 ml,pricesmart costa rica,20995.0,super premium,443.2,448.32
2026-09-21,Vino tinto,3770.0,,0,750.0,3770.0,mantrús crianza vino tinto 750 ml / 25.36 oz,pricesmart costa rica,3770.0,económico,443.27,449.24
2026-09-19,Vino tinto,7670.0,,0,750.0,7670.0,douce nature vino tinto pinot noir orgánico 750 ml / 25.36 oz,pricesmart costa rica,7670.0,medio,443.2,448.32
2026-09-20,Vino tinto,5995.0,,0,750.0,5995.0,misiones de rengo vino tinto cabernet sauvignon 750 ml / 25.36 oz,pricesmart costa rica,5995.0,medio,443.27,449.24
2026-09-16,Vino tinto,7495.0,,0,3000.0,7495.0,clos de pirque vino tinto cabernet sauvignon 3 unidades / 1 l,pricesmart costa rica,1873.75,económico,444.46,449.49
2026-09-17,Vino tinto,15495.0,,0,750.0,15495.0,muga vino tinto español el anden de la estación 750 ml,pricesmart costa rica,15495.0,super premium,444.46,449.49
2026-09-17,Vino tinto,4995.0,,0,750.0,4995.0,real compañia vino tinto tempranillo botella de 750 ml / 25.4 oz,pricesmart costa rica,4995.0,económico,444.46,449.49
2026-09-16,Vino rosado,3970.0,,0,750.0,3970.0,viña esmeralda vino rosado español aroma frutal 750 ml,pricesmart costa rica,3970.0,económico,444.46,449.49
2026-09-16,Vino rosado,12470.0,,0,750.0,12470.0,the beach by whispering angel vino rosado francés 750 ml,pricesmart costa rica,12470.0,premium,444.46,449.49
2026-09-10,Vino tinto,7500.0,,0,750.0,7500.0,vino tinto don simón tempranillo -750 ml vendido por walmart,walmart costa rica,7500.0,medio,446.61,451.08
2026-09-10,Vino tinto,4900.0,,0,1500.0,4900.0,vino frontera merlot -1500 ml vendido por walmart,walmart costa rica,2450.0,económico,446.61,451.08
2026-09-10,Vino blanco,8380.0,,0,750.0,8380.0,vino blanco la linda sweet viognier – 750 ml,masxmenos costa rica,8380.0,medio,446.61,451.08
2026-09-10,Vino tinto,11995.0,,0,750.0,11995.0,pasqua zin primitivo vino tinto 750 ml,pricesmart costa rica,11995.0,premium,446.61,451.08
2026-09-21,Vino tinto,7670.0,,0,750.0,7670.0,douce nature vino tinto pinot noir orgánico 750 ml / 25.36 oz,pricesmart costa rica,7670.0,medio,443.27,449.24
2026-09-21,Vino tinto,6495.0,,0,750.0,6495.0,santa rita 120 carmenere vino tinto 750 ml,pricesmart costa rica,6495.0,medio,443.27,449.24
2026-09-21,Vino blanco,7995.0,,0,750.0,7995.0,casal garcía vino blanco vinho verde 750 ml,pricesmart costa rica,7995.0,medio,443.27,449.24
2026-09-21,Vino blanco,9495.0,,0,750.0,9495.0,gemma di luna pinot grigio vino blanco 750 ml,pricesmart costa rica,9495.0,medio,443.27,449.24
2026-09-23,Vino blanco,7995.0,,0,750.0,7995.0,casal garcía vino blanco vinho verde 750 ml,pricesmart costa rica,7995.0,medio,445.27,450.0
2026-09-21,Vino rosado,6370.0,,0,750.0,6370.0,pack jp chenet rosé dry vino espumoso 750 ml + chocolate vizzio 70 g,pricesmart costa rica,6370.0,medio,443.27,449.24
2026-09-21,Vino rosado,7495.01,,0,750.0,7495.01,calvet rose d'anjou vino rosado 750 ml / 25.4 oz,pricesmart costa rica,7495.01,medio,443.27,449.24
2026-09-21,Vino tinto,5995.0,,0,750.0,5995.0,misiones de rengo vino tinto cabernet sauvignon 750 ml / 25.36 oz,pricesmart costa rica,5995.0,medio,443.27,449.24
2026-09-10,Vinos general,6920.0,,0,750.0,6920.0,vino les jamelles petite rosado - 750 ml vendido por walmart,walmart costa rica,6920.0,medio,446.61,451.08
2026-09-10,Vino blanco,15380.0,,0,750.0,15380.0,vino les jamelles chardonay - 750ml,masxmenos costa rica,15380.0,super premium,446.61,451.08
2026-09-17,Vino tinto,12995.0,,0,750.0,12995.0,catena vista flores vino tinto malbec 750 ml,pricesmart costa rica,12995.0,premium,444.46,449.49
2026-09-17,Vino tinto,20795.0,,0,2250.0,20795.0,faustino rivero ulecia set vinos rioja 3 unidades / 750 ml,pricesmart costa rica,6931.67,medio,444.46,449.49
2026-09-16,Vino tinto,10495.0,,0,750.0,10495.0,montes limited selection vino cabernet sauvignon camenère 750 ml / 25.3 oz,pricesmart costa rica,10495.0,premium,444.46,449.49
2026-09-16,Vino tinto,5495.0,,0,750.0,5495.0,finca las moras botella de vino tinto malbec suave al paladar 750 ml / 25.4 oz,pricesmart costa rica,5495.0,medio,444.46,449.49
2026-09-17,Frontera,8940.0,,0,750.0,8940.0,vino frontera chardonnay - 1500ml,masxmenos costa rica,8940.0,medio,444.46,449.49
2026-09-17,Frontera,6070.0,,0,750.0,6070.0,vino blanco frontera spritzer chardonnay eldelflower - 750 ml patrocinado,masxmenos costa rica,6070.0,medio,444.46,449.49
2026-09-23,Vino rosado,8795.0,,0,750.0,8795.0,les jamelles vino rosado francés 750 ml / 25.36 oz,pricesmart costa rica,8795.0,medio,445.27,450.0
2026-09-23,Vino rosado,5995.0,,0,750.0,5995.0,woodbridge vino rosado zinfandel blanco 750 ml / 25.36 oz,pricesmart costa rica,5995.0,medio,445.27,450.0
2026-09-17,Vino tinto,9795.0,,0,750.0,9795.0,cantina fiorentino primitivo salento vino tinto 750 ml,pricesmart costa rica,9795.0,medio,444.46,449.49
2026-09-17,Vino tinto,6495.0,,0,750.0,6495.0,caliterra reserva vino tinto cabernet sauvignon 750 ml,pricesmart costa rica,6495.0,medio,444.46,449.49
2026-09-19,Vino tinto,6495.0,,0,750.0,6495.0,santa rita 120 carmenere vino tinto 750 ml,pricesmart costa rica,6495.0,medio,443.2,448.32
2026-09-17,Frontera,5930.0,,0,1500.0,5930.0,vino frontera merlot -1500 ml patrocinado,masxmenos costa rica,2965.0,económico,444.46,449.49
2026-09-16,Vino tinto,7495.0,,0,750.0,7495.0,santa rita 120 reserva especial vino tinto 4 unidades / 187.5 ml / 6.3 oz,pricesmart costa rica,7495.0,medio,444.46,449.49
2026-09-10,Vinos general,11500.0,,0,750.0,11500.0,vino tinto luigi bosca malbec - 750 ml,walmart costa rica,11500.0,premium,446.61,451.08
2026-09-10,Vino blanco,7200.0,,0,750.0,7200.0,vino blanco fantini terre siciliante pinot grigio - 750 ml,masxmenos costa rica,7200.0,medio,446.61,451.08
2026-09-10,Vino blanco,5000.0,,0,750.0,5000.0,vino twin view cabernet 750ml,masxmenos costa rica,5000.0,económico,446.61,451.08
2026-09-16,Vinos general,8890.0,,0,750.0,8890.0,vino espumoso calvet celebration brut rosé - 750 ml,walmart costa rica,8890.0,medio,444.46,449.49
2026-09-16,Vinos general,8800.0,,0,750.0,8800.0,vino marques de caceres blanco 750ml vendido por walmart patrocinado,walmart costa rica,8800.0,medio,444.46,449.49
2026-09-16,Vino blanco,5495.0,,0,750.0,5495.0,casal mendes vino verde 750 ml / 25.4 oz,pricesmart costa rica,5495.0,medio,444.46,449.49
2026-09-16,Vino blanco,3970.0,,0,750.0,3970.0,protocolo vino blanco español 750 ml,pricesmart costa rica,3970.0,económico,444.46,449.49
2026-09-10,Vinos general,5387.0,,0,750.0,5387.0,vino tarapacá tinto merlot - 750 ml,walmart costa rica,5387.0,medio,446.61,451.08
2026-09-16,Vino tinto,6495.0,,0,750.0,6495.0,caliterra reserva vino tinto cabernet sauvignon 750 ml,pricesmart costa rica,6495.0,medio,444.46,449.49
2026-09-19,Vino tinto,5995.0,,0,750.0,5995.0,misiones de rengo vino tinto cabernet sauvignon 750 ml / 25.36 oz,pricesmart costa rica,5995.0,medio,443.2,448.32
2026-09-19,Vino tinto,3770.0,,0,750.0,3770.0,mantrús crianza vino tinto 750 ml / 25.36 oz,pricesmart costa rica,3770.0,económico,443.2,448.32
2026-09-20,Vino blanco,7795.0,,0,1500.0,7795.0,frontera concha & toro vino blanco sauvignon blanc semi 1.5 l,pricesmart costa rica,3897.5,económico,443.27,449.24
2026-09-20,Vino blanco,7995.0,,0,750.0,7995.0,marqués de riscal vino blanco 750 ml,pricesmart costa rica,7995.0,medio,443.27,449.24
2026-09-21,Vino rosado,8795.0,,0,750.0,8795.0,les jamelles vino rosado francés 750 ml / 25.36 oz,pricesmart costa rica,8795.0,medio,443.27,449.24
2026-09-20,Vino tinto,9470.0,,0,750.0,9470.0,montecillo rioja crianza vino tinto 750 ml,pricesmart costa rica,9470.0,medio,443.27,449.24
2026-09-17,Frontera,9380.0,,0,750.0,9380.0,vino frontera concha y toro merlot - 750ml patrocinado,masxmenos costa rica,9380.0,medio,444.46,449.49
2026-09-20,Vino tinto,4970.0,,0,750.0,4970.0,arrogante frog cabernet sauvignon merlot vino tinto 750 ml,pricesmart costa rica,4970.0,económico,443.27,449.24
2026-09-16,Vino rosado,13995.0,,0,750.0,13995.0,pasqua 11 minutes vino rosado 750 ml,pricesmart costa rica,13995.0,premium,444.46,449.49
2026-09-16,Vino rosado,5995.0,,0,750.0,5995.0,woodbridge vino rosado zinfandel 750 ml,pricesmart costa rica,5995.0,medio,444.46,449.49
2026-09-10,Vino blanco,6070.0,,0,750.0,6070.0,vino blanco frontera chardonnay viñedo protegido por la naturaleza - 750 ml,masxmenos costa rica,6070.0,medio,446.61,451.08
2026-09-10,Frontera,5930.0,,0,750.0,5930.0,frontera cabernet sauvignon 750ml,masxmenos costa rica,5930.0,medio,446.61,451.08
2026-09-10,Vino tinto,9795.0,,0,750.0,9795.0,baron philippe de rothschild vino tinto cabernet sauvignon 750 ml / 25.36 oz,pricesmart costa rica,9795.0,medio,446.61,451.08
2026-09-10,Vino blanco,4900.0,,0,375.0,4900.0,vino adobe chardonnay orgánico -375 ml,masxmenos costa rica,9800.0,medio,446.61,451.08
2026-09-17,Vino tinto,10995.0,,0,750.0,10995.0,portia roble tempranillo vino tinto 750 ml,pricesmart costa rica,10995.0,premium,444.46,449.49
2026-09-17,Vino tinto,9795.0,,0,750.0,9795.0,el coto crianza rioja vino tinto tempranillo 750 ml,pricesmart costa rica,9795.0,medio,444.46,449.49
2026-09-21,Vino blanco,5495.0,,0,750.0,5495.0,casal mendes vino verde 750 ml / 25.4 oz,pricesmart costa rica,5495.0,medio,443.27,449.24
2026-09-21,Vino blanco,5495.0,,0,750.0,5495.0,las moras pinot grigio vino blanco botella de 750 ml / 25.4 oz,pricesmart costa rica,5495.0,medio,443.27,449.24
2026-09-17,Vino blanco,7995.0,,0,750.0,7995.0,marqués de riscal vino blanco 750 ml,pricesmart costa rica,7995.0,medio,444.46,449.49
2026-09-17,Vino blanco,7795.0,,0,1500.0,7795.0,frontera concha & toro vino blanco sauvignon blanc semi 1.5 l,pricesmart costa rica,3897.5,económico,444.46,449.49
2026-09-17,Frontera,7500.0,,0,750.0,7500.0,vino frontera rosado concha y toro chile - 750 ml patrocinado,masxmenos costa rica,7500.0,medio,444.46,449.49
2026-09-17,Vino rosado,3970.0,,0,750.0,3970.0,viña esmeralda vino rosado español aroma frutal 750 ml,pricesmart costa rica,3970.0,económico,444.46,449.49
2026-09-17,Vino blanco,5495.0,,0,750.0,5495.0,las moras pinot grigio vino blanco botella de 750 ml / 25.4 oz,pricesmart costa rica,5495.0,medio,444.46,449.49
2026-09-10,Vino blanco,6110.0,,0,1000.0,6110.0,vino clos de pirque blanco - 1000ml,masxmenos costa rica,4582.5,económico,446.61,451.08
2026-09-10,Vino rosado,8670.0,,0,750.0,8670.0,vino rosado cune bailarina 750mlx6,masxmenos costa rica,8670.0,medio,446.61,451.08
2026-09-10,Vino rosado,8250.0,,0,750.0,8250.0,vino rosado cono sur bicicleta pinot noir - 750 ml,masxmenos costa rica,8250.0,medio,446.61,451.08
2026-09-10,Vino tinto,14970.0,,0,750.0,14970.0,zuccardi q vino tinto malbec 750 ml,pricesmart costa rica,14970.0,premium,446.61,451.08
2026-09-10,Vino tinto,18970.0,,0,750.0,18970.0,j lohr cabernet sauvignon vino tinto 750 ml,pricesmart costa rica,18970.0,super premium,446.61,451.08
2026-09-10,Vino tinto,7470.0,,0,750.0,7470.0,felino vino tinto malbec 750 ml,pricesmart costa rica,7470.0,medio,446.61,451.08
2026-09-10,Vino tinto,8795.0,,0,750.0,8795.0,hacienda lópez de haro vino crianza 750 ml,pricesmart costa rica,8795.0,medio,446.61,451.08
2026-09-10,Vino blanco,10495.0,,0,750.0,10495.0,los vascos vino blanco sauvignon blanc 750 ml / 25.36 oz,pricesmart costa rica,10495.0,premium,446.61,451.08
2026-09-16,Vino rosado,5795.0,,0,750.0,5795.0,astoria prosecco rosé vino rosado 750 ml / 25.4 oz,pricesmart costa rica,5795.0,medio,444.46,449.49
2026-09-17,Frontera,5770.0,,0,750.0,5770.0,vino blanco frontera chardonnay viñedo protegido por la naturaleza - 750 ml patrocinado,masxmenos costa rica,5770.0,medio,444.46,449.49
2026-09-17,Vino tinto,5495.0,,0,750.0,5495.0,manischewitz concord grape vino tinto 750 ml / 25.36 oz,pricesmart costa rica,5495.0,medio,444.46,449.49
2026-09-17,Vino rosado,9790.0,,0,375.0,9790.0,vino orgánico adobe rosé – 375 ml patrocinado,masxmenos costa rica,19580.0,super premium,444.46,449.49
2026-09-17,Vino rosado,11180.0,,0,750.0,11180.0,vino rosado ijalba rioja eco -750ml patrocinado,masxmenos costa rica,11180.0,premium,444.46,449.49
2026-09-20,Vino blanco,2395.0,,0,750.0,2395.0,loma negra chardonnay classic vino blanco 750 ml / 25.4 oz,pricesmart costa rica,2395.0,económico,443.27,449.24
2026-09-16,Vino tinto,11495.0,,0,750.0,11495.0,ramon bilbao vino tinto crianza 750 ml,pricesmart costa rica,11495.0,premium,444.46,449.49
2026-09-17,Vino rosado,8795.0,,0,750.0,8795.0,taanug vino rosado francés aroma a fresas 750 ml,pricesmart costa rica,8795.0,medio,444.46,449.49
2026-09-17,Vino tinto,11495.0,,0,750.0,11495.0,ramon bilbao vino tinto crianza 750 ml,pricesmart costa rica,11495.0,premium,444.46,449.49
2026-09-16,Vino tinto,2590.0,,0,1000.0,2590.0,vino tinto don simón premium cabernet - 1 l,walmart costa rica,1942.5,económico,444.46,449.49
2026-09-16,Vinos general,8020.0,,0,750.0,8020.0,vino marques de caceres blanco 750ml,walmart costa rica,8020.0,medio,444.46,449.49
2026-09-10,Vino rosado,5770.0,,0,750.0,5770.0,vino soupcon de fruit rose d'anjou 2020 - 750 ml,masxmenos costa rica,5770.0,medio,446.61,451.08
2026-09-10,Vinos general,13960.0,,0,750.0,13960.0,vino tinto fantini sangiovese - 750ml vendido por walmart,walmart costa rica,13960.0,premium,446.61,451.08
2026-09-10,Vino tinto,8170.0,,0,750.0,8170.0,vino tinto álamos malbec - 750 ml,walmart costa rica,8170.0,medio,446.61,451.08
2026-09-10,Vinos general,4902.0,,0,750.0,4902.0,vino blanco tarapacá pinot grigio - 750 ml,walmart costa rica,4902.0,económico,446.61,451.08
2026-09-10,Vino tinto,6395.0,,0,750.0,6395.0,caliterra reserva vino tinto cabernet sauvignon 750 ml,pricesmart costa rica,6395.0,medio,446.61,451.08
2026-09-16,Vino tinto,9795.0,,0,750.0,9795.0,el coto crianza rioja vino tinto tempranillo 750 ml,pricesmart costa rica,9795.0,medio,444.46,449.49
2026-09-20,Vino blanco,6795.0,,0,3000.0,6795.0,clos de pirque vino blanco 3 unidades / 1 l,pricesmart costa rica,1698.75,económico,443.27,449.24
2026-09-20,Vino blanco,15495.0,,0,750.0,15495.0,santa margherita vino blanco pinot grigio 750 ml / 25.36 oz,pricesmart costa rica,15495.0,super premium,443.27,449.24
2026-09-16,Vino tinto,20795.0,,0,2250.0,20795.0,faustino rivero ulecia set vinos rioja 3 unidades / 750 ml,pricesmart costa rica,6931.67,medio,444.46,449.49
2026-09-16,Vino tinto,12995.0,,0,750.0,12995.0,catena vista flores vino tinto malbec 750 ml,pricesmart costa rica,12995.0,premium,444.46,449.49
2026-09-17,Vino rosado,5995.0,,0,750.0,5995.0,woodbridge vino rosado zinfandel 750 ml,pricesmart costa rica,5995.0,medio,444.46,449.49
2026-09-10,Vinos general,8800.0,,0,750.0,8800.0,vino frontera frutal tropical mango maracuyá - 750 ml vendido por walmart,walmart costa rica,8800.0,medio,446.61,451.08
2026-09-16,Vino tinto,8795.0,,0,750.0,8795.0,hacienda lópez de haro vino crianza 750 ml,pricesmart costa rica,8795.0,medio,444.46,449.49
2026-09-10,Vino blanco,2530.0,,0,750.0,2530.0,vino peter brum liebfraulmil blan - 750ml,masxmenos costa rica,2530.0,económico,446.61,451.08
2026-09-10,Vino tinto,3980.0,,0,1000.0,3980.0,vino clos de pirque tinto merlot - 1000ml vendido por walmart,walmart costa rica,2985.0,económico,446.61,451.08
2026-09-10,Vino tinto,3070.0,,0,750.0,3070.0,vino viña maipo clasic series merlot - 750 ml vendido por walmart,walmart costa rica,3070.0,económico,446.61,451.08
2026-09-10,Vino tinto,7495.0,,0,750.0,7495.0,alamos vino tinto malbec 750 ml,pricesmart costa rica,7495.0,medio,446.61,451.08
2026-09-10,Vino tinto,4795.0,,0,750.0,4795.0,legado muñoz vino tinto tempranillo 750 ml / 25.4 oz,pricesmart costa rica,4795.0,económico,446.61,451.08
2026-09-10,Frontera,7500.0,,0,750.0,7500.0,vino frontera rosado concha y toro chile - 750 ml,masxmenos costa rica,7500.0,medio,446.61,451.08
2026-09-10,Frontera,5930.0,,0,1500.0,5930.0,vino frontera merlot -1500 ml,masxmenos costa rica,2965.0,económico,446.61,451.08
2026-09-10,Vino tinto,10995.0,,0,750.0,10995.0,portia roble tempranillo vino tinto 750 ml,pricesmart costa rica,10995.0,premium,446.61,451.08
2026-09-10,Vinos general,4750.0,,0,750.0,4750.0,vino tinto trapiche vineyards malbec - 750 ml,walmart costa rica,4750.0,económico,446.61,451.08
2026-09-17,Vino tinto,14295.0,,0,750.0,14295.0,bin 27 vino tinto reserve port fonseca 750 ml / 25.36 oz,pricesmart costa rica,14295.0,premium,444.46,449.49
2026-09-17,Vino blanco,2395.0,,0,750.0,2395.0,loma negra chardonnay classic vino blanco 750 ml / 25.4 oz,pricesmart costa rica,2395.0,económico,444.46,449.49
2026-09-17,Vino tinto,14995.0,,0,750.0,14995.0,campo viejo vino tinto reserva 750 ml,pricesmart costa rica,14995.0,premium,444.46,449.49
2026-09-17,Vino tinto,8495.0,,0,750.0,8495.0,ruffino vino tinto chianti classico 750 ml / 25.36 oz,pricesmart costa rica,8495.0,medio,444.46,449.49
2026-09-16,Vino tinto,15495.0,,0,750.0,15495.0,muga vino tinto español el anden de la estación 750 ml,pricesmart costa rica,15495.0,super premium,444.46,449.49
2026-09-17,Vino blanco,7495.0,,0,3000.0,7495.0,clos de pirque vino blanco 3 unidades / 1 l,pricesmart costa rica,1873.75,económico,444.46,449.49
2026-09-10,Vinos general,13780.0,,0,750.0,13780.0,vino blanco casillero del diablo reserve sauvignon blanc - 750ml vendido por walmart,walmart costa rica,13780.0,premium,446.61,451.08
2026-09-10,Vinos general,9810.0,,0,750.0,9810.0,vino tinto trapiche merlot - 750 ml vendido por walmart,walmart costa rica,9810.0,medio,446.61,451.08
2026-09-10,Vino rosado,7795.0,,0,1000.0,7795.0,mateus the original vino rosado espumoso portugués 1 l,pricesmart costa rica,5846.25,medio,446.61,451.08
2026-09-10,Vino tinto,14970.0,,0,750.0,14970.0,viña alberdi vino tinto tempranillo crianza 750 ml / 25.36 oz,pricesmart costa rica,14970.0,premium,446.61,451.08
2026-09-10,Vino tinto,3190.0,,0,1000.0,3190.0,vino clos de pirque cabernet sauvignon - 1000ml vendido por walmart,walmart costa rica,2392.5,económico,446.61,451.08
2026-09-10,Vino tinto,1980.0,,0,750.0,1980.0,vino tinto contenda merlot - 750 ml vendido por walmart,walmart costa rica,1980.0,económico,446.61,451.08
2026-09-16,Vino rosado,10000.0,,0,750.0,10000.0,"vino rosado freixenet, ice rose -750 ml",masxmenos costa rica,10000.0,medio,444.46,449.49
2026-09-16,Vino rosado,9810.0,,0,750.0,9810.0,"vino rosado freixenet, ice rose -750 ml patrocinado",masxmenos costa rica,9810.0,medio,444.46,449.49
2026-09-10,Vino blanco,6110.0,,0,750.0,6110.0,vino tinto fantini trebbiano d abruzzo -750ml,masxmenos costa rica,6110.0,medio,446.61,451.08
2026-09-10,Vino blanco,8660.0,,0,750.0,8660.0,vino casillero del diablo phenomenal sauvignon - 750 ml,masxmenos costa rica,8660.0,medio,446.61,451.08
2026-09-17,Vino rosado,5770.0,,0,750.0,5770.0,vino soupcon de fruit rose d'anjou 2020 - 750 ml patrocinado,masxmenos costa rica,5770.0,medio,444.46,449.49
2026-09-17,Vino rosado,4900.0,,0,750.0,4900.0,vino rosado frontera gently bubbly spritzer roses -750 ml patrocinado,masxmenos costa rica,4900.0,económico,444.46,449.49
2026-09-10,Vino blanco,6830.0,,0,750.0,6830.0,vino blanco trivento malbec reserva 2022 - 750 ml,masxmenos costa rica,6830.0,medio,446.61,451.08
2026-09-10,Vinos general,6030.0,,0,750.0,6030.0,vino tinto trapiche merlot - 750 ml,walmart costa rica,6030.0,medio,446.61,451.08
2026-09-16,Vino tinto,10995.0,,0,750.0,10995.0,portia roble tempranillo vino tinto 750 ml,pricesmart costa rica,10995.0,premium,444.46,449.49
2026-09-10,Vino blanco,4950.0,,0,750.0,4950.0,vino blanco tarapacá pinot grigio - 750 ml,masxmenos costa rica,4950.0,económico,446.61,451.08
2026-09-16,Vino blanco,11795.0,,0,750.0,11795.0,pulpo albariño vino blanco 750 ml,pricesmart costa rica,11795.0,premium,444.46,449.49
2026-09-10,Vino rosado,6140.0,,0,750.0,6140.0,vino cavicchioli lambrusco rosato dulce - 750 ml,masxmenos costa rica,6140.0,medio,446.61,451.08
2026-09-10,Vino rosado,7795.0,,0,750.0,7795.0,soupçon de fruit rosé d'anjou botella de vino rosado 750 ml / 25.4 oz,pricesmart costa rica,7795.0,medio,446.61,451.08
2026-09-16,Vino blanco,3795.0,,0,750.0,3795.0,reguta vino prosecco extra seco italiano 750 ml / 25.36 oz,pricesmart costa rica,3795.0,económico,444.46,449.49
2026-09-10,Vino tinto,20795.0,,0,2250.0,20795.0,faustino rivero ulecia set vinos rioja 3 unidades / 750 ml,pricesmart costa rica,6931.67,medio,446.61,451.08
2026-09-10,Vino tinto,9495.0,,0,750.0,9495.0,apothic vino tinto 750 ml / 25.4 oz,pricesmart costa rica,9495.0,medio,446.61,451.08
2026-09-16,Vino tinto,4650.0,,0,1000.0,4650.0,2 pack sangria peñasol tinta -1000ml,walmart costa rica,3487.5,económico,444.46,449.49
2026-09-16,Vino tinto,11630.0,,0,750.0,11630.0,navarro colección privada vero faraone malbec - 750ml,walmart costa rica,11630.0,premium,444.46,449.49
2026-09-10,Vino tinto,5495.0,,0,750.0,5495.0,manischewitz concord grape vino tinto 750 ml / 25.36 oz,pricesmart costa rica,5495.0,medio,446.61,451.08
2026-09-10,Vino blanco,7795.0,,0,750.0,7795.0,pasqua vino blanco pinot grigio 750 ml / 25.36 oz,pricesmart costa rica,7795.0,medio,446.61,451.08
2026-09-16,Vino tinto,14995.0,,0,750.0,14995.0,campo viejo vino tinto reserva 750 ml,pricesmart costa rica,14995.0,premium,444.46,449.49
2026-09-16,Vino tinto,9295.0,,0,750.0,9295.0,baron philippe de rothschild vino tinto cabernet sauvignon 750 ml / 25.36 oz,pricesmart costa rica,9295.0,medio,444.46,449.49
2026-09-16,Vino blanco,5495.0,,0,750.0,5495.0,las moras pinot grigio vino blanco botella de 750 ml / 25.4 oz,pricesmart costa rica,5495.0,medio,444.46,449.49
2026-09-16,Vino tinto,14295.0,,0,750.0,14295.0,bin 27 vino tinto reserve port fonseca 750 ml / 25.36 oz,pricesmart costa rica,14295.0,premium,444.46,449.49
2026-09-17,Vino blanco,15495.0,,0,750.0,15495.0,santa margherita vino blanco pinot grigio 750 ml / 25.36 oz,pricesmart costa rica,15495.0,super premium,444.46,449.49
2026-09-16,Vino tinto,7795.0,,0,1500.0,7795.0,frontera merlot vino tinto chileno botella de 1.5 l / 51 oz,pricesmart costa rica,3897.5,económico,444.46,449.49
2026-09-10,Vinos general,4500.0,,0,750.0,4500.0,vino bco sta julia dulc chenin 750mlx6,walmart costa rica,4500.0,económico,446.61,451.08
2026-09-10,Vino tinto,7500.0,,0,1500.0,7500.0,vino frontera merlot -1500 ml,walmart costa rica,3750.0,económico,446.61,451.08
2026-09-10,Vino tinto,16295.0,,0,1500.0,16295.0,navarro correas vino tinto malbec 2 unidades / 750 ml,pricesmart costa rica,8147.5,medio,446.61,451.08
2026-09-10,Vino tinto,11195.0,,0,1500.0,11195.0,trapiche reserva vino tinto malbec 2 unidades / 750 ml / 25.36 oz + kit parrillero,pricesmart costa rica,5597.5,medio,446.61,451.08
2026-09-16,Vino blanco,7795.0,,0,750.0,7795.0,pasqua vino blanco pinot grigio 750 ml / 25.36 oz,pricesmart costa rica,7795.0,medio,444.46,449.49
2026-09-16,Vino blanco,7495.0,,0,750.0,7495.0,protos verdejo vino blanco 750 ml,pricesmart costa rica,7495.0,medio,444.46,449.49
2026-09-10,Vino tinto,9470.0,,0,750.0,9470.0,montecillo rioja crianza vino tinto 750 ml,pricesmart costa rica,9470.0,medio,446.61,451.08
2026-09-10,Vino tinto,6295.0,,0,750.0,6295.0,misiones de rengo vino tinto cabernet sauvignon 750 ml / 25.36 oz,pricesmart costa rica,6295.0,medio,446.61,451.08
2026-09-10,Vino blanco,8310.0,,0,750.0,8310.0,vino santa carolina chardonay botella - 750 ml,masxmenos costa rica,8310.0,medio,446.61,451.08
2026-09-10,Vino rosado,10810.0,,0,750.0,10810.0,vino rosado canti prosecco - 750 ml,masxmenos costa rica,10810.0,premium,446.61,451.08
2026-09-17,Vino tinto,8795.0,,0,750.0,8795.0,cune vino tinto crianza rioja 750 ml / 25.36 oz,pricesmart costa rica,8795.0,medio,444.46,449.49
2026-09-17,Vino tinto,9295.0,,0,750.0,9295.0,baron philippe de rothschild vino tinto cabernet sauvignon 750 ml / 25.36 oz,pricesmart costa rica,9295.0,medio,444.46,449.49
2026-09-10,Vino tinto,9766.0,,0,750.0,9766.0,vino tinto torres ramon bilbao crianza - 750ml,walmart costa rica,9766.0,medio,446.61,451.08
2026-09-10,Vino tinto,7500.0,,0,1500.0,7500.0,vino viña maipo varietal merlot 1.5l,walmart costa rica,3750.0,económico,446.61,451.08
2026-09-10,Vino blanco,7743.0,,0,750.0,7743.0,vino ruffino blanco orvieto - 750ml,masxmenos costa rica,7743.0,medio,446.61,451.08
2026-09-10,Vino tinto,3190.0,,0,750.0,3190.0,vino tinto contenda merlot - 750 ml,walmart costa rica,3190.0,económico,446.61,451.08
2026-09-10,Vino blanco,7080.0,,0,750.0,7080.0,vino blanco pata negra rueda verdejo - 750 ml,masxmenos costa rica,7080.0,medio,446.61,451.08
2026-09-10,Vino rosado,8795.0,,0,750.0,8795.0,les jamelles vino rosado francés 750 ml / 25.36 oz,pricesmart costa rica,8795.0,medio,446.61,451.08
2026-09-10,Vino blanco,15495.0,,0,750.0,15495.0,santa margherita vino blanco pinot grigio 750 ml / 25.36 oz,pricesmart costa rica,15495.0,super premium,446.61,451.08
2026-09-10,Vino blanco,5295.0,,0,750.0,5295.0,casal mendes vino verde 750 ml / 25.4 oz,pricesmart costa rica,5295.0,medio,446.61,451.08
2026-09-16,Vino tinto,4680.0,,0,1500.0,4680.0,vino frontera merlot -1500 ml vendido por walmart patrocinado,walmart costa rica,2340.0,económico,444.46,449.49
2026-09-16,Vino tinto,7500.0,,0,750.0,7500.0,vino tinto contenda merlot - 750 ml vendido por walmart patrocinado,walmart costa rica,7500.0,medio,444.46,449.49
2026-09-16,Vinos general,20760.0,,0,750.0,20760.0,"vino rosado b &amp; g cotes de provence, 2 pack -750 ml",walmart costa rica,20760.0,super premium,444.46,449.49
2026-09-16,Vinos general,8000.0,,0,1125.0,8000.0,vino viñas del tango malbec - 1125 ml,walmart costa rica,5333.33,medio,444.46,449.49
2026-09-10,Vino rosado,9200.0,,0,750.0,9200.0,vino marques de caceres rosado rioja - 750ml,masxmenos costa rica,9200.0,medio,446.61,451.08
2026-09-10,Vino rosado,12700.0,,0,750.0,12700.0,vino les jamelles petite rosado - 750 ml,masxmenos costa rica,12700.0,premium,446.61,451.08
2026-09-10,Vino blanco,15444.0,,0,750.0,15444.0,vino luigi bosca de sangre - 750 ml,masxmenos costa rica,15444.0,super premium,446.61,451.08
2026-09-10,Vinos general,13780.0,,0,750.0,13780.0,vino tinto catena malbec - 750 ml,walmart costa rica,13780.0,premium,446.61,451.08
2026-09-16,Vino tinto,8795.0,,0,750.0,8795.0,cune vino tinto crianza rioja 750 ml / 25.36 oz,pricesmart costa rica,8795.0,medio,444.46,449.49
2026-09-16,Vino tinto,6795.0,,0,1500.0,6795.0,twin view estates cabernet sauvignon vino tinto 1.5 l,pricesmart costa rica,3397.5,económico,444.46,449.49
2026-09-16,Vino tinto,4995.0,,0,750.0,4995.0,real compañia vino tinto tempranillo botella de 750 ml / 25.4 oz,pricesmart costa rica,4995.0,económico,444.46,449.49
2026-09-16,Vino blanco,7995.0,,0,750.0,7995.0,casal garcía vino blanco vinho verde 750 ml,pricesmart costa rica,7995.0,medio,444.46,449.49
2026-09-10,Vino tinto,1980.0,,0,750.0,1980.0,vino tinto don simón tempranillo -750 ml,walmart costa rica,1980.0,económico,446.61,451.08
2026-09-10,Vino tinto,3830.0,,0,750.0,3830.0,vino tinto teber dulce - 750ml,walmart costa rica,3830.0,económico,446.61,451.08
2026-09-10,Vino rosado,7619.0,,0,750.0,7619.0,vino soupcon de fruit rose d&apos;anjou 2020 - 750 ml,masxmenos costa rica,7619.0,medio,446.61,451.08
2026-09-10,Vino rosado,10080.0,,0,750.0,10080.0,vino làudum barrica - 750 ml,masxmenos costa rica,10080.0,premium,446.61,451.08
2026-09-10,Vino blanco,5295.0,,0,750.0,5295.0,las moras pinot grigio vino blanco botella de 750 ml / 25.4 oz,pricesmart costa rica,5295.0,medio,446.61,451.08
2026-09-10,Vino tinto,15995.0,,0,750.0,15995.0,marqués de riscal vino tinto rioja reserva 750 ml,pricesmart costa rica,15995.0,super premium,446.61,451.08
2026-09-10,Vino tinto,4995.0,,0,750.0,4995.0,real compañia vino tinto tempranillo botella de 750 ml / 25.4 oz,pricesmart costa rica,4995.0,económico,446.61,451.08
2026-09-10,Vino tinto,5295.0,,0,750.0,5295.0,finca las moras botella de vino tinto malbec suave al paladar 750 ml / 25.4 oz,pricesmart costa rica,5295.0,medio,446.61,451.08
2026-09-10,Vino tinto,6061.0,,0,750.0,6061.0,vino tinto cal y canto red blend - 750 ml,walmart costa rica,6061.0,medio,446.61,451.08
2026-09-10,Vino tinto,10010.0,,0,750.0,10010.0,vino clos dp cabernet tinto sauvignon - 2000ml vendido por walmart,walmart costa rica,10010.0,premium,446.61,451.08
2026-09-10,Vino tinto,15495.0,,0,750.0,15495.0,muga vino tinto español el anden de la estación 750 ml,pricesmart costa rica,15495.0,super premium,446.61,451.08
2026-09-16,Vino tinto,4795.0,,0,750.0,4795.0,legado muñoz vino tinto tempranillo 750 ml / 25.4 oz,pricesmart costa rica,4795.0,económico,444.46,449.49
2026-09-10,Vino rosado,10943.0,,0,750.0,10943.0,vino rose carnivor apothic - 750 ml,masxmenos costa rica,10943.0,premium,446.61,451.08
2026-09-10,Vino rosado,5358.0,,0,750.0,5358.0,vino rosado trapiche vineyards argentino - 750 ml,masxmenos costa rica,5358.0,medio,446.61,451.08
2026-09-10,Vinos general,12144.0,,0,750.0,12144.0,vino familia pasqua passimento - 750 ml,walmart costa rica,12144.0,premium,446.61,451.08
2026-09-10,Vino tinto,4900.0,,0,750.0,4900.0,vino clos dp cabernet tinto sauvignon - 2000ml,walmart costa rica,4900.0,económico,446.61,451.08
2026-09-10,Vino tinto,4700.0,,0,750.0,4700.0,vino frontera frutal tinto de verano manzana naranja - 750 ml,walmart costa rica,4700.0,económico,446.61,451.08
2026-09-10,Vino blanco,3795.0,,0,750.0,3795.0,reguta vino prosecco extra seco italiano 750 ml / 25.36 oz,pricesmart costa rica,3795.0,económico,446.61,451.08
2026-09-10,Vino tinto,10995.0,,0,750.0,10995.0,marques caceres crianza vino tinto 750 ml / 25.4 oz,pricesmart costa rica,10995.0,premium,446.61,451.08
2026-09-10,Vino tinto,8495.0,,0,750.0,8495.0,ruffino vino tinto chianti classico 750 ml / 25.36 oz,pricesmart costa rica,8495.0,medio,446.61,451.08
2026-09-16,Vino blanco,6830.0,,0,750.0,6830.0,vino blanco blue nun authentic white- 750ml,masxmenos costa rica,6830.0,medio,444.46,449.49
2026-09-16,Vino blanco,8310.0,,0,750.0,8310.0,vino blanco protos verdejo criado sobre lias finas - 750 ml,masxmenos costa rica,8310.0,medio,444.46,449.49
2026-09-16,Vino blanco,5210.0,,0,750.0,5210.0,vino blanco tarapacá pinot grigio - 750 ml,masxmenos costa rica,5210.0,medio,444.46,449.49
2026-09-16,Vino blanco,8600.0,,0,750.0,8600.0,vino marina alta blanco 00 - 750 ml,masxmenos costa rica,8600.0,medio,444.46,449.49
2026-09-16,Vino tinto,3340.0,,0,1000.0,3340.0,vino clos de pirque cabernet sauvignon - 1000ml vendido por walmart patrocinado,walmart costa rica,2505.0,económico,444.46,449.49
2026-09-10,Vino rosado,9810.0,,0,750.0,9810.0,vino laudum chardonnay - 750 ml,masxmenos costa rica,9810.0,medio,446.61,451.08
2026-09-10,Vino tinto,4650.0,,0,1000.0,4650.0,2 pack sangria peñasol tinta -1000ml,walmart costa rica,3487.5,económico,446.61,451.08
2026-09-10,Vino tinto,6100.0,,0,750.0,6100.0,vino tinto san telmo malbec botella - 750 ml,walmart costa rica,6100.0,medio,446.61,451.08
2026-09-10,Vino tinto,5830.0,,0,750.0,5830.0,vino tinto finca las moras malbec con 13.5% vol - 750 ml,walmart costa rica,5830.0,medio,446.61,451.08
2026-09-10,Vino rosado,11180.0,,0,750.0,11180.0,vino rosado frontera gently bubbly spritzer roses -750 ml,masxmenos costa rica,11180.0,premium,446.61,451.08
2026-09-10,Frontera,5770.0,,0,750.0,5770.0,vino blanco frontera chardonnay viñedo protegido por la naturaleza - 750 ml,masxmenos costa rica,5770.0,medio,446.61,451.08
2026-09-10,Vinos general,5480.0,,0,750.0,5480.0,vino blanco trapiche pinot grigio -750ml,walmart costa rica,5480.0,medio,446.61,451.08
2026-09-10,Vino tinto,3980.0,,0,750.0,3980.0,vino viña maipo classic series cabernet sauvignon -750 ml,walmart costa rica,3980.0,económico,446.61,451.08
2026-09-10,Vino rosado,9195.0,,0,750.0,9195.0,montes vino rosado cherub 750 ml / 25.36 oz,pricesmart costa rica,9195.0,medio,446.61,451.08
2026-09-16,Vinos general,11170.0,,0,750.0,11170.0,vino 19 crimes red blend - 750 ml,walmart costa rica,11170.0,premium,444.46,449.49
2026-09-16,Vino tinto,11630.0,,0,750.0,11630.0,vino clos dp cabernet tinto sauvignon - 2000ml vendido por walmart patrocinado,walmart costa rica,11630.0,premium,444.46,449.49
2026-09-10,Vino tinto,14995.0,,0,750.0,14995.0,campo viejo vino tinto reserva 750 ml,pricesmart costa rica,14995.0,premium,446.61,451.08
2026-09-10,Frontera,5770.0,,0,750.0,5770.0,vino tinto frontera carmenere viñedo protegido por la naturaleza - 750 ml,masxmenos costa rica,5770.0,medio,446.61,451.08
2026-09-10,Vino rosado,9790.0,,0,750.0,9790.0,vino mr wild org rose 750 ml,masxmenos costa rica,9790.0,medio,446.61,451.08
2026-09-10,Vino rosado,8810.0,,0,750.0,8810.0,vino rosado ijalba rioja eco -750ml,masxmenos costa rica,8810.0,medio,446.61,451.08
2026-09-10,Vinos general,5000.0,,0,750.0,5000.0,vino toro bravo verdejo sauvignon blanco - 750 ml,walmart costa rica,5000.0,económico,446.61,451.08
2026-09-10,Vinos general,7580.0,,0,750.0,7580.0,vino espumoso calvet celebration brut rosé - 750 ml,walmart costa rica,7580.0,medio,446.61,451.08
2026-09-16,Vino tinto,9795.0,,0,750.0,9795.0,cantina fiorentino primitivo salento vino tinto 750 ml,pricesmart costa rica,9795.0,medio,444.46,449.49
2026-09-16,Vino tinto,5495.0,,0,750.0,5495.0,manischewitz concord grape vino tinto 750 ml / 25.36 oz,pricesmart costa rica,5495.0,medio,444.46,449.49
2026-09-10,Vino tinto,2950.0,,0,1000.0,2950.0,vino clos de pirque tinto merlot - 1000ml,walmart costa rica,2212.5,económico,446.61,451.08
2026-09-16,Vino rosado,8795.0,,0,750.0,8795.0,les jamelles vino rosado francés 750 ml / 25.36 oz,pricesmart costa rica,8795.0,medio,444.46,449.49
2026-09-16,Vino rosado,8795.0,,0,750.0,8795.0,taanug vino rosado francés aroma a fresas 750 ml,pricesmart costa rica,8795.0,medio,444.46,449.49
2026-09-10,Vino rosado,8495.0,,0,750.0,8495.0,arrogant frog vino rosado 750 ml,pricesmart costa rica,8495.0,medio,446.61,451.08
2026-09-10,Vino rosado,10000.0,,0,750.0,10000.0,"vino rosado freixenet, ice rose -750 ml",masxmenos costa rica,10000.0,medio,446.61,451.08
2026-09-10,Vino tinto,2395.0,,0,750.0,2395.0,loma negra vino tinto merlot 750 ml / 25.4 oz,pricesmart costa rica,2395.0,económico,446.61,451.08
2026-09-16,Vino tinto,3870.0,,0,750.0,3870.0,vino santa cecilia tinto cabernet sauvignon -750 ml,walmart costa rica,3870.0,económico,444.46,449.49
2026-09-16,Vino tinto,3340.0,,0,750.0,3340.0,vino viña maipo classic series cabernet sauvignon -750 ml,walmart costa rica,3340.0,económico,444.46,449.49
2026-09-16,Vino rosado,9790.0,,0,750.0,9790.0,vino rosado ijalba rioja eco -750ml,masxmenos costa rica,9790.0,medio,444.46,449.49
2026-09-16,Vino rosado,3250.0,,0,375.0,3250.0,vino orgánico adobe rosé – 375 ml,masxmenos costa rica,6500.0,medio,444.46,449.49
2026-09-16,Vino rosado,11.2002,,0,750.0,11.2002,vino laudum chardonnay - 750 ml patrocinado,masxmenos costa rica,11.2,económico,444.46,449.49
2026-09-16,Vino rosado,9200.0,,0,750.0,9200.0,vino rose carnivor apothic - 750 ml patrocinado,masxmenos costa rica,9200.0,medio,444.46,449.49
2026-09-16,Vinos general,5000.0,,0,750.0,5000.0,vino tinto robert mondavi mondavi cabernet sauvignon - 750 ml vendido por walmart patrocinado,walmart costa rica,5000.0,económico,444.46,449.49
2026-09-16,Vino tinto,2300.0,,0,1000.0,2300.0,vino clos de pirque tinto merlot - 1000ml vendido por walmart patrocinado,walmart costa rica,1725.0,económico,444.46,449.49
2026-09-16,Vino rosado,7795.0,,0,750.0,7795.0,soupçon de fruit rosé d'anjou botella de vino rosado 750 ml / 25.4 oz,pricesmart costa rica,7795.0,medio,444.46,449.49
2026-09-10,Vino tinto,10010.0,,0,750.0,10010.0,vino fantini montepulciano d abruzzo 1500ml,walmart costa rica,10010.0,premium,446.61,451.08
2026-09-10,Vinos general,4700.0,,0,750.0,4700.0,vino frontera frutal tropical mango maracuyá - 750 ml,walmart costa rica,4700.0,económico,446.61,451.08
2026-09-10,Vinos general,8800.0,,0,750.0,8800.0,vino blanco casillero del diablo reserve sauvignon blanc - 750ml,walmart costa rica,8800.0,medio,446.61,451.08
2026-09-10,Vinos general,6030.0,,0,750.0,6030.0,vino blanco trapiche pinot grigio -750ml vendido por walmart,walmart costa rica,6030.0,medio,446.61,451.08
2026-09-10,Vino tinto,9082.0,,0,750.0,9082.0,vino tinto dadá finca las moras - 750 ml,walmart costa rica,9082.0,medio,446.61,451.08
2026-09-10,Vino rosado,8795.0,,0,750.0,8795.0,taanug vino rosado francés aroma a fresas 750 ml,pricesmart costa rica,8795.0,medio,446.61,451.08
2026-09-10,Vino tinto,4995.0,,0,750.0,4995.0,mantrús reserva vino tinto ribera del duero 750 ml / 25.36 oz,pricesmart costa rica,4995.0,económico,446.61,451.08
2026-09-16,Vino blanco,6110.0,,0,750.0,6110.0,vino blanco fantini terre siciliante pinot grigio - 750 ml,masxmenos costa rica,6110.0,medio,444.46,449.49
2026-09-16,Vino blanco,2530.0,,0,1000.0,2530.0,vino don simón premium selección chardonnay - 1000 ml,masxmenos costa rica,1897.5,económico,444.46,449.49
2026-09-16,Vino tinto,10010.0,,0,750.0,10010.0,vino fantini montepulciano d abruzzo 1500ml,walmart costa rica,10010.0,premium,444.46,449.49
2026-09-16,Vino tinto,4400.0,,0,750.0,4400.0,vino frontera frutal tinto de verano manzana naranja - 750 ml,walmart costa rica,4400.0,económico,444.46,449.49
2026-09-16,Vino tinto,2580.0,,0,750.0,2580.0,vino tinto don simón tempranillo -750 ml vendido por walmart patrocinado,walmart costa rica,2580.0,económico,444.46,449.49
2026-09-16,Vino tinto,1980.0,,0,750.0,1980.0,vino viña maipo clasic series merlot - 750 ml vendido por walmart patrocinado,walmart costa rica,1980.0,económico,444.46,449.49
2026-09-16,Vino blanco,10495.0,,0,750.0,10495.0,los vascos vino blanco sauvignon blanc 750 ml / 25.36 oz,pricesmart costa rica,10495.0,premium,444.46,449.49
2026-09-10,Frontera,9120.0,,0,1500.0,9120.0,vino frontera tinto concha y toro cabernet - 1500 ml,masxmenos costa rica,4560.0,económico,446.61,451.08
2026-09-10,Vino blanco,8960.0,,0,1000.0,8960.0,vino don simón premium selección chardonnay - 1000 ml,masxmenos costa rica,6720.0,medio,446.61,451.08
2026-09-10,Vino tinto,2200.0,,0,1000.0,2200.0,vino don simon premium merlot - 1000ml,walmart costa rica,1650.0,económico,446.61,451.08
2026-09-16,Vino tinto,6795.0,,0,1500.0,6795.0,gato negro cabernet sauvignon vino tinto 1.5 l / 51 oz,pricesmart costa rica,3397.5,económico,444.46,449.49
2026-09-10,Vino tinto,7795.0,,0,1500.0,7795.0,frontera merlot vino tinto chileno botella de 1.5 l / 51 oz,pricesmart costa rica,3897.5,económico,446.61,451.08
2026-09-10,Vino rosado,15495.0,,0,750.0,15495.0,the beach by whispering angel vino rosado francés 750 ml,pricesmart costa rica,15495.0,super premium,446.61,451.08
2026-09-10,Vino tinto,10495.0,,0,750.0,10495.0,m. chapoutier vino tinto côtes du rhône 750 ml / 25.36 oz,pricesmart costa rica,10495.0,premium,446.61,451.08
2026-09-10,Vino rosado,5795.0,,0,750.0,5795.0,astoria prosecco rosé vino rosado 750 ml / 25.4 oz,pricesmart costa rica,5795.0,medio,446.61,451.08
2026-09-16,Vino tinto,5480.0,,0,750.0,5480.0,vino blanco trapiche pinot grigio -750ml,walmart costa rica,5480.0,medio,444.46,449.49
2026-09-16,Vinos general,4300.0,,0,750.0,4300.0,vino riunite blanco melocotón - 750 ml,walmart costa rica,4300.0,económico,444.46,449.49
2026-09-16,Vinos general,12140.0,,0,750.0,12140.0,vino tinto protos roble botella - 750 ml,walmart costa rica,12140.0,premium,444.46,449.49
2026-09-16,Frontera,5930.0,,0,1500.0,5930.0,vino frontera merlot -1500 ml patrocinado,masxmenos costa rica,2965.0,económico,444.46,449.49
2026-09-16,Frontera,7500.0,,0,750.0,7500.0,vino frontera rosado concha y toro chile - 750 ml patrocinado,masxmenos costa rica,7500.0,medio,444.46,449.49
2026-09-10,Vino tinto,11295.0,,0,750.0,11295.0,ramon bilbao vino tinto crianza 750 ml,pricesmart costa rica,11295.0,premium,446.61,451.08
2026-09-16,Frontera,8940.0,,0,750.0,8940.0,vino frontera chardonnay - 1500ml,masxmenos costa rica,8940.0,medio,444.46,449.49
2026-09-16,Vino rosado,8810.0,,0,750.0,8810.0,vino marques de caceres rosado rioja - 750ml,masxmenos costa rica,8810.0,medio,444.46,449.49
2026-09-16,Vinos general,13960.0,,0,750.0,13960.0,vino torres celeste roble tinto - 750 ml vendido por walmart patrocinado,walmart costa rica,13960.0,premium,444.46,449.49
2026-09-10,Vinos general,5168.0,,0,750.0,5168.0,vino tinto manischewitz de uva botella de vidrio - 750 ml,walmart costa rica,5168.0,medio,446.61,451.08
2026-09-10,Vinos general,13775.0,,0,750.0,13775.0,vino marquez de riscal reserva rioja - 750 ml,walmart costa rica,13775.0,premium,446.61,451.08
2026-09-10,Vino tinto,3980.0,,0,750.0,3980.0,vino viña maipo clasic series merlot - 750 ml,walmart costa rica,3980.0,económico,446.61,451.08
2026-09-10,Vino tinto,3070.0,,0,1000.0,3070.0,vino clos de pirque cabernet sauvignon - 1000ml,walmart costa rica,2302.5,económico,446.61,451.08
2026-09-10,Vino rosado,8730.0,,0,750.0,8730.0,vino trivento reserva malbec rosado - 750 ml,masxmenos costa rica,8730.0,medio,446.61,451.08
2026-09-16,Vino rosado,7495.01,,0,750.0,7495.01,calvet rose d'anjou vino rosado 750 ml / 25.4 oz,pricesmart costa rica,7495.01,medio,444.46,449.49
2026-09-10,Vino tinto,6795.0,,0,1500.0,6795.0,gato negro cabernet sauvignon vino tinto 1.5 l / 51 oz,pricesmart costa rica,3397.5,económico,446.61,451.08
2026-09-10,Vino blanco,6070.0,,0,750.0,6070.0,vino blanco protos verdejo criado sobre lias finas - 750 ml,masxmenos costa rica,6070.0,medio,446.61,451.08
2026-09-16,Vino rosado,4400.0,,0,750.0,4400.0,frontera frutal pink paradise 750ml,masxmenos costa rica,4400.0,económico,444.46,449.49
2026-09-16,Vino rosado,11180.0,,0,750.0,11180.0,vino mr wild org rose 750 ml,masxmenos costa rica,11180.0,premium,444.46,449.49
2026-09-16,Vinos general,4240.0,,0,750.0,4240.0,vino undurraga tinto merlot -750 ml,walmart costa rica,4240.0,económico,444.46,449.49
2026-09-16,Vinos general,5120.0,,0,750.0,5120.0,vino tinto undurraga cabernet - 750 ml,walmart costa rica,5120.0,medio,444.46,449.49
2026-09-16,Vino blanco,2490.0,,0,1000.0,2490.0,vino clos de pirque blanco - 1000ml,masxmenos costa rica,1867.5,económico,444.46,449.49
2026-09-16,Vinos general,5670.0,,0,750.0,5670.0,vino tinto trapiche vineyards malbec - 750 ml vendido por walmart patrocinado,walmart costa rica,5670.0,medio,444.46,449.49
2026-09-10,Vino tinto,10595.0,,0,750.0,10595.0,montes limited selection vino cabernet sauvignon camenère 750 ml / 25.3 oz,pricesmart costa rica,10595.0,premium,446.61,451.08
2026-09-10,Vino rosado,8280.0,,0,750.0,8280.0,vino laudum rosado - 750 ml,masxmenos costa rica,8280.0,medio,446.61,451.08
2026-09-10,Vino tinto,9766.0,,0,750.0,9766.0,vino fantini montepulciano d abruzzo 1500ml vendido por walmart,walmart costa rica,9766.0,medio,446.61,451.08
2026-09-10,Vino tinto,6100.0,,0,750.0,6100.0,vino tinto torres ramon bilbao crianza - 750ml vendido por walmart,walmart costa rica,6100.0,medio,446.61,451.08
2026-09-10,Vino blanco,11795.0,,0,750.0,11795.0,pulpo albariño vino blanco 750 ml,pricesmart costa rica,11795.0,premium,446.61,451.08
2026-09-10,Vino blanco,7795.0,,0,1500.0,7795.0,frontera concha & toro vino blanco sauvignon blanc semi 1.5 l,pricesmart costa rica,3897.5,económico,446.61,451.08
2026-09-10,Vino tinto,9795.0,,0,750.0,9795.0,douce nature vino tinto pinot noir orgánico 750 ml / 25.36 oz,pricesmart costa rica,9795.0,medio,446.61,451.08
2026-09-10,Frontera,6070.0,,0,750.0,6070.0,vino rosado frontera gently bubbly spritzer roses -750 ml,masxmenos costa rica,6070.0,medio,446.61,451.08
2026-09-10,Vino blanco,2395.0,,0,750.0,2395.0,loma negra chardonnay classic vino blanco 750 ml / 25.4 oz,pricesmart costa rica,2395.0,económico,446.61,451.08
2026-09-16,Vinos general,6570.0,,0,750.0,6570.0,vino tinto casillero del diablo red blend - 750 ml,walmart costa rica,6570.0,medio,444.46,449.49
2026-09-16,Vino blanco,10300.0,,0,750.0,10300.0,navarro col. privada chardonnay 750 ml,masxmenos costa rica,10300.0,premium,444.46,449.49
2026-09-16,Vino blanco,7500.0,,0,1500.0,7500.0,vino maipo blanco chardonnay -1.5 l,masxmenos costa rica,3750.0,económico,444.46,449.49
2026-09-10,Vinos general,41370.0,,0,750.0,41370.0,champagne veuve clicquot brut - 750 ml,walmart costa rica,41370.0,super premium,446.61,451.08
2026-09-16,Vino tinto,14970.0,,0,750.0,14970.0,viña alberdi vino tinto tempranillo crianza 750 ml / 25.36 oz,pricesmart costa rica,14970.0,premium,444.46,449.49
2026-09-17,Vino tinto,2580.0,,0,750.0,2580.0,vino tinto don simón tempranillo -750 ml vendido por walmart patrocinado,walmart costa rica,2580.0,económico,444.46,449.49
2026-09-17,Vino tinto,7500.0,,0,750.0,7500.0,vino tinto contenda merlot - 750 ml vendido por walmart patrocinado,walmart costa rica,7500.0,medio,444.46,449.49
2026-09-16,Frontera,6070.0,,0,750.0,6070.0,vino rosado frontera gently bubbly spritzer roses -750 ml patrocinado,masxmenos costa rica,6070.0,medio,444.46,449.49
2026-09-16,Vino blanco,2600.0,,0,375.0,2600.0,vino adobe chardonnay orgánico -375 ml patrocinado,masxmenos costa rica,5200.0,medio,444.46,449.49
2026-09-10,Vino tinto,7595.0,,0,750.0,7595.0,arrogante frog cabernet sauvignon merlot vino tinto 750 ml,pricesmart costa rica,7595.0,medio,446.61,451.08
2026-09-10,Vino tinto,14995.0,,0,750.0,14995.0,bin 27 vino tinto reserve port fonseca 750 ml / 25.36 oz,pricesmart costa rica,14995.0,premium,446.61,451.08
2026-09-10,Vino rosado,5570.0,,0,750.0,5570.0,viña esmeralda vino rosado español aroma frutal 750 ml,pricesmart costa rica,5570.0,medio,446.61,451.08
2026-09-10,Vino rosado,13995.0,,0,750.0,13995.0,pasqua 11 minutes vino rosado 750 ml,pricesmart costa rica,13995.0,premium,446.61,451.08
2026-09-16,Vino rosado,6370.0,,0,750.0,6370.0,pack jp chenet rosé dry vino espumoso 750 ml + chocolate vizzio 70 g,pricesmart costa rica,6370.0,medio,444.46,449.49
2026-09-10,Vino blanco,9495.0,,0,750.0,9495.0,gemma di luna pinot grigio vino blanco 750 ml,pricesmart costa rica,9495.0,medio,446.61,451.08
2026-09-10,Frontera,5930.0,,0,750.0,5930.0,vino frontera blanco sauvignon concha y toro - 750 ml,masxmenos costa rica,5930.0,medio,446.61,451.08
2026-09-16,Vinos general,8800.0,,0,750.0,8800.0,vino casillero del diablo chardonnay - 750ml,walmart costa rica,8800.0,medio,444.46,449.49
2026-09-16,Frontera,4400.0,,0,750.0,4400.0,vino frontera frutal tropical mango maracuyá - 750 ml,masxmenos costa rica,4400.0,económico,444.46,449.49
2026-09-16,Frontera,9120.0,,0,1500.0,9120.0,vino blanco frontera sauvignon blanc - 1500 ml,masxmenos costa rica,4560.0,económico,444.46,449.49
2026-09-16,Vino blanco,6110.0,,0,750.0,6110.0,vino tinto fantini trebbiano d abruzzo -750ml,masxmenos costa rica,6110.0,medio,444.46,449.49
2026-09-16,Vino blanco,11560.0,,0,1500.0,11560.0,vino blanco pasqua pinot grigio -1500ml,masxmenos costa rica,5780.0,medio,444.46,449.49
2026-09-16,Vino rosado,5770.0,,0,750.0,5770.0,vino rosado frontera gently bubbly spritzer roses -750 ml,masxmenos costa rica,5770.0,medio,444.46,449.49
2026-09-16,Vino rosado,8020.0,,0,750.0,8020.0,vino soupcon de fruit rose d&apos;anjou 2020 - 750 ml,masxmenos costa rica,8020.0,medio,444.46,449.49
2026-09-10,Frontera,9380.0,,0,750.0,9380.0,vino frontera concha y toro merlot - 750ml,masxmenos costa rica,9380.0,medio,446.61,451.08
2026-09-16,Vino tinto,7500.0,,0,1500.0,7500.0,vino frontera merlot -1500 ml,walmart costa rica,3750.0,económico,444.46,449.49
2026-09-10,Vinos general,6935.0,,0,1500.0,6935.0,vino tinto santa carolina cabernet sauvignon -1500 ml,walmart costa rica,3467.5,económico,446.61,451.08
2026-09-10,Vinos general,5387.0,,0,750.0,5387.0,vino pata negra valdepenas crianza - 750 ml,walmart costa rica,5387.0,medio,446.61,451.08
2026-09-10,Frontera,4750.0,,0,750.0,4750.0,vino frontera frutal tropical mango maracuyá - 750 ml,masxmenos costa rica,4750.0,económico,446.61,451.08
2026-09-10,Frontera,4200.0,,0,750.0,4200.0,"vinos sub-categoría vino tinto vino blanco vino rosado departamento cervezas, vinos y licores rebaja exclusiva en línea rangos de precio",masxmenos costa rica,4200.0,económico,446.61,451.08
2026-09-16,Vino tinto,2500.0,,0,1000.0,2500.0,vino clos de pirque tinto merlot - 1000ml,walmart costa rica,1875.0,económico,444.46,449.49
2026-09-16,Vinos general,4400.0,,0,750.0,4400.0,frontera frutal pink paradise 750ml,walmart costa rica,4400.0,económico,444.46,449.49
2026-09-10,Vino tinto,5795.0,,0,750.0,5795.0,rioja próximo tempranillo vino tinto 750 ml / 25.4 oz,pricesmart costa rica,5795.0,medio,446.61,451.08
2026-09-16,Vino blanco,8.3102,,0,1000.0,8.3102,vino clos de pirque blanco - 1000ml patrocinado,masxmenos costa rica,6.23,económico,444.46,449.49
2026-09-16,Vino rosado,5200.0,,0,750.0,5200.0,vino cavicchioli lambrusco rosato dulce - 750 ml,masxmenos costa rica,5200.0,medio,444.46,449.49
2026-09-16,Frontera,9380.0,,0,750.0,9380.0,vino frontera concha y toro merlot - 750ml patrocinado,masxmenos costa rica,9380.0,medio,444.46,449.49
2026-09-17,Vino tinto,4680.0,,0,750.0,4680.0,vino clos dp cabernet tinto sauvignon - 2000ml,walmart costa rica,4680.0,económico,444.46,449.49
2026-09-17,Vino tinto,11630.0,,0,750.0,11630.0,navarro colección privada vero faraone malbec - 750ml,walmart costa rica,11630.0,premium,444.46,449.49
2026-09-17,Vino blanco,2490.0,,0,1000.0,2490.0,vino clos de pirque blanco - 1000ml,masxmenos costa rica,1867.5,económico,444.46,449.49
2026-09-17,Vino blanco,8310.0,,0,750.0,8310.0,vino blanco protos verdejo criado sobre lias finas - 750 ml,masxmenos costa rica,8310.0,medio,444.46,449.49
2026-09-16,Vino tinto,20995.0,,0,750.0,20995.0,pulenta estate malbec vino tinto 750 ml,pricesmart costa rica,20995.0,super premium,444.46,449.49
2026-09-16,Frontera,5930.0,,0,750.0,5930.0,vino tinto frontera carmenere viñedo protegido por la naturaleza - 750 ml,masxmenos costa rica,5930.0,medio,444.46,449.49
2026-09-10,Vino rosado,11540.0,,0,750.0,11540.0,vino làudum gran reserva - 750 ml,masxmenos costa rica,11540.0,premium,446.61,451.08
2026-09-10,Vino tinto,7795.0,,0,750.0,7795.0,arrogant frog pinot noir vino tinto 750 ml,pricesmart costa rica,7795.0,medio,446.61,451.08
2026-09-10,Vino tinto,9795.0,,0,750.0,9795.0,cantina fiorentino primitivo salento vino tinto 750 ml,pricesmart costa rica,9795.0,medio,446.61,451.08
2026-09-10,Vino tinto,9795.0,,0,750.0,9795.0,el coto crianza rioja vino tinto tempranillo 750 ml,pricesmart costa rica,9795.0,medio,446.61,451.08
2026-09-10,Vino tinto,7495.0,,0,750.0,7495.0,santa rita 120 reserva especial vino tinto 4 unidades / 187.5 ml / 6.3 oz,pricesmart costa rica,7495.0,medio,446.61,451.08
2026-09-10,Vino blanco,8295.0,,0,750.0,8295.0,marqués de riscal vino blanco 750 ml,pricesmart costa rica,8295.0,medio,446.61,451.08
2026-09-16,Vinos general,7970.0,,0,750.0,7970.0,vino tinto santa rita 120 carmenere - 750ml,walmart costa rica,7970.0,medio,444.46,449.49
2026-09-16,Vino blanco,5600.0,,0,750.0,5600.0,vino peter brum liebfraulmil blan - 750ml,masxmenos costa rica,5600.0,medio,444.46,449.49
2026-09-10,Vinos general,11168.0,,0,750.0,11168.0,vino tinto robert mondavi mondavi cabernet sauvignon - 750 ml,walmart costa rica,11168.0,premium,446.61,451.08
2026-09-10,Vino rosado,11200.0,,0,750.0,11200.0,vino rosado dark horse pinot noir - 750 ml,masxmenos costa rica,11200.0,premium,446.61,451.08
2026-09-16,Frontera,6070.0,,0,750.0,6070.0,vino frontera blanco sauvignon concha y toro - 750 ml,masxmenos costa rica,6070.0,medio,444.46,449.49
2026-09-16,Frontera,6070.0,,0,750.0,6070.0,vino blanco frontera chardonnay viñedo protegido por la naturaleza - 750 ml,masxmenos costa rica,6070.0,medio,444.46,449.49
2026-09-16,Frontera,5770.0,,0,750.0,5770.0,vino tinto frontera carmenere viñedo protegido por la naturaleza - 750 ml patrocinado,masxmenos costa rica,5770.0,medio,444.46,449.49
2026-09-16,Frontera,5930.0,,0,750.0,5930.0,vino frontera blanco sauvignon concha y toro - 750 ml patrocinado,masxmenos costa rica,5930.0,medio,444.46,449.49
2026-09-16,Vino tinto,4680.0,,0,750.0,4680.0,vino clos dp cabernet tinto sauvignon - 2000ml,walmart costa rica,4680.0,económico,444.46,449.49
2026-09-16,Vinos general,5670.0,,0,750.0,5670.0,vino pata negra valdepenas crianza - 750 ml,walmart costa rica,5670.0,medio,444.46,449.49
2026-09-10,Frontera,5930.0,,0,1500.0,5930.0,vino blanco frontera sauvignon blanc - 1500 ml,masxmenos costa rica,2965.0,económico,446.61,451.08
2026-09-10,Vino rosado,5795.0,,0,750.0,5795.0,sandara sparkling vino rosado botella de 750 ml / 25.4 oz,pricesmart costa rica,5795.0,medio,446.61,451.08
2026-09-16,Vino tinto,9930.0,,0,750.0,9930.0,vino blanco marques de riscal verdejo - 750 ml,walmart costa rica,9930.0,medio,444.46,449.49
2026-09-16,Vino tinto,11500.0,,0,750.0,11500.0,vino tinto luigi bosca malbec - 750 ml,walmart costa rica,11500.0,premium,444.46,449.49
2026-09-16,Vinos general,3250.0,,0,375.0,3250.0,vino orgánico adobe merlot – 375 ml,walmart costa rica,6500.0,medio,444.46,449.49
2026-09-16,Vino blanco,8020.0,,0,750.0,8020.0,vino marques de caceres blanco 750ml,masxmenos costa rica,8020.0,medio,444.46,449.49
2026-09-16,Vino tinto,3830.0,,0,750.0,3830.0,vino tinto teber dulce - 750ml,walmart costa rica,3830.0,económico,444.46,449.49
2026-09-10,Vinos general,5190.0,,0,750.0,5190.0,vino tinto fantini sangiovese - 750ml,walmart costa rica,5190.0,medio,446.61,451.08
2026-09-16,Vino tinto,4970.0,,0,750.0,4970.0,arrogante frog cabernet sauvignon merlot vino tinto 750 ml,pricesmart costa rica,4970.0,económico,444.46,449.49
2026-09-16,Vino tinto,9470.0,,0,750.0,9470.0,montecillo rioja crianza vino tinto 750 ml,pricesmart costa rica,9470.0,medio,444.46,449.49
2026-09-17,Vinos general,5970.0,,0,750.0,5970.0,vino espumoso undurraga brut 750 ml,walmart costa rica,5970.0,medio,444.46,449.49
2026-09-17,Vinos general,8000.0,,0,1125.0,8000.0,vino viñas del tango malbec - 1125 ml,walmart costa rica,5333.33,medio,444.46,449.49
2026-09-17,Vino rosado,5770.0,,0,750.0,5770.0,vino rosado frontera gently bubbly spritzer roses -750 ml,masxmenos costa rica,5770.0,medio,444.46,449.49
2026-09-17,Vino rosado,3250.0,,0,375.0,3250.0,vino orgánico adobe rosé – 375 ml,masxmenos costa rica,6500.0,medio,444.46,449.49
2026-09-17,Vino tinto,10010.0,,0,750.0,10010.0,vino fantini montepulciano d abruzzo 1500ml,walmart costa rica,10010.0,premium,444.46,449.49
2026-09-16,Frontera,5770.0,,0,750.0,5770.0,vino blanco frontera chardonnay viñedo protegido por la naturaleza - 750 ml patrocinado,masxmenos costa rica,5770.0,medio,444.46,449.49
2026-09-10,Frontera,5910.0,,0,750.0,5910.0,vino blanco frontera spritzer chardonnay eldelflower - 750 ml,masxmenos costa rica,5910.0,medio,446.61,451.08
2026-09-10,Frontera,4750.0,,0,750.0,4750.0,vino frontera frutal tinto de verano manzana naranja - 750 ml,masxmenos costa rica,4750.0,económico,446.61,451.08
2026-09-16,Vino tinto,3340.0,,0,750.0,3340.0,vino viña maipo clasic series merlot - 750 ml,walmart costa rica,3340.0,económico,444.46,449.49
2026-09-16,Vino tinto,2300.0,,0,1000.0,2300.0,vino clos de pirque cabernet sauvignon - 1000ml,walmart costa rica,1725.0,económico,444.46,449.49
2026-09-10,Vino blanco,7495.0,,0,3000.0,7495.0,clos de pirque vino blanco 3 unidades / 1 l,pricesmart costa rica,1873.75,económico,446.61,451.08
2026-09-10,Vino tinto,8795.0,,0,1500.0,8795.0,montepulciano vino tinto de frutos rojos 1.5 l / 51 oz,pricesmart costa rica,4397.5,económico,446.61,451.08
2026-09-16,Vino blanco,3380.0,,0,750.0,3380.0,vino maipo sauvignon blanco clasic series -750 ml,masxmenos costa rica,3380.0,económico,444.46,449.49
2026-09-16,Vino rosado,14590.0,,0,750.0,14590.0,vino rose carnivor apothic - 750 ml,masxmenos costa rica,14590.0,premium,444.46,449.49
2026-09-17,Vino tinto,2580.0,,0,750.0,2580.0,vino tinto contenda merlot - 750 ml,walmart costa rica,2580.0,económico,444.46,449.49
2026-09-17,Vino tinto,7500.0,,0,1500.0,7500.0,vino frontera merlot -1500 ml,walmart costa rica,3750.0,económico,444.46,449.49
2026-09-16,Vino tinto,5995.0,,0,750.0,5995.0,misiones de rengo vino tinto cabernet sauvignon 750 ml / 25.36 oz,pricesmart costa rica,5995.0,medio,444.46,449.49
2026-09-16,Vino tinto,15995.0,,0,750.0,15995.0,marqués de riscal vino tinto rioja reserva 750 ml,pricesmart costa rica,15995.0,super premium,444.46,449.49
2026-09-16,Vino tinto,3770.0,,0,750.0,3770.0,mantrús crianza vino tinto 750 ml / 25.36 oz,pricesmart costa rica,3770.0,económico,444.46,449.49
2026-09-16,Vino tinto,4995.0,,0,750.0,4995.0,mantrús reserva vino tinto ribera del duero 750 ml / 25.36 oz,pricesmart costa rica,4995.0,económico,444.46,449.49
2026-09-16,Vinos general,5970.0,,0,750.0,5970.0,vino espumoso undurraga brut 750 ml,walmart costa rica,5970.0,medio,444.46,449.49
2026-09-16,Vino blanco,5910.0,,0,750.0,5910.0,vino blanco frontera spritzer chardonnay eldelflower - 750 ml,masxmenos costa rica,5910.0,medio,444.46,449.49
2026-09-10,Vino rosado,10080.0,,0,750.0,10080.0,vino làudum reserva - 750 ml,masxmenos costa rica,10080.0,premium,446.61,451.08
2026-09-10,Vino tinto,20995.0,,0,750.0,20995.0,pulenta estate malbec vino tinto 750 ml,pricesmart costa rica,20995.0,super premium,446.61,451.08
2026-09-16,Vinos general,7970.0,,0,750.0,7970.0,vino casillero del diablo chardonnay - 750ml vendido por walmart patrocinado,walmart costa rica,7970.0,medio,444.46,449.49
2026-09-16,Vinos general,8800.0,,0,750.0,8800.0,vino 19 crimes red blend - 750 ml vendido por walmart patrocinado,walmart costa rica,8800.0,medio,444.46,449.49
2026-09-16,Vino blanco,3250.0,,0,375.0,3250.0,vino adobe chardonnay orgánico -375 ml,masxmenos costa rica,6500.0,medio,444.46,449.49
2026-09-16,Vino rosado,11200.0,,0,750.0,11200.0,vino làudum barrica - 750 ml,masxmenos costa rica,11200.0,premium,444.46,449.49
2026-09-16,Vinos general,9000.0,,0,750.0,9000.0,vino tinto byg merlot reserve - 750ml,walmart costa rica,9000.0,medio,444.46,449.49
2026-09-17,Vino tinto,1980.0,,0,750.0,1980.0,vino tinto don simón tempranillo -750 ml,walmart costa rica,1980.0,económico,444.46,449.49
2026-09-17,Vino tinto,8170.0,,0,750.0,8170.0,vino tinto álamos malbec - 750 ml,walmart costa rica,8170.0,medio,444.46,449.49
2026-09-17,Vino tinto,2300.0,,0,1000.0,2300.0,vino clos de pirque tinto merlot - 1000ml vendido por walmart patrocinado,walmart costa rica,1725.0,económico,444.46,449.49
2026-09-17,Vino blanco,16600.0,,0,750.0,16600.0,vino luigi bosca de sangre - 750 ml,masxmenos costa rica,16600.0,super premium,444.46,449.49
2026-09-17,Vino blanco,5210.0,,0,750.0,5210.0,vino blanco tarapacá pinot grigio - 750 ml,masxmenos costa rica,5210.0,medio,444.46,449.49
2026-09-17,Frontera,9380.0,,0,1500.0,9380.0,vino frontera tinto concha y toro cabernet - 1500 ml,masxmenos costa rica,4690.0,económico,444.46,449.49
2026-09-17,Frontera,5930.0,,0,750.0,5930.0,frontera cabernet sauvignon 750ml,masxmenos costa rica,5930.0,medio,444.46,449.49
2026-09-17,Vinos general,4240.0,,0,750.0,4240.0,vino undurraga tinto merlot -750 ml,walmart costa rica,4240.0,económico,444.46,449.49
2026-09-16,Vino tinto,6495.0,,0,750.0,6495.0,santa rita 120 carmenere vino tinto 750 ml,pricesmart costa rica,6495.0,medio,444.46,449.49
2026-09-16,Vino tinto,8170.0,,0,750.0,8170.0,vino tinto álamos malbec - 750 ml,walmart costa rica,8170.0,medio,444.46,449.49
2026-09-16,Vino tinto,10280.0,,0,750.0,10280.0,vino tinto torres ramon bilbao crianza - 750ml,walmart costa rica,10280.0,premium,444.46,449.49
2026-09-16,Vinos general,10000.0,,0,750.0,10000.0,vino torres celeste roble tinto - 750 ml,walmart costa rica,10000.0,medio,444.46,449.49
2026-09-16,Vinos general,5800.0,,0,750.0,5800.0,frontera cabernet sauvignon 750ml,walmart costa rica,5800.0,medio,444.46,449.49
2026-09-10,Vino tinto,7495.0,,0,3000.0,7495.0,clos de pirque vino tinto cabernet sauvignon 3 unidades / 1 l,pricesmart costa rica,1873.75,económico,446.61,451.08
2026-09-16,Vino tinto,7500.0,,0,1500.0,7500.0,vino viña maipo varietal merlot 1.5l,walmart costa rica,3750.0,económico,444.46,449.49
2026-09-16,Vino rosado,9200.0,,0,750.0,9200.0,vino laudum chardonnay - 750 ml,masxmenos costa rica,9200.0,medio,444.46,449.49
2026-09-16,Vino rosado,10810.0,,0,750.0,10810.0,vino rosado canti prosecco - 750 ml,masxmenos costa rica,10810.0,premium,444.46,449.49
2026-09-17,Vinos general,5000.0,,0,750.0,5000.0,vino tinto trapiche vineyards malbec - 750 ml,walmart costa rica,5000.0,económico,444.46,449.49
2026-09-17,Vinos general,5670.0,,0,750.0,5670.0,vino pata negra valdepenas crianza - 750 ml,walmart costa rica,5670.0,medio,444.46,449.49
2026-09-17,Vino tinto,3340.0,,0,1000.0,3340.0,vino clos de pirque cabernet sauvignon - 1000ml vendido por walmart patrocinado,walmart costa rica,2505.0,económico,444.46,449.49
2026-09-17,Vino tinto,1980.0,,0,750.0,1980.0,vino viña maipo clasic series merlot - 750 ml vendido por walmart patrocinado,walmart costa rica,1980.0,económico,444.46,449.49
2026-09-17,Vino tinto,4650.0,,0,1000.0,4650.0,2 pack sangria peñasol tinta -1000ml,walmart costa rica,3487.5,económico,444.46,449.49
2026-09-17,Vino tinto,4400.0,,0,750.0,4400.0,vino frontera frutal tinto de verano manzana naranja - 750 ml,walmart costa rica,4400.0,económico,444.46,449.49
2026-09-16,Vino blanco,16600.0,,0,750.0,16600.0,vino luigi bosca de sangre - 750 ml,masxmenos costa rica,16600.0,super premium,444.46,449.49
2026-09-16,Vino rosado,5220.0,,0,750.0,5220.0,vino dulce rosado st. helena – 750 ml,masxmenos costa rica,5220.0,medio,444.46,449.49
2026-09-16,Vino tinto,2580.0,,0,750.0,2580.0,vino tinto contenda merlot - 750 ml,walmart costa rica,2580.0,económico,444.46,449.49
2026-09-16,Vino tinto,1980.0,,0,750.0,1980.0,vino tinto don simón tempranillo -750 ml,walmart costa rica,1980.0,económico,444.46,449.49
2026-09-16,Vino blanco,3380.0,,0,750.0,3380.0,vino peter brum liebfraulmil blan - 750ml patrocinado,masxmenos costa rica,3380.0,económico,444.46,449.49
2026-09-16,Vino blanco,5600.0,,0,750.0,5600.0,vino blanco fantini terre siciliante pinot grigio - 750 ml patrocinado,masxmenos costa rica,5600.0,medio,444.46,449.49
2026-09-16,Vino rosado,12700.0,,0,750.0,12700.0,vino làudum gran reserva - 750 ml,masxmenos costa rica,12700.0,premium,444.46,449.49
2026-09-16,Vino rosado,5640.0,,0,750.0,5640.0,vino rosado trapiche vineyards argentino - 750 ml,masxmenos costa rica,5640.0,medio,444.46,449.49
2026-09-16,Vino blanco,6830.0,,0,750.0,6830.0,vino blanco protos verdejo criado sobre lias finas - 750 ml patrocinado,masxmenos costa rica,6830.0,medio,444.46,449.49
2026-09-17,Vinos general,13960.0,,0,750.0,13960.0,vino tinto robert mondavi mondavi cabernet sauvignon - 750 ml,walmart costa rica,13960.0,premium,444.46,449.49
2026-09-17,Vinos general,5800.0,,0,375.0,5800.0,vino orgánico adobe merlot – 375 ml vendido por walmart patrocinado,walmart costa rica,11600.0,premium,444.46,449.49
2026-09-17,Vinos general,13960.0,,0,750.0,13960.0,vino torres celeste roble tinto - 750 ml vendido por walmart patrocinado,walmart costa rica,13960.0,premium,444.46,449.49
2026-09-17,Vino rosado,5200.0,,0,750.0,5200.0,vino cavicchioli lambrusco rosato dulce - 750 ml,masxmenos costa rica,5200.0,medio,444.46,449.49
2026-09-17,Vino rosado,10810.0,,0,750.0,10810.0,vino rosado canti prosecco - 750 ml,masxmenos costa rica,10810.0,premium,444.46,449.49
2026-09-18,Vino tinto,10010.0,,0,750.0,10010.0,vino fantini montepulciano d abruzzo 1500ml,walmart costa rica,10010.0,premium,443.43,448.21
2026-09-18,Vino tinto,4400.0,,0,750.0,4400.0,vino frontera frutal tinto de verano manzana naranja - 750 ml,walmart costa rica,4400.0,económico,443.43,448.21
2026-09-17,Vino blanco,6110.0,,0,750.0,6110.0,vino tinto fantini trebbiano d abruzzo -750ml,masxmenos costa rica,6110.0,medio,444.46,449.49
2026-09-17,Vino tinto,3340.0,,0,750.0,3340.0,vino viña maipo classic series cabernet sauvignon -750 ml,walmart costa rica,3340.0,económico,444.46,449.49
2026-09-16,Vinos general,5800.0,,0,375.0,5800.0,vino orgánico adobe merlot – 375 ml vendido por walmart patrocinado,walmart costa rica,11600.0,premium,444.46,449.49
2026-09-16,Vinos general,5200.0,,0,750.0,5200.0,vino tinto santa rita 120 carmenere - 750ml vendido por walmart patrocinado,walmart costa rica,5200.0,medio,444.46,449.49
2026-09-16,Vino blanco,8960.0,,0,750.0,8960.0,vino blanco trivento malbec reserva 2022 - 750 ml,masxmenos costa rica,8960.0,medio,444.46,449.49
2026-09-16,Vino blanco,2600.0,,0,750.0,2600.0,vino contenda sauvignon blanc - 750 ml,masxmenos costa rica,2600.0,económico,444.46,449.49
2026-09-16,Vino tinto,3250.0,,0,375.0,3250.0,vino orgánico adobe cabernet sauvignon - 375 ml,walmart costa rica,6500.0,medio,444.46,449.49
2026-09-16,Vinos general,7360.0,,0,1500.0,7360.0,vino tinto santa cecilia cabernet sauvignon – 1500 ml,walmart costa rica,3680.0,económico,444.46,449.49
2026-09-16,Vino rosado,5770.0,,0,750.0,5770.0,vino frontera rosado concha y toro chile - 750 ml,masxmenos costa rica,5770.0,medio,444.46,449.49
2026-09-16,Vino blanco,2395.0,,0,750.0,2395.0,loma negra chardonnay classic vino blanco 750 ml / 25.4 oz,pricesmart costa rica,2395.0,económico,444.46,449.49
2026-09-17,Vino blanco,7040.0,,0,750.0,7040.0,vino blanco carmen frida sauvignon blanc – 750 ml,masxmenos costa rica,7040.0,medio,444.46,449.49
2026-09-17,Vino blanco,5910.0,,0,750.0,5910.0,vino blanco frontera spritzer chardonnay eldelflower - 750 ml,masxmenos costa rica,5910.0,medio,444.46,449.49
2026-09-17,Vinos general,5000.0,,0,750.0,5000.0,vino tinto robert mondavi mondavi cabernet sauvignon - 750 ml vendido por walmart patrocinado,walmart costa rica,5000.0,económico,444.46,449.49
2026-09-17,Vinos general,5670.0,,0,750.0,5670.0,vino tinto trapiche vineyards malbec - 750 ml vendido por walmart patrocinado,walmart costa rica,5670.0,medio,444.46,449.49
2026-09-17,Vinos general,20760.0,,0,750.0,20760.0,"vino rosado b &amp; g cotes de provence, 2 pack -750 ml",walmart costa rica,20760.0,super premium,444.46,449.49
2026-09-17,Vinos general,5120.0,,0,750.0,5120.0,vino tinto undurraga cabernet - 750 ml,walmart costa rica,5120.0,medio,444.46,449.49
2026-09-16,Vino rosado,5220.0,,0,750.0,5220.0,vino mr wild org rose 750 ml patrocinado,masxmenos costa rica,5220.0,medio,444.46,449.49
2026-09-16,Vino rosado,11180.0,,0,750.0,11180.0,vino rosado ijalba rioja eco -750ml patrocinado,masxmenos costa rica,11180.0,premium,444.46,449.49
2026-09-16,Vinos general,5000.0,,0,750.0,5000.0,vino tinto trapiche vineyards malbec - 750 ml,walmart costa rica,5000.0,económico,444.46,449.49
2026-09-16,Vinos general,13960.0,,0,750.0,13960.0,vino tinto robert mondavi mondavi cabernet sauvignon - 750 ml,walmart costa rica,13960.0,premium,444.46,449.49
2026-09-10,Frontera,8940.0,,0,750.0,8940.0,vino frontera chardonnay - 1500ml,masxmenos costa rica,8940.0,medio,446.61,451.08
2026-09-10,Vino rosado,8280.0,,0,750.0,8280.0,vino laudum monastrell - 750 ml,masxmenos costa rica,8280.0,medio,446.61,451.08
2026-09-16,Vino rosado,8670.0,,0,750.0,8670.0,vino rosado cune bailarina 750mlx6,masxmenos costa rica,8670.0,medio,444.46,449.49
2026-09-16,Vino blanco,7795.0,,0,1500.0,7795.0,frontera concha & toro vino blanco sauvignon blanc semi 1.5 l,pricesmart costa rica,3897.5,económico,444.46,449.49
2026-09-10,Vinos general,7358.0,,0,750.0,7358.0,vino les jamelles petite rosado - 750 ml,walmart costa rica,7358.0,medio,446.61,451.08
2026-09-17,Vino blanco,4730.0,,0,750.0,4730.0,vino sta rita 3 med bco sauvig 750 ml,masxmenos costa rica,4730.0,económico,444.46,449.49
2026-09-17,Vino blanco,4900.0,,0,750.0,4900.0,vino marques de caceres blanco 750ml patrocinado,masxmenos costa rica,4900.0,económico,444.46,449.49
2026-09-17,Vino blanco,2600.0,,0,375.0,2600.0,vino adobe chardonnay orgánico -375 ml patrocinado,masxmenos costa rica,5200.0,medio,444.46,449.49
2026-09-18,Vino tinto,3870.0,,0,750.0,3870.0,vino santa cecilia tinto cabernet sauvignon -750 ml,walmart costa rica,3870.0,económico,443.43,448.21
2026-09-18,Vino tinto,3340.0,,0,750.0,3340.0,vino viña maipo classic series cabernet sauvignon -750 ml,walmart costa rica,3340.0,económico,443.43,448.21
2026-09-18,Vinos general,12140.0,,0,750.0,12140.0,vino tinto protos roble botella - 750 ml,walmart costa rica,12140.0,premium,443.43,448.21
2026-09-18,Vinos general,4240.0,,0,750.0,4240.0,vino undurraga tinto merlot -750 ml,walmart costa rica,4240.0,económico,443.43,448.21
2026-09-17,Vino rosado,8670.0,,0,750.0,8670.0,vino rosado cune bailarina 750mlx6,masxmenos costa rica,8670.0,medio,444.46,449.49
2026-09-17,Vinos general,12140.0,,0,750.0,12140.0,vino tinto protos roble botella - 750 ml,walmart costa rica,12140.0,premium,444.46,449.49
2026-09-16,Vino blanco,4900.0,,0,750.0,4900.0,vino marques de caceres blanco 750ml patrocinado,masxmenos costa rica,4900.0,económico,444.46,449.49
2026-09-16,Vino blanco,8020.0,,0,750.0,8020.0,vino maipo sauvignon blanco clasic series -750 ml patrocinado,masxmenos costa rica,8020.0,medio,444.46,449.49
2026-09-16,Vino rosado,14300.0,,0,750.0,14300.0,vino planeta la segreta bianco - 750 ml,masxmenos costa rica,14300.0,premium,444.46,449.49
2026-09-16,Vino rosado,9810.0,,0,750.0,9810.0,vino les jamelles petite rosado - 750 ml,masxmenos costa rica,9810.0,medio,444.46,449.49
2026-09-16,Vinos general,3820.0,,0,750.0,3820.0,vino santa carolina reservado botella - 750 ml,walmart costa rica,3820.0,económico,444.46,449.49
2026-09-16,Vino blanco,2530.0,,0,750.0,2530.0,vino blanco blue nun authentic white- 750ml patrocinado,masxmenos costa rica,2530.0,económico,444.46,449.49
2026-09-16,Vino blanco,7995.0,,0,750.0,7995.0,marqués de riscal vino blanco 750 ml,pricesmart costa rica,7995.0,medio,444.46,449.49
2026-09-17,Vino tinto,10280.0,,0,750.0,10280.0,vino tinto torres ramon bilbao crianza - 750ml,walmart costa rica,10280.0,premium,444.46,449.49
2026-09-17,Vino rosado,5950.0,,0,750.0,5950.0,vino spritz ice giacobazzi - 750 ml,masxmenos costa rica,5950.0,medio,444.46,449.49
2026-09-17,Vino rosado,5220.0,,0,750.0,5220.0,vino dulce rosado st. helena – 750 ml,masxmenos costa rica,5220.0,medio,444.46,449.49
2026-09-17,Vino rosado,8810.0,,0,750.0,8810.0,vino marques de caceres rosado rioja - 750ml,masxmenos costa rica,8810.0,medio,444.46,449.49
2026-09-17,Vino rosado,8020.0,,0,750.0,8020.0,vino soupcon de fruit rose d&apos;anjou 2020 - 750 ml,masxmenos costa rica,8020.0,medio,444.46,449.49
2026-09-17,Vino blanco,8600.0,,0,750.0,8600.0,vino marina alta blanco 00 - 750 ml,masxmenos costa rica,8600.0,medio,444.46,449.49
2026-09-17,Vino blanco,11560.0,,0,1500.0,11560.0,vino blanco pasqua pinot grigio -1500ml,masxmenos costa rica,5780.0,medio,444.46,449.49
2026-09-16,Frontera,7500.0,,0,1500.0,7500.0,vino frontera merlot -1500 ml,masxmenos costa rica,3750.0,económico,444.46,449.49
2026-09-16,Vino tinto,10495.0,,0,750.0,10495.0,m. chapoutier vino tinto côtes du rhône 750 ml / 25.36 oz,pricesmart costa rica,10495.0,premium,444.46,449.49
2026-09-16,Vino blanco,7040.0,,0,750.0,7040.0,vino blanco carmen frida sauvignon blanc – 750 ml,masxmenos costa rica,7040.0,medio,444.46,449.49
2026-09-16,Vino blanco,4730.0,,0,750.0,4730.0,vino sta rita 3 med bco sauvig 750 ml,masxmenos costa rica,4730.0,económico,444.46,449.49
2026-09-16,Frontera,9380.0,,0,1500.0,9380.0,vino frontera tinto concha y toro cabernet - 1500 ml,masxmenos costa rica,4690.0,económico,444.46,449.49
2026-09-16,Frontera,5930.0,,0,750.0,5930.0,frontera cabernet sauvignon 750ml,masxmenos costa rica,5930.0,medio,444.46,449.49
2026-09-16,Vino blanco,15495.0,,0,750.0,15495.0,santa margherita vino blanco pinot grigio 750 ml / 25.36 oz,pricesmart costa rica,15495.0,super premium,444.46,449.49
2026-09-17,Vino tinto,11500.0,,0,750.0,11500.0,vino tinto luigi bosca malbec - 750 ml,walmart costa rica,11500.0,premium,444.46,449.49
2026-09-17,Vino tinto,3340.0,,0,750.0,3340.0,vino viña maipo clasic series merlot - 750 ml,walmart costa rica,3340.0,económico,444.46,449.49
2026-09-17,Vino rosado,8730.0,,0,750.0,8730.0,vino trivento reserva malbec rosado - 750 ml,masxmenos costa rica,8730.0,medio,444.46,449.49
2026-09-17,Frontera,6070.0,,0,750.0,6070.0,vino frontera blanco sauvignon concha y toro - 750 ml,masxmenos costa rica,6070.0,medio,444.46,449.49
2026-09-17,Frontera,5930.0,,0,750.0,5930.0,vino tinto frontera carmenere viñedo protegido por la naturaleza - 750 ml,masxmenos costa rica,5930.0,medio,444.46,449.49
2026-09-18,Vinos general,9000.0,,0,750.0,9000.0,vino tinto byg merlot reserve - 750ml,walmart costa rica,9000.0,medio,443.43,448.21
2026-09-18,Vinos general,4300.0,,0,750.0,4300.0,vino riunite blanco melocotón - 750 ml,walmart costa rica,4300.0,económico,443.43,448.21
2026-09-18,Vino blanco,5210.0,,0,750.0,5210.0,vino blanco tarapacá pinot grigio - 750 ml,masxmenos costa rica,5210.0,medio,443.43,448.21
2026-09-18,Vino blanco,8600.0,,0,750.0,8600.0,vino marina alta blanco 00 - 750 ml,masxmenos costa rica,8600.0,medio,443.43,448.21
2026-09-18,Vino tinto,1980.0,,0,750.0,1980.0,vino viña maipo clasic series merlot - 750 ml vendido por walmart patrocinado,walmart costa rica,1980.0,económico,443.43,448.21
2026-09-17,Vino blanco,10300.0,,0,750.0,10300.0,navarro col. privada chardonnay 750 ml,masxmenos costa rica,10300.0,premium,444.46,449.49
2026-09-16,Vino rosado,9790.0,,0,375.0,9790.0,vino orgánico adobe rosé – 375 ml patrocinado,masxmenos costa rica,19580.0,super premium,444.46,449.49
2026-09-16,Vino rosado,4900.0,,0,750.0,4900.0,vino rosado frontera gently bubbly spritzer roses -750 ml patrocinado,masxmenos costa rica,4900.0,económico,444.46,449.49
2026-09-16,Vino rosado,5770.0,,0,750.0,5770.0,vino soupcon de fruit rose d'anjou 2020 - 750 ml patrocinado,masxmenos costa rica,5770.0,medio,444.46,449.49
2026-09-16,Vino rosado,8020.0,,0,750.0,8020.0,vino marques de caceres rosado rioja - 750ml patrocinado,masxmenos costa rica,8020.0,medio,444.46,449.49
2026-09-16,Vino blanco,6110.0,,0,1000.0,6110.0,vino don simón premium selección chardonnay - 1000 ml patrocinado,masxmenos costa rica,4582.5,económico,444.46,449.49
2026-09-10,Vino tinto,13795.0,,0,3000.0,13795.0,carlo rossi vino tinto cuerpo medio 3 l / 101.4 oz,pricesmart costa rica,3448.75,económico,446.61,451.08
2026-09-17,Vino tinto,9930.0,,0,750.0,9930.0,vino blanco marques de riscal verdejo - 750 ml,walmart costa rica,9930.0,medio,444.46,449.49
2026-09-17,Vinos general,5200.0,,0,750.0,5200.0,vino tinto santa rita 120 carmenere - 750ml vendido por walmart patrocinado,walmart costa rica,5200.0,medio,444.46,449.49
2026-09-18,Vino tinto,7500.0,,0,1500.0,7500.0,vino viña maipo varietal merlot 1.5l,walmart costa rica,3750.0,económico,443.43,448.21
2026-09-18,Vino tinto,5480.0,,0,750.0,5480.0,vino blanco trapiche pinot grigio -750ml,walmart costa rica,5480.0,medio,443.43,448.21
2026-09-17,Frontera,7500.0,,0,1500.0,7500.0,vino frontera merlot -1500 ml,masxmenos costa rica,3750.0,económico,444.46,449.49
2026-09-17,Frontera,5930.0,,0,750.0,5930.0,vino frontera concha y toro merlot - 750ml,masxmenos costa rica,5930.0,medio,444.46,449.49
2026-09-17,Vino rosado,5770.0,,0,750.0,5770.0,vino frontera rosado concha y toro chile - 750 ml,masxmenos costa rica,5770.0,medio,444.46,449.49
2026-09-17,Vino rosado,5640.0,,0,750.0,5640.0,vino rosado trapiche vineyards argentino - 750 ml,masxmenos costa rica,5640.0,medio,444.46,449.49
2026-09-17,Vino tinto,4680.0,,0,1500.0,4680.0,vino frontera merlot -1500 ml vendido por walmart patrocinado,walmart costa rica,2340.0,económico,444.46,449.49
2026-09-17,Vino tinto,11630.0,,0,750.0,11630.0,vino clos dp cabernet tinto sauvignon - 2000ml vendido por walmart patrocinado,walmart costa rica,11630.0,premium,444.46,449.49
2026-09-16,Vino rosado,5950.0,,0,750.0,5950.0,vino spritz ice giacobazzi - 750 ml,masxmenos costa rica,5950.0,medio,444.46,449.49
2026-09-16,Vino rosado,8730.0,,0,750.0,8730.0,vino trivento reserva malbec rosado - 750 ml,masxmenos costa rica,8730.0,medio,444.46,449.49
2026-09-17,Vinos general,7970.0,,0,750.0,7970.0,vino tinto santa rita 120 carmenere - 750ml,walmart costa rica,7970.0,medio,444.46,449.49
2026-09-17,Vinos general,4400.0,,0,750.0,4400.0,frontera frutal pink paradise 750ml,walmart costa rica,4400.0,económico,444.46,449.49
2026-09-17,Vino tinto,3250.0,,0,375.0,3250.0,vino orgánico adobe cabernet sauvignon - 375 ml,walmart costa rica,6500.0,medio,444.46,449.49
2026-09-17,Vinos general,8800.0,,0,750.0,8800.0,vino 19 crimes red blend - 750 ml vendido por walmart patrocinado,walmart costa rica,8800.0,medio,444.46,449.49
2026-09-17,Vinos general,10000.0,,0,750.0,10000.0,vino torres celeste roble tinto - 750 ml,walmart costa rica,10000.0,medio,444.46,449.49
2026-09-18,Vino tinto,3250.0,,0,375.0,3250.0,vino orgánico adobe cabernet sauvignon - 375 ml,walmart costa rica,6500.0,medio,443.43,448.21
2026-09-17,Vino tinto,5495.0,,0,750.0,5495.0,finca las moras botella de vino tinto malbec suave al paladar 750 ml / 25.4 oz,pricesmart costa rica,5495.0,medio,444.46,449.49
2026-09-17,Vino tinto,15995.0,,0,750.0,15995.0,marqués de riscal vino tinto rioja reserva 750 ml,pricesmart costa rica,15995.0,super premium,444.46,449.49
2026-09-18,Vino blanco,6110.0,,0,750.0,6110.0,vino tinto fantini trebbiano d abruzzo -750ml,masxmenos costa rica,6110.0,medio,443.43,448.21
2026-09-18,Vino blanco,11560.0,,0,1500.0,11560.0,vino blanco pasqua pinot grigio -1500ml,masxmenos costa rica,5780.0,medio,443.43,448.21
2026-09-18,Vino rosado,10810.0,,0,750.0,10810.0,vino rosado canti prosecco - 750 ml,masxmenos costa rica,10810.0,premium,443.43,448.21
2026-09-18,Vino rosado,5200.0,,0,750.0,5200.0,vino cavicchioli lambrusco rosato dulce - 750 ml,masxmenos costa rica,5200.0,medio,443.43,448.21
2026-09-18,Vinos general,8000.0,,0,750.0,8000.0,vino pata negra valdepenas crianza - 750 ml vendido por walmart patrocinado,walmart costa rica,8000.0,medio,443.43,448.21
2026-09-18,Vino tinto,4680.0,,0,750.0,4680.0,vino clos dp cabernet tinto sauvignon - 2000ml,walmart costa rica,4680.0,económico,443.43,448.21
2026-09-16,Vino tinto,8495.0,,0,750.0,8495.0,ruffino vino tinto chianti classico 750 ml / 25.36 oz,pricesmart costa rica,8495.0,medio,444.46,449.49
2026-09-16,Frontera,5930.0,,0,750.0,5930.0,vino frontera concha y toro merlot - 750ml,masxmenos costa rica,5930.0,medio,444.46,449.49
2026-09-10,Vino tinto,8795.0,,0,750.0,8795.0,cune vino tinto crianza rioja 750 ml / 25.36 oz,pricesmart costa rica,8795.0,medio,446.61,451.08
2026-09-16,Vino blanco,7495.0,,0,3000.0,7495.0,clos de pirque vino blanco 3 unidades / 1 l,pricesmart costa rica,1873.75,económico,444.46,449.49
2026-09-10,Vino tinto,6795.0,,0,1500.0,6795.0,twin view estates cabernet sauvignon vino tinto 1.5 l,pricesmart costa rica,3397.5,económico,446.61,451.08
2026-09-17,Vino tinto,2300.0,,0,1000.0,2300.0,vino clos de pirque cabernet sauvignon - 1000ml,walmart costa rica,1725.0,económico,444.46,449.49
2026-09-17,Vinos general,7970.0,,0,750.0,7970.0,vino casillero del diablo chardonnay - 750ml vendido por walmart patrocinado,walmart costa rica,7970.0,medio,444.46,449.49
2026-09-17,Vino blanco,8020.0,,0,750.0,8020.0,vino maipo sauvignon blanco clasic series -750 ml patrocinado,masxmenos costa rica,8020.0,medio,444.46,449.49
2026-09-18,Vinos general,12830.0,,0,750.0,12830.0,vino freixenet espumosa prosecco -750 ml,walmart costa rica,12830.0,premium,443.43,448.21
2026-09-18,Vinos general,9380.0,,0,750.0,9380.0,vino la linda old vines malbec - 750 ml,walmart costa rica,9380.0,medio,443.43,448.21
2026-09-17,Vino tinto,4795.0,,0,750.0,4795.0,legado muñoz vino tinto tempranillo 750 ml / 25.4 oz,pricesmart costa rica,4795.0,económico,444.46,449.49
2026-09-17,Vino tinto,7495.0,,0,750.0,7495.0,alamos vino tinto malbec 750 ml,pricesmart costa rica,7495.0,medio,444.46,449.49
2026-09-17,Frontera,9120.0,,0,1500.0,9120.0,vino blanco frontera sauvignon blanc - 1500 ml,masxmenos costa rica,4560.0,económico,444.46,449.49
2026-09-17,Frontera,4400.0,,0,750.0,4400.0,vino frontera frutal tropical mango maracuyá - 750 ml,masxmenos costa rica,4400.0,económico,444.46,449.49
2026-09-17,Vino blanco,6830.0,,0,750.0,6830.0,vino blanco blue nun authentic white- 750ml,masxmenos costa rica,6830.0,medio,444.46,449.49
2026-09-17,Vino blanco,2530.0,,0,1000.0,2530.0,vino don simón premium selección chardonnay - 1000 ml,masxmenos costa rica,1897.5,económico,444.46,449.49
2026-09-16,Frontera,6070.0,,0,750.0,6070.0,vino blanco frontera spritzer chardonnay eldelflower - 750 ml patrocinado,masxmenos costa rica,6070.0,medio,444.46,449.49
2026-09-16,Frontera,4200.0,,0,750.0,4200.0,"vinos sub-categoría vino tinto vino blanco vino rosado departamento cervezas, vinos y licores rebaja exclusiva en línea rangos de precio",masxmenos costa rica,4200.0,económico,444.46,449.49
2026-09-17,Vino blanco,3380.0,,0,750.0,3380.0,vino maipo sauvignon blanco clasic series -750 ml,masxmenos costa rica,3380.0,económico,444.46,449.49
2026-09-17,Vino blanco,8020.0,,0,750.0,8020.0,vino marques de caceres blanco 750ml,masxmenos costa rica,8020.0,medio,444.46,449.49
2026-09-17,Vinos general,7300.0,,0,1500.0,7300.0,vino tinto santa carolina cabernet sauvignon -1500 ml,walmart costa rica,3650.0,económico,444.46,449.49
2026-09-17,Vino blanco,5600.0,,0,750.0,5600.0,vino blanco fantini terre siciliante pinot grigio - 750 ml patrocinado,masxmenos costa rica,5600.0,medio,444.46,449.49
2026-09-17,Vino blanco,8960.0,,0,750.0,8960.0,vino blanco trivento malbec reserva 2022 - 750 ml,masxmenos costa rica,8960.0,medio,444.46,449.49
2026-09-18,Vinos general,7360.0,,0,1500.0,7360.0,vino tinto santa cecilia cabernet sauvignon – 1500 ml,walmart costa rica,3680.0,económico,443.43,448.21
2026-09-17,Frontera,5770.0,,0,750.0,5770.0,vino tinto frontera carmenere viñedo protegido por la naturaleza - 750 ml patrocinado,masxmenos costa rica,5770.0,medio,444.46,449.49
2026-09-17,Vino tinto,9495.0,,0,750.0,9495.0,apothic vino tinto 750 ml / 25.4 oz,pricesmart costa rica,9495.0,medio,444.46,449.49
2026-09-18,Vino rosado,5640.0,,0,750.0,5640.0,vino rosado trapiche vineyards argentino - 750 ml,masxmenos costa rica,5640.0,medio,443.43,448.21
2026-09-18,Vino rosado,5770.0,,0,750.0,5770.0,vino frontera rosado concha y toro chile - 750 ml,masxmenos costa rica,5770.0,medio,443.43,448.21
2026-09-18,Vino tinto,7495.0,,0,3000.0,7495.0,clos de pirque vino tinto cabernet sauvignon 3 unidades / 1 l,pricesmart costa rica,1873.75,económico,443.43,448.21
2026-09-18,Vino tinto,5795.0,,0,750.0,5795.0,rioja próximo tempranillo vino tinto 750 ml / 25.4 oz,pricesmart costa rica,5795.0,medio,443.43,448.21
2026-09-18,Vino rosado,8810.0,,0,750.0,8810.0,vino marques de caceres rosado rioja - 750ml,masxmenos costa rica,8810.0,medio,443.43,448.21
2026-09-18,Vinos general,20760.0,,0,750.0,20760.0,"vino rosado b &amp; g cotes de provence, 2 pack -750 ml",walmart costa rica,20760.0,super premium,443.43,448.21
2026-09-17,Vinos general,11170.0,,0,750.0,11170.0,vino 19 crimes red blend - 750 ml,walmart costa rica,11170.0,premium,444.46,449.49
2026-09-17,Vinos general,8800.0,,0,750.0,8800.0,vino casillero del diablo chardonnay - 750ml,walmart costa rica,8800.0,medio,444.46,449.49
2026-09-17,Vino tinto,3830.0,,0,750.0,3830.0,vino tinto teber dulce - 750ml,walmart costa rica,3830.0,económico,444.46,449.49
2026-09-17,Vino tinto,7500.0,,0,1500.0,7500.0,vino viña maipo varietal merlot 1.5l,walmart costa rica,3750.0,económico,444.46,449.49
2026-09-17,Vino tinto,2500.0,,0,1000.0,2500.0,vino clos de pirque tinto merlot - 1000ml,walmart costa rica,1875.0,económico,444.46,449.49
2026-09-17,Vinos general,5800.0,,0,750.0,5800.0,frontera cabernet sauvignon 750ml,walmart costa rica,5800.0,medio,444.46,449.49
2026-09-17,Vino blanco,3380.0,,0,750.0,3380.0,vino peter brum liebfraulmil blan - 750ml patrocinado,masxmenos costa rica,3380.0,económico,444.46,449.49
2026-09-17,Frontera,6070.0,,0,750.0,6070.0,vino blanco frontera chardonnay viñedo protegido por la naturaleza - 750 ml,masxmenos costa rica,6070.0,medio,444.46,449.49
2026-09-18,Vino blanco,10300.0,,0,750.0,10300.0,navarro col. privada chardonnay 750 ml,masxmenos costa rica,10300.0,premium,443.43,448.21
2026-09-18,Vino blanco,7500.0,,0,1500.0,7500.0,vino maipo blanco chardonnay -1.5 l,masxmenos costa rica,3750.0,económico,443.43,448.21
2026-09-17,Vino tinto,10995.0,,0,750.0,10995.0,marques caceres crianza vino tinto 750 ml / 25.4 oz,pricesmart costa rica,10995.0,premium,444.46,449.49
2026-09-17,Vino tinto,7495.0,,0,3000.0,7495.0,clos de pirque vino tinto cabernet sauvignon 3 unidades / 1 l,pricesmart costa rica,1873.75,económico,444.46,449.49
2026-09-18,Vino tinto,7500.0,,0,750.0,7500.0,vino tinto contenda merlot - 750 ml vendido por walmart patrocinado,walmart costa rica,7500.0,medio,443.43,448.21
2026-09-18,Vino tinto,2580.0,,0,750.0,2580.0,vino tinto don simón tempranillo -750 ml vendido por walmart patrocinado,walmart costa rica,2580.0,económico,443.43,448.21
2026-09-17,Vino rosado,9790.0,,0,750.0,9790.0,vino rosado ijalba rioja eco -750ml,masxmenos costa rica,9790.0,medio,444.46,449.49
2026-09-17,Vino rosado,11180.0,,0,750.0,11180.0,vino mr wild org rose 750 ml,masxmenos costa rica,11180.0,premium,444.46,449.49
2026-09-16,Vino tinto,7670.0,,0,750.0,7670.0,douce nature vino tinto pinot noir orgánico 750 ml / 25.36 oz,pricesmart costa rica,7670.0,medio,444.46,449.49
2026-09-16,Vino tinto,11995.0,,0,750.0,11995.0,pasqua zin primitivo vino tinto 750 ml,pricesmart costa rica,11995.0,premium,444.46,449.49
2026-09-17,Vino rosado,9200.0,,0,750.0,9200.0,vino laudum chardonnay - 750 ml,masxmenos costa rica,9200.0,medio,444.46,449.49
2026-09-17,Vino rosado,11200.0,,0,750.0,11200.0,vino làudum barrica - 750 ml,masxmenos costa rica,11200.0,premium,444.46,449.49
2026-09-17,Vino blanco,6110.0,,0,1000.0,6110.0,vino don simón premium selección chardonnay - 1000 ml patrocinado,masxmenos costa rica,4582.5,económico,444.46,449.49
2026-09-17,Vino rosado,9200.0,,0,750.0,9200.0,vino rose carnivor apothic - 750 ml patrocinado,masxmenos costa rica,9200.0,medio,444.46,449.49
2026-09-17,Vino rosado,14300.0,,0,750.0,14300.0,vino planeta la segreta bianco - 750 ml,masxmenos costa rica,14300.0,premium,444.46,449.49
2026-09-18,Vino blanco,8.3102,,0,1000.0,8.3102,vino clos de pirque blanco - 1000ml patrocinado,masxmenos costa rica,6.23,económico,443.43,448.21
2026-09-18,Vinos general,4400.0,,0,750.0,4400.0,frontera frutal pink paradise 750ml,walmart costa rica,4400.0,económico,443.43,448.21
2026-09-18,Vino tinto,10010.0,,0,750.0,10010.0,vino frontera frutal tinto de verano manzana naranja - 750 ml vendido por walmart patrocinado,walmart costa rica,10010.0,premium,443.43,448.21
2026-09-18,Vino tinto,10995.0,,0,750.0,10995.0,marques caceres crianza vino tinto 750 ml / 25.4 oz,pricesmart costa rica,10995.0,premium,443.43,448.21
2026-09-18,Vino tinto,9495.0,,0,750.0,9495.0,apothic vino tinto 750 ml / 25.4 oz,pricesmart costa rica,9495.0,medio,443.43,448.21
2026-09-18,Vino tinto,6495.0,,0,750.0,6495.0,santa rita 120 carmenere vino tinto 750 ml,pricesmart costa rica,6495.0,medio,443.43,448.21
2026-09-18,Vino tinto,7670.0,,0,750.0,7670.0,douce nature vino tinto pinot noir orgánico 750 ml / 25.36 oz,pricesmart costa rica,7670.0,medio,443.43,448.21
2026-09-18,Frontera,7500.0,,0,1500.0,7500.0,vino frontera merlot -1500 ml,masxmenos costa rica,3750.0,económico,443.43,448.21
2026-09-18,Vino blanco,5910.0,,0,750.0,5910.0,vino blanco frontera spritzer chardonnay eldelflower - 750 ml,masxmenos costa rica,5910.0,medio,443.43,448.21
2026-09-17,Vino blanco,6110.0,,0,750.0,6110.0,vino blanco fantini terre siciliante pinot grigio - 750 ml,masxmenos costa rica,6110.0,medio,444.46,449.49
2026-09-17,Vino blanco,5600.0,,0,750.0,5600.0,vino peter brum liebfraulmil blan - 750ml,masxmenos costa rica,5600.0,medio,444.46,449.49
2026-09-17,Vinos general,7360.0,,0,1500.0,7360.0,vino tinto santa cecilia cabernet sauvignon – 1500 ml,walmart costa rica,3680.0,económico,444.46,449.49
2026-09-17,Vinos general,8890.0,,0,750.0,8890.0,vino espumoso calvet celebration brut rosé - 750 ml,walmart costa rica,8890.0,medio,444.46,449.49
2026-09-17,Vinos general,3250.0,,0,375.0,3250.0,vino orgánico adobe merlot – 375 ml,walmart costa rica,6500.0,medio,444.46,449.49
2026-09-17,Vino blanco,2600.0,,0,750.0,2600.0,vino contenda sauvignon blanc - 750 ml,masxmenos costa rica,2600.0,económico,444.46,449.49
2026-09-17,Vino rosado,11.2002,,0,750.0,11.2002,vino laudum chardonnay - 750 ml patrocinado,masxmenos costa rica,11.2,económico,444.46,449.49
2026-09-17,Vino tinto,8795.0,,0,1500.0,8795.0,montepulciano vino tinto de frutos rojos 1.5 l / 51 oz,pricesmart costa rica,4397.5,económico,444.46,449.49
2026-09-18,Vino rosado,5770.0,,0,750.0,5770.0,vino soupcon de fruit rose d'anjou 2020 - 750 ml patrocinado,masxmenos costa rica,5770.0,medio,443.43,448.21
2026-09-18,Vino rosado,8020.0,,0,750.0,8020.0,vino marques de caceres rosado rioja - 750ml patrocinado,masxmenos costa rica,8020.0,medio,443.43,448.21
2026-09-18,Vino tinto,4.6502,,0,750.0,4.6502,vino clos dp cabernet tinto sauvignon - 2000ml vendido por walmart patrocinado,walmart costa rica,4.65,económico,443.43,448.21
2026-09-18,Vino tinto,4680.0,,0,1500.0,4680.0,vino frontera merlot -1500 ml vendido por walmart patrocinado,walmart costa rica,2340.0,económico,443.43,448.21
2026-09-18,Vino blanco,2490.0,,0,1000.0,2490.0,vino clos de pirque blanco - 1000ml,masxmenos costa rica,1867.5,económico,443.43,448.21
2026-09-18,Vinos general,20760.0,,0,1125.0,20760.0,vino viñas del tango malbec - 1125 ml vendido por walmart patrocinado,walmart costa rica,13840.0,premium,443.43,448.21
2026-09-18,Vino tinto,4650.0,,0,1000.0,4650.0,2 pack sangria peñasol tinta -1000ml,walmart costa rica,3487.5,económico,443.43,448.21
2026-09-18,Vino tinto,3340.0,,0,1000.0,3340.0,vino clos de pirque cabernet sauvignon - 1000ml vendido por walmart patrocinado,walmart costa rica,2505.0,económico,443.43,448.21
2026-09-17,Vino tinto,3870.0,,0,750.0,3870.0,vino santa cecilia tinto cabernet sauvignon -750 ml,walmart costa rica,3870.0,económico,444.46,449.49
2026-09-17,Vino tinto,5480.0,,0,750.0,5480.0,vino blanco trapiche pinot grigio -750ml,walmart costa rica,5480.0,medio,444.46,449.49
2026-09-18,Vino tinto,6380.0,,0,750.0,6380.0,vino tinto cal y canto red blend - 750 ml,walmart costa rica,6380.0,medio,443.43,448.21
2026-09-18,Vino tinto,8170.0,,0,750.0,8170.0,vino tinto álamos malbec - 750 ml,walmart costa rica,8170.0,medio,443.43,448.21
2026-09-17,Vino rosado,5220.0,,0,750.0,5220.0,vino mr wild org rose 750 ml patrocinado,masxmenos costa rica,5220.0,medio,444.46,449.49
2026-09-18,Vino tinto,9930.0,,0,750.0,9930.0,vino blanco marques de riscal verdejo - 750 ml,walmart costa rica,9930.0,medio,443.43,448.21
2026-09-17,Frontera,6070.0,,0,750.0,6070.0,vino rosado frontera gently bubbly spritzer roses -750 ml patrocinado,masxmenos costa rica,6070.0,medio,444.46,449.49
2026-09-18,Vino rosado,4900.0,,0,750.0,4900.0,vino rosado frontera gently bubbly spritzer roses -750 ml patrocinado,masxmenos costa rica,4900.0,económico,443.43,448.21
2026-09-18,Vino blanco,6110.0,,0,750.0,6110.0,vino blanco fantini terre siciliante pinot grigio - 750 ml,masxmenos costa rica,6110.0,medio,443.43,448.21
2026-09-18,Vino blanco,2530.0,,0,1000.0,2530.0,vino don simón premium selección chardonnay - 1000 ml,masxmenos costa rica,1897.5,económico,443.43,448.21
2026-09-18,Vino tinto,4995.0,,0,750.0,4995.0,mantrús reserva vino tinto ribera del duero 750 ml / 25.36 oz,pricesmart costa rica,4995.0,económico,443.43,448.21
2026-09-18,Vino tinto,20995.0,,0,750.0,20995.0,pulenta estate malbec vino tinto 750 ml,pricesmart costa rica,20995.0,super premium,443.43,448.21
2026-09-19,Vino tinto,1980.0,,0,750.0,1980.0,vino tinto don simón tempranillo -750 ml,walmart costa rica,1980.0,económico,443.2,448.32
2026-09-19,Vino tinto,3340.0,,0,750.0,3340.0,vino viña maipo clasic series merlot - 750 ml,walmart costa rica,3340.0,económico,443.2,448.32
2026-09-18,Vino tinto,4795.0,,0,750.0,4795.0,legado muñoz vino tinto tempranillo 750 ml / 25.4 oz,pricesmart costa rica,4795.0,económico,443.43,448.21
2026-09-18,Vino rosado,5950.0,,0,750.0,5950.0,vino spritz ice giacobazzi - 750 ml,masxmenos costa rica,5950.0,medio,443.43,448.21
2026-09-17,Vino rosado,4400.0,,0,750.0,4400.0,frontera frutal pink paradise 750ml,masxmenos costa rica,4400.0,económico,444.46,449.49
2026-09-17,Vino rosado,14590.0,,0,750.0,14590.0,vino rose carnivor apothic - 750 ml,masxmenos costa rica,14590.0,premium,444.46,449.49
2026-09-17,Vino blanco,6830.0,,0,750.0,6830.0,vino blanco protos verdejo criado sobre lias finas - 750 ml patrocinado,masxmenos costa rica,6830.0,medio,444.46,449.49
2026-09-17,Vino blanco,2530.0,,0,750.0,2530.0,vino blanco blue nun authentic white- 750ml patrocinado,masxmenos costa rica,2530.0,económico,444.46,449.49
2026-09-17,Vino blanco,3250.0,,0,375.0,3250.0,vino adobe chardonnay orgánico -375 ml,masxmenos costa rica,6500.0,medio,444.46,449.49
2026-09-17,Vino rosado,9810.0,,0,750.0,9810.0,vino les jamelles petite rosado - 750 ml,masxmenos costa rica,9810.0,medio,444.46,449.49
2026-09-18,Vino tinto,11500.0,,0,750.0,11500.0,vino tinto luigi bosca malbec - 750 ml,walmart costa rica,11500.0,premium,443.43,448.21
2026-09-17,Frontera,5930.0,,0,750.0,5930.0,vino frontera blanco sauvignon concha y toro - 750 ml patrocinado,masxmenos costa rica,5930.0,medio,444.46,449.49
2026-09-18,Vino tinto,7795.0,,0,1500.0,7795.0,frontera merlot vino tinto chileno botella de 1.5 l / 51 oz,pricesmart costa rica,3897.5,económico,443.43,448.21
2026-09-18,Vino tinto,8795.0,,0,750.0,8795.0,hacienda lópez de haro vino crianza 750 ml,pricesmart costa rica,8795.0,medio,443.43,448.21
2026-09-18,Vino blanco,6830.0,,0,750.0,6830.0,vino blanco blue nun authentic white- 750ml,masxmenos costa rica,6830.0,medio,443.43,448.21
2026-09-18,Vino blanco,8310.0,,0,750.0,8310.0,vino blanco protos verdejo criado sobre lias finas - 750 ml,masxmenos costa rica,8310.0,medio,443.43,448.21
2026-09-18,Vino rosado,5770.0,,0,750.0,5770.0,vino rosado frontera gently bubbly spritzer roses -750 ml,masxmenos costa rica,5770.0,medio,443.43,448.21
2026-09-18,Vino rosado,8020.0,,0,750.0,8020.0,vino soupcon de fruit rose d&apos;anjou 2020 - 750 ml,masxmenos costa rica,8020.0,medio,443.43,448.21
2026-09-18,Vinos general,5120.0,,0,750.0,5120.0,vino tinto undurraga cabernet - 750 ml,walmart costa rica,5120.0,medio,443.43,448.21
2026-09-18,Vinos general,5670.0,,0,750.0,5670.0,vino tinto trapiche vineyards malbec - 750 ml vendido por walmart patrocinado,walmart costa rica,5670.0,medio,443.43,448.21
2026-09-17,Vinos general,4300.0,,0,750.0,4300.0,vino riunite blanco melocotón - 750 ml,walmart costa rica,4300.0,económico,444.46,449.49
2026-09-17,Vinos general,9000.0,,0,750.0,9000.0,vino tinto byg merlot reserve - 750ml,walmart costa rica,9000.0,medio,444.46,449.49
2026-09-18,Vinos general,6970.0,,0,750.0,6970.0,vino torres celeste roble tinto - 750 ml vendido por walmart patrocinado,walmart costa rica,6970.0,medio,443.43,448.21
2026-09-18,Vinos general,5800.0,,0,375.0,5800.0,vino orgánico adobe merlot – 375 ml vendido por walmart patrocinado,walmart costa rica,11600.0,premium,443.43,448.21
2026-09-18,Vino tinto,10280.0,,0,750.0,10280.0,vino tinto torres ramon bilbao crianza - 750ml,walmart costa rica,10280.0,premium,443.43,448.21
2026-09-18,Vinos general,7300.0,,0,1500.0,7300.0,vino tinto santa carolina cabernet sauvignon -1500 ml,walmart costa rica,3650.0,económico,443.43,448.21
2026-09-18,Vinos general,5800.0,,0,750.0,5800.0,frontera cabernet sauvignon 750ml,walmart costa rica,5800.0,medio,443.43,448.21
2026-09-18,Vino tinto,10995.0,,0,750.0,10995.0,portia roble tempranillo vino tinto 750 ml,pricesmart costa rica,10995.0,premium,443.43,448.21
2026-09-18,Vino rosado,4400.0,,0,750.0,4400.0,frontera frutal pink paradise 750ml,masxmenos costa rica,4400.0,económico,443.43,448.21
2026-09-18,Vino rosado,11180.0,,0,750.0,11180.0,vino mr wild org rose 750 ml,masxmenos costa rica,11180.0,premium,443.43,448.21
2026-09-19,Vino tinto,7500.0,,0,1500.0,7500.0,vino frontera merlot -1500 ml,walmart costa rica,3750.0,económico,443.2,448.32
2026-09-19,Vino tinto,2580.0,,0,750.0,2580.0,vino tinto contenda merlot - 750 ml,walmart costa rica,2580.0,económico,443.2,448.32
2026-09-19,Vinos general,13960.0,,0,750.0,13960.0,vino tinto robert mondavi mondavi cabernet sauvignon - 750 ml,walmart costa rica,13960.0,premium,443.2,448.32
2026-09-19,Vinos general,5000.0,,0,750.0,5000.0,vino tinto trapiche vineyards malbec - 750 ml,walmart costa rica,5000.0,económico,443.2,448.32
2026-09-19,Vino tinto,8170.0,,0,750.0,8170.0,vino tinto álamos malbec - 750 ml,walmart costa rica,8170.0,medio,443.2,448.32
2026-09-18,Frontera,9380.0,,0,750.0,9380.0,vino frontera concha y toro merlot - 750ml patrocinado,masxmenos costa rica,9380.0,medio,443.43,448.21
2026-09-18,Vino tinto,2300.0,,0,1000.0,2300.0,vino clos de pirque tinto merlot - 1000ml vendido por walmart patrocinado,walmart costa rica,1725.0,económico,443.43,448.21
2026-09-18,Vino tinto,4400.0,,0,750.0,4400.0,vino frontera frutal tropical mango maracuyá - 750 ml,walmart costa rica,4400.0,económico,443.43,448.21
2026-09-18,Vino tinto,1980.0,,0,750.0,1980.0,vino tinto don simón tempranillo -750 ml,walmart costa rica,1980.0,económico,443.43,448.21
2026-09-18,Vino tinto,3340.0,,0,750.0,3340.0,vino viña maipo clasic series merlot - 750 ml,walmart costa rica,3340.0,económico,443.43,448.21
2026-09-17,Vino rosado,12700.0,,0,750.0,12700.0,vino làudum gran reserva - 750 ml,masxmenos costa rica,12700.0,premium,444.46,449.49
2026-09-18,Vino tinto,2500.0,,0,1000.0,2500.0,vino clos de pirque tinto merlot - 1000ml,walmart costa rica,1875.0,económico,443.43,448.21
2026-09-18,Vinos general,8890.0,,0,750.0,8890.0,vino espumoso calvet celebration brut rosé - 750 ml,walmart costa rica,8890.0,medio,443.43,448.21
2026-09-18,Vinos general,3250.0,,0,375.0,3250.0,vino orgánico adobe merlot – 375 ml,walmart costa rica,6500.0,medio,443.43,448.21
2026-09-18,Vino tinto,4970.0,,0,750.0,4970.0,arrogante frog cabernet sauvignon merlot vino tinto 750 ml,pricesmart costa rica,4970.0,económico,443.43,448.21
2026-09-18,Vino tinto,3770.0,,0,750.0,3770.0,mantrús crianza vino tinto 750 ml / 25.36 oz,pricesmart costa rica,3770.0,económico,443.43,448.21
2026-09-18,Vino rosado,9790.0,,0,750.0,9790.0,vino rosado ijalba rioja eco -750ml,masxmenos costa rica,9790.0,medio,443.43,448.21
2026-09-18,Vino rosado,3250.0,,0,375.0,3250.0,vino orgánico adobe rosé – 375 ml,masxmenos costa rica,6500.0,medio,443.43,448.21
2026-09-18,Frontera,9380.0,,0,1500.0,9380.0,vino frontera tinto concha y toro cabernet - 1500 ml,masxmenos costa rica,4690.0,económico,443.43,448.21
2026-09-18,Frontera,5930.0,,0,750.0,5930.0,vino frontera concha y toro merlot - 750ml,masxmenos costa rica,5930.0,medio,443.43,448.21
2026-09-18,Vino blanco,16600.0,,0,750.0,16600.0,vino luigi bosca de sangre - 750 ml,masxmenos costa rica,16600.0,super premium,443.43,448.21
2026-09-18,Vino blanco,2600.0,,0,375.0,2600.0,vino adobe chardonnay orgánico -375 ml patrocinado,masxmenos costa rica,5200.0,medio,443.43,448.21
2026-09-17,Vino blanco,7500.0,,0,1500.0,7500.0,vino maipo blanco chardonnay -1.5 l,masxmenos costa rica,3750.0,económico,444.46,449.49
2026-09-17,Vino blanco,8.3102,,0,1000.0,8.3102,vino clos de pirque blanco - 1000ml patrocinado,masxmenos costa rica,6.23,económico,444.46,449.49
2026-09-18,Vino blanco,3380.0,,0,750.0,3380.0,vino peter brum liebfraulmil blan - 750ml patrocinado,masxmenos costa rica,3380.0,económico,443.43,448.21
2026-09-18,Vino blanco,5600.0,,0,750.0,5600.0,vino blanco fantini terre siciliante pinot grigio - 750 ml patrocinado,masxmenos costa rica,5600.0,medio,443.43,448.21
2026-09-18,Vinos general,7410.0,,0,750.0,7410.0,vino tinto misiones rengo reserva carmenere - 750 ml,walmart costa rica,7410.0,medio,443.43,448.21
2026-09-18,Vino blanco,2530.0,,0,750.0,2530.0,vino blanco blue nun authentic white- 750ml patrocinado,masxmenos costa rica,2530.0,económico,443.43,448.21
2026-09-18,Vino blanco,3380.0,,0,750.0,3380.0,vino maipo sauvignon blanco clasic series -750 ml,masxmenos costa rica,3380.0,económico,443.43,448.21
2026-09-18,Vino tinto,9470.0,,0,750.0,9470.0,montecillo rioja crianza vino tinto 750 ml,pricesmart costa rica,9470.0,medio,443.43,448.21
2026-09-18,Frontera,4400.0,,0,750.0,4400.0,vino frontera frutal tropical mango maracuyá - 750 ml,masxmenos costa rica,4400.0,económico,443.43,448.21
2026-09-18,Frontera,9120.0,,0,1500.0,9120.0,vino blanco frontera sauvignon blanc - 1500 ml,masxmenos costa rica,4560.0,económico,443.43,448.21
2026-09-19,Vinos general,8000.0,,0,1125.0,8000.0,vino viñas del tango malbec - 1125 ml,walmart costa rica,5333.33,medio,443.2,448.32
2026-09-19,Vinos general,5670.0,,0,750.0,5670.0,vino pata negra valdepenas crianza - 750 ml,walmart costa rica,5670.0,medio,443.2,448.32
2026-09-19,Vino blanco,3250.0,,0,375.0,3250.0,vino adobe chardonnay orgánico -375 ml,masxmenos costa rica,6500.0,medio,443.2,448.32
2026-09-19,Vino blanco,8020.0,,0,750.0,8020.0,vino marques de caceres blanco 750ml,masxmenos costa rica,8020.0,medio,443.2,448.32
2026-09-19,Vinos general,7410.0,,0,750.0,7410.0,vino tinto misiones rengo reserva carmenere - 750 ml,walmart costa rica,7410.0,medio,443.2,448.32
2026-09-19,Vino tinto,2500.0,,0,1000.0,2500.0,vino clos de pirque tinto merlot - 1000ml,walmart costa rica,1875.0,económico,443.2,448.32
2026-09-18,Vinos general,5000.0,,0,750.0,5000.0,vino tinto robert mondavi mondavi cabernet sauvignon - 750 ml vendido por walmart patrocinado,walmart costa rica,5000.0,económico,443.43,448.21
2026-09-18,Vinos general,13960.0,,0,750.0,13960.0,vino espumoso undurraga brut 750 ml vendido por walmart patrocinado,walmart costa rica,13960.0,premium,443.43,448.21
2026-09-18,Vinos general,5000.0,,0,750.0,5000.0,vino tinto trapiche vineyards malbec - 750 ml,walmart costa rica,5000.0,económico,443.43,448.21
2026-09-18,Vinos general,13960.0,,0,750.0,13960.0,vino tinto robert mondavi mondavi cabernet sauvignon - 750 ml,walmart costa rica,13960.0,premium,443.43,448.21
2026-09-18,Vino tinto,2300.0,,0,1000.0,2300.0,vino clos de pirque cabernet sauvignon - 1000ml,walmart costa rica,1725.0,económico,443.43,448.21
2026-09-18,Vinos general,10000.0,,0,750.0,10000.0,vino torres celeste roble tinto - 750 ml,walmart costa rica,10000.0,medio,443.43,448.21
2026-09-18,Vino blanco,6830.0,,0,750.0,6830.0,vino blanco protos verdejo criado sobre lias finas - 750 ml patrocinado,masxmenos costa rica,6830.0,medio,443.43,448.21
2026-09-18,Vino blanco,5600.0,,0,750.0,5600.0,vino peter brum liebfraulmil blan - 750ml,masxmenos costa rica,5600.0,medio,443.43,448.21
2026-09-19,Vino tinto,4400.0,,0,750.0,4400.0,vino frontera frutal tinto de verano manzana naranja - 750 ml,walmart costa rica,4400.0,económico,443.2,448.32
2026-09-19,Vino tinto,4680.0,,0,750.0,4680.0,vino clos dp cabernet tinto sauvignon - 2000ml,walmart costa rica,4680.0,económico,443.2,448.32
2026-09-18,Frontera,8940.0,,0,750.0,8940.0,vino frontera chardonnay - 1500ml,masxmenos costa rica,8940.0,medio,443.43,448.21
2026-09-18,Frontera,5930.0,,0,750.0,5930.0,frontera cabernet sauvignon 750ml,masxmenos costa rica,5930.0,medio,443.43,448.21
2026-09-18,Vino tinto,7495.0,,0,750.0,7495.0,santa rita 120 reserva especial vino tinto 4 unidades / 187.5 ml / 6.3 oz,pricesmart costa rica,7495.0,medio,443.43,448.21
2026-09-18,Vino tinto,7495.0,,0,750.0,7495.0,alamos vino tinto malbec 750 ml,pricesmart costa rica,7495.0,medio,443.43,448.21
2026-09-18,Vino rosado,5220.0,,0,750.0,5220.0,vino dulce rosado st. helena – 750 ml,masxmenos costa rica,5220.0,medio,443.43,448.21
2026-09-18,Frontera,5930.0,,0,750.0,5930.0,vino tinto frontera carmenere viñedo protegido por la naturaleza - 750 ml,masxmenos costa rica,5930.0,medio,443.43,448.21
2026-09-18,Vino tinto,7500.0,,0,1500.0,7500.0,vino frontera merlot -1500 ml,walmart costa rica,3750.0,económico,443.43,448.21
2026-09-18,Vino tinto,2580.0,,0,750.0,2580.0,vino tinto contenda merlot - 750 ml,walmart costa rica,2580.0,económico,443.43,448.21
2026-09-18,Vino rosado,9810.0,,0,2250.0,9810.0,vino rosado trapiche vino trapiche malbec 3x 2250 ml patrocinado,masxmenos costa rica,3270.0,económico,443.43,448.21
2026-09-18,Vino rosado,12300.0,,0,750.0,12300.0,vino rose carnivor apothic - 750 ml patrocinado,masxmenos costa rica,12300.0,premium,443.43,448.21
2026-09-18,Vino blanco,6110.0,,0,1000.0,6110.0,vino don simón premium selección chardonnay - 1000 ml patrocinado,masxmenos costa rica,4582.5,económico,443.43,448.21
2026-09-18,Vino rosado,11180.0,,0,750.0,11180.0,vino rosado ijalba rioja eco -750ml patrocinado,masxmenos costa rica,11180.0,premium,443.43,448.21
2026-09-18,Vino rosado,12300.0,,0,2250.0,12300.0,vino rosado trapiche vino trapiche malbec 3x 2250 ml,masxmenos costa rica,4100.0,económico,443.43,448.21
2026-09-19,Vino tinto,10010.0,,0,750.0,10010.0,vino fantini montepulciano d abruzzo 1500ml,walmart costa rica,10010.0,premium,443.2,448.32
2026-09-18,Vino tinto,11495.0,,0,750.0,11495.0,ramon bilbao vino tinto crianza 750 ml,pricesmart costa rica,11495.0,premium,443.43,448.21
2026-09-18,Vino tinto,12995.0,,0,750.0,12995.0,catena vista flores vino tinto malbec 750 ml,pricesmart costa rica,12995.0,premium,443.43,448.21
2026-09-19,Vino blanco,8960.0,,0,750.0,8960.0,vino blanco trivento malbec reserva 2022 - 750 ml,masxmenos costa rica,8960.0,medio,443.2,448.32
2026-09-19,Vino blanco,2600.0,,0,750.0,2600.0,vino contenda sauvignon blanc - 750 ml,masxmenos costa rica,2600.0,económico,443.2,448.32
2026-09-19,Vino rosado,11200.0,,0,750.0,11200.0,vino làudum barrica - 750 ml,masxmenos costa rica,11200.0,premium,443.2,448.32
2026-09-19,Vino rosado,9810.0,,0,750.0,9810.0,vino les jamelles petite rosado - 750 ml,masxmenos costa rica,9810.0,medio,443.2,448.32
2026-09-19,Vino blanco,6830.0,,0,750.0,6830.0,vino blanco protos verdejo criado sobre lias finas - 750 ml patrocinado,masxmenos costa rica,6830.0,medio,443.2,448.32
2026-09-19,Vinos general,10000.0,,0,750.0,10000.0,vino torres celeste roble tinto - 750 ml,walmart costa rica,10000.0,medio,443.2,448.32
2026-09-18,Vino blanco,4900.0,,0,750.0,4900.0,vino marques de caceres blanco 750ml patrocinado,masxmenos costa rica,4900.0,económico,443.43,448.21
2026-09-18,Vino blanco,8020.0,,0,750.0,8020.0,vino maipo sauvignon blanco clasic series -750 ml patrocinado,masxmenos costa rica,8020.0,medio,443.43,448.21
2026-09-18,Vino blanco,8960.0,,0,750.0,8960.0,vino blanco trivento malbec reserva 2022 - 750 ml,masxmenos costa rica,8960.0,medio,443.43,448.21
2026-09-18,Vino blanco,2600.0,,0,750.0,2600.0,vino contenda sauvignon blanc - 750 ml,masxmenos costa rica,2600.0,económico,443.43,448.21
2026-09-18,Vinos general,5970.0,,0,750.0,5970.0,vino espumoso undurraga brut 750 ml,walmart costa rica,5970.0,medio,443.43,448.21
2026-09-18,Vino blanco,8020.0,,0,750.0,8020.0,vino marques de caceres blanco 750ml,masxmenos costa rica,8020.0,medio,443.43,448.21
2026-09-18,Vino rosado,9790.0,,0,375.0,9790.0,vino orgánico adobe rosé – 375 ml patrocinado,masxmenos costa rica,19580.0,super premium,443.43,448.21
2026-09-18,Vino rosado,14590.0,,0,750.0,14590.0,vino rose carnivor apothic - 750 ml,masxmenos costa rica,14590.0,premium,443.43,448.21
2026-09-19,Vinos general,5120.0,,0,750.0,5120.0,vino tinto undurraga cabernet - 750 ml,walmart costa rica,5120.0,medio,443.2,448.32
2026-09-19,Vinos general,20760.0,,0,750.0,20760.0,"vino rosado b &amp; g cotes de provence, 2 pack -750 ml",walmart costa rica,20760.0,super premium,443.2,448.32
2026-09-18,Vino tinto,10495.0,,0,750.0,10495.0,m. chapoutier vino tinto côtes du rhône 750 ml / 25.36 oz,pricesmart costa rica,10495.0,premium,443.43,448.21
2026-09-18,Vino tinto,13795.0,,0,3000.0,13795.0,carlo rossi vino tinto cuerpo medio 3 l / 101.4 oz,pricesmart costa rica,3448.75,económico,443.43,448.21
2026-09-18,Vino blanco,10495.0,,0,750.0,10495.0,los vascos vino blanco sauvignon blanc 750 ml / 25.36 oz,pricesmart costa rica,10495.0,premium,443.43,448.21
2026-09-18,Vino blanco,3970.0,,0,750.0,3970.0,protocolo vino blanco español 750 ml,pricesmart costa rica,3970.0,económico,443.43,448.21
2026-09-18,Vino tinto,2395.0,,0,750.0,2395.0,loma negra vino tinto merlot 750 ml / 25.4 oz,pricesmart costa rica,2395.0,económico,443.43,448.21
2026-09-18,Vino tinto,15995.0,,0,750.0,15995.0,marqués de riscal vino tinto rioja reserva 750 ml,pricesmart costa rica,15995.0,super premium,443.43,448.21
2026-09-18,Vinos general,8000.0,,0,1125.0,8000.0,vino viñas del tango malbec - 1125 ml,walmart costa rica,5333.33,medio,443.43,448.21
2026-09-18,Vinos general,5670.0,,0,750.0,5670.0,vino pata negra valdepenas crianza - 750 ml,walmart costa rica,5670.0,medio,443.43,448.21
2026-09-18,Vino tinto,6495.0,,0,750.0,6495.0,caliterra reserva vino tinto cabernet sauvignon 750 ml,pricesmart costa rica,6495.0,medio,443.43,448.21
2026-09-18,Vino tinto,9795.0,,0,750.0,9795.0,cantina fiorentino primitivo salento vino tinto 750 ml,pricesmart costa rica,9795.0,medio,443.43,448.21
2026-09-18,Vino rosado,5220.0,,0,750.0,5220.0,vino mr wild org rose 750 ml patrocinado,masxmenos costa rica,5220.0,medio,443.43,448.21
2026-09-18,Vino tinto,8795.0,,0,750.0,8795.0,cune vino tinto crianza rioja 750 ml / 25.36 oz,pricesmart costa rica,8795.0,medio,443.43,448.21
2026-09-18,Frontera,6070.0,,0,750.0,6070.0,vino blanco frontera spritzer chardonnay eldelflower - 750 ml patrocinado,masxmenos costa rica,6070.0,medio,443.43,448.21
2026-09-19,Vinos general,6300.0,,0,750.0,6300.0,vino beringer zinfandel rosado - 750ml,walmart costa rica,6300.0,medio,443.2,448.32
2026-09-18,Vino rosado,6370.0,,0,750.0,6370.0,pack jp chenet rosé dry vino espumoso 750 ml + chocolate vizzio 70 g,pricesmart costa rica,6370.0,medio,443.43,448.21
2026-09-18,Vino rosado,8795.0,,0,750.0,8795.0,les jamelles vino rosado francés 750 ml / 25.36 oz,pricesmart costa rica,8795.0,medio,443.43,448.21
2026-09-19,Vino rosado,9790.0,,0,750.0,9790.0,vino rosado ijalba rioja eco -750ml,masxmenos costa rica,9790.0,medio,443.2,448.32
2026-09-19,Vino rosado,9200.0,,0,750.0,9200.0,vino laudum chardonnay - 750 ml,masxmenos costa rica,9200.0,medio,443.2,448.32
2026-09-19,Frontera,6070.0,,0,750.0,6070.0,vino rosado frontera gently bubbly spritzer roses -750 ml patrocinado,masxmenos costa rica,6070.0,medio,443.2,448.32
2026-09-19,Frontera,5770.0,,0,750.0,5770.0,vino blanco frontera chardonnay viñedo protegido por la naturaleza - 750 ml patrocinado,masxmenos costa rica,5770.0,medio,443.2,448.32
2026-09-19,Vino rosado,11180.0,,0,375.0,11180.0,vino orgánico adobe rosé – 375 ml patrocinado,masxmenos costa rica,22360.0,super premium,443.2,448.32
2026-09-19,Vino blanco,5600.0,,0,750.0,5600.0,vino peter brum liebfraulmil blan - 750ml,masxmenos costa rica,5600.0,medio,443.2,448.32
2026-09-18,Frontera,6070.0,,0,750.0,6070.0,vino frontera blanco sauvignon concha y toro - 750 ml,masxmenos costa rica,6070.0,medio,443.43,448.21
2026-09-18,Frontera,6070.0,,0,750.0,6070.0,vino blanco frontera chardonnay viñedo protegido por la naturaleza - 750 ml,masxmenos costa rica,6070.0,medio,443.43,448.21
2026-09-18,Vino rosado,11200.0,,0,750.0,11200.0,vino làudum barrica - 750 ml,masxmenos costa rica,11200.0,premium,443.43,448.21
2026-09-18,Vino rosado,12700.0,,0,750.0,12700.0,vino làudum gran reserva - 750 ml,masxmenos costa rica,12700.0,premium,443.43,448.21
2026-09-18,Vino blanco,3250.0,,0,375.0,3250.0,vino adobe chardonnay orgánico -375 ml,masxmenos costa rica,6500.0,medio,443.43,448.21
2026-09-18,Vino rosado,9810.0,,0,750.0,9810.0,vino les jamelles petite rosado - 750 ml,masxmenos costa rica,9810.0,medio,443.43,448.21
2026-09-18,Vino tinto,6795.0,,0,1500.0,6795.0,twin view estates cabernet sauvignon vino tinto 1.5 l,pricesmart costa rica,3397.5,económico,443.43,448.21
2026-09-18,Frontera,4200.0,,0,750.0,4200.0,"vinos sub-categoría vino tinto vino blanco vino rosado departamento cervezas, vinos y licores rebaja exclusiva en línea rangos de precio",masxmenos costa rica,4200.0,económico,443.43,448.21
2026-09-19,Vino blanco,7040.0,,0,750.0,7040.0,vino blanco carmen frida sauvignon blanc – 750 ml,masxmenos costa rica,7040.0,medio,443.2,448.32
2026-09-19,Vino blanco,4730.0,,0,750.0,4730.0,vino sta rita 3 med bco sauvig 750 ml,masxmenos costa rica,4730.0,económico,443.2,448.32
2026-09-18,Vino blanco,7995.0,,0,750.0,7995.0,casal garcía vino blanco vinho verde 750 ml,pricesmart costa rica,7995.0,medio,443.43,448.21
2026-09-18,Vino blanco,11795.0,,0,750.0,11795.0,pulpo albariño vino blanco 750 ml,pricesmart costa rica,11795.0,premium,443.43,448.21
2026-09-19,Vino tinto,4740.0,,0,750.0,4740.0,vino astica malbec botella - 750 ml,walmart costa rica,4740.0,económico,443.2,448.32
2026-09-19,Vino tinto,4400.0,,0,750.0,4400.0,vino frontera frutal tropical mango maracuyá - 750 ml,walmart costa rica,4400.0,económico,443.2,448.32
2026-09-19,Vino tinto,2300.0,,0,1000.0,2300.0,vino clos de pirque cabernet sauvignon - 1000ml,walmart costa rica,1725.0,económico,443.2,448.32
2026-09-19,Vino tinto,10280.0,,0,750.0,10280.0,vino tinto torres ramon bilbao crianza - 750ml,walmart costa rica,10280.0,premium,443.2,448.32
2026-09-18,Vino blanco,7040.0,,0,750.0,7040.0,vino blanco carmen frida sauvignon blanc – 750 ml,masxmenos costa rica,7040.0,medio,443.43,448.21
2026-09-18,Vino blanco,4730.0,,0,750.0,4730.0,vino sta rita 3 med bco sauvig 750 ml,masxmenos costa rica,4730.0,económico,443.43,448.21
2026-09-18,Vino blanco,15495.0,,0,750.0,15495.0,santa margherita vino blanco pinot grigio 750 ml / 25.36 oz,pricesmart costa rica,15495.0,super premium,443.43,448.21
2026-09-18,Vino blanco,7795.0,,0,1500.0,7795.0,frontera concha & toro vino blanco sauvignon blanc semi 1.5 l,pricesmart costa rica,3897.5,económico,443.43,448.21
2026-09-18,Vino tinto,5495.0,,0,750.0,5495.0,manischewitz concord grape vino tinto 750 ml / 25.36 oz,pricesmart costa rica,5495.0,medio,443.43,448.21
2026-09-18,Vino blanco,2395.0,,0,750.0,2395.0,loma negra chardonnay classic vino blanco 750 ml / 25.4 oz,pricesmart costa rica,2395.0,económico,443.43,448.21
2026-09-18,Vino tinto,4995.0,,0,750.0,4995.0,real compañia vino tinto tempranillo botella de 750 ml / 25.4 oz,pricesmart costa rica,4995.0,económico,443.43,448.21
2026-09-19,Vino blanco,5910.0,,0,750.0,5910.0,vino blanco frontera spritzer chardonnay eldelflower - 750 ml,masxmenos costa rica,5910.0,medio,443.2,448.32
2026-09-19,Vino tinto,1980.0,,0,750.0,1980.0,vino viña maipo clasic series merlot - 750 ml vendido por walmart patrocinado,walmart costa rica,1980.0,económico,443.2,448.32
2026-09-19,Vino tinto,3340.0,,0,1000.0,3340.0,vino clos de pirque cabernet sauvignon - 1000ml vendido por walmart patrocinado,walmart costa rica,2505.0,económico,443.2,448.32
2026-09-19,Frontera,5770.0,,0,750.0,5770.0,vino tinto frontera carmenere viñedo protegido por la naturaleza - 750 ml patrocinado,masxmenos costa rica,5770.0,medio,443.2,448.32
2026-09-19,Frontera,5930.0,,0,750.0,5930.0,vino frontera blanco sauvignon concha y toro - 750 ml patrocinado,masxmenos costa rica,5930.0,medio,443.2,448.32
2026-09-19,Vino tinto,14995.0,,0,750.0,14995.0,campo viejo vino tinto reserva 750 ml,pricesmart costa rica,14995.0,premium,443.2,448.32
2026-09-19,Vino tinto,9795.0,,0,750.0,9795.0,cantina fiorentino primitivo salento vino tinto 750 ml,pricesmart costa rica,9795.0,medio,443.2,448.32
2026-09-19,Vino tinto,10995.0,,0,750.0,10995.0,portia roble tempranillo vino tinto 750 ml,pricesmart costa rica,10995.0,premium,443.2,448.32
2026-09-19,Vino rosado,12300.0,,0,2250.0,12300.0,vino rosado trapiche vino trapiche malbec 3x 2250 ml,masxmenos costa rica,4100.0,económico,443.2,448.32
2026-09-18,Vino tinto,5495.0,,0,750.0,5495.0,finca las moras botella de vino tinto malbec suave al paladar 750 ml / 25.4 oz,pricesmart costa rica,5495.0,medio,443.43,448.21
2026-09-18,Vino tinto,8795.0,,0,1500.0,8795.0,montepulciano vino tinto de frutos rojos 1.5 l / 51 oz,pricesmart costa rica,4397.5,económico,443.43,448.21
2026-09-18,Frontera,5770.0,,0,750.0,5770.0,vino tinto frontera carmenere viñedo protegido por la naturaleza - 750 ml patrocinado,masxmenos costa rica,5770.0,medio,443.43,448.21
2026-09-18,Frontera,5930.0,,0,750.0,5930.0,vino frontera blanco sauvignon concha y toro - 750 ml patrocinado,masxmenos costa rica,5930.0,medio,443.43,448.21
2026-09-18,Vino rosado,9200.0,,0,750.0,9200.0,vino laudum chardonnay - 750 ml,masxmenos costa rica,9200.0,medio,443.43,448.21
2026-09-18,Frontera,5770.0,,0,750.0,5770.0,vino blanco frontera chardonnay viñedo protegido por la naturaleza - 750 ml patrocinado,masxmenos costa rica,5770.0,medio,443.43,448.21
2026-09-18,Vino tinto,5995.0,,0,750.0,5995.0,misiones de rengo vino tinto cabernet sauvignon 750 ml / 25.36 oz,pricesmart costa rica,5995.0,medio,443.43,448.21
2026-09-18,Vino tinto,15495.0,,0,750.0,15495.0,muga vino tinto español el anden de la estación 750 ml,pricesmart costa rica,15495.0,super premium,443.43,448.21
2026-09-19,Vino rosado,8730.0,,0,750.0,8730.0,vino trivento reserva malbec rosado - 750 ml,masxmenos costa rica,8730.0,medio,443.2,448.32
2026-09-19,Vino rosado,14300.0,,0,750.0,14300.0,vino planeta la segreta bianco - 750 ml,masxmenos costa rica,14300.0,premium,443.2,448.32
2026-09-19,Vino tinto,2300.0,,0,1000.0,2300.0,vino clos de pirque tinto merlot - 1000ml vendido por walmart patrocinado,walmart costa rica,1725.0,económico,443.2,448.32
2026-09-19,Vino tinto,8500.0,,0,1500.0,8500.0,vino tinto pinord - 1500ml,walmart costa rica,4250.0,económico,443.2,448.32
2026-09-19,Vinos general,5800.0,,0,375.0,5800.0,vino orgánico adobe merlot – 375 ml vendido por walmart patrocinado,walmart costa rica,11600.0,premium,443.2,448.32
2026-09-19,Vinos general,7300.0,,0,1500.0,7300.0,vino tinto santa carolina cabernet sauvignon -1500 ml,walmart costa rica,3650.0,económico,443.2,448.32
2026-09-19,Vinos general,5970.0,,0,750.0,5970.0,vino espumoso undurraga brut 750 ml,walmart costa rica,5970.0,medio,443.2,448.32
2026-09-19,Vinos general,8890.0,,0,750.0,8890.0,vino espumoso calvet celebration brut rosé - 750 ml,walmart costa rica,8890.0,medio,443.2,448.32
2026-09-18,Vino rosado,8730.0,,0,750.0,8730.0,vino trivento reserva malbec rosado - 750 ml,masxmenos costa rica,8730.0,medio,443.43,448.21
2026-09-18,Vino rosado,14300.0,,0,750.0,14300.0,vino planeta la segreta bianco - 750 ml,masxmenos costa rica,14300.0,premium,443.43,448.21
2026-09-19,Vino tinto,3250.0,,0,375.0,3250.0,vino orgánico adobe cabernet sauvignon - 375 ml,walmart costa rica,6500.0,medio,443.2,448.32
2026-09-19,Vino tinto,5480.0,,0,750.0,5480.0,vino blanco trapiche pinot grigio -750ml,walmart costa rica,5480.0,medio,443.2,448.32
2026-09-18,Vino blanco,7995.0,,0,750.0,7995.0,marqués de riscal vino blanco 750 ml,pricesmart costa rica,7995.0,medio,443.43,448.21
2026-09-19,Vino tinto,7500.0,,0,1500.0,7500.0,vino viña maipo varietal merlot 1.5l,walmart costa rica,3750.0,económico,443.2,448.32
2026-09-18,Vino rosado,5795.0,,0,750.0,5795.0,astoria prosecco rosé vino rosado 750 ml / 25.4 oz,pricesmart costa rica,5795.0,medio,443.43,448.21
2026-09-19,Vino rosado,5950.0,,0,750.0,5950.0,vino spritz ice giacobazzi - 750 ml,masxmenos costa rica,5950.0,medio,443.2,448.32
2026-09-19,Vinos general,5670.0,,0,750.0,5670.0,vino tinto robert mondavi mondavi cabernet sauvignon - 750 ml vendido por walmart patrocinado,walmart costa rica,5670.0,medio,443.2,448.32
2026-09-19,Vinos general,13960.0,,0,750.0,13960.0,vino tinto trapiche vineyards malbec - 750 ml vendido por walmart patrocinado,walmart costa rica,13960.0,premium,443.2,448.32
2026-09-19,Vino tinto,9795.0,,0,750.0,9795.0,el coto crianza rioja vino tinto tempranillo 750 ml,pricesmart costa rica,9795.0,medio,443.2,448.32
2026-09-19,Vino tinto,8495.0,,0,750.0,8495.0,ruffino vino tinto chianti classico 750 ml / 25.36 oz,pricesmart costa rica,8495.0,medio,443.2,448.32
2026-09-19,Vino rosado,12470.0,,0,750.0,12470.0,the beach by whispering angel vino rosado francés 750 ml,pricesmart costa rica,12470.0,premium,443.2,448.32
2026-09-19,Vino rosado,7795.0,,0,750.0,7795.0,soupçon de fruit rosé d'anjou botella de vino rosado 750 ml / 25.4 oz,pricesmart costa rica,7795.0,medio,443.2,448.32
2026-09-20,Vino tinto,3340.0,,0,750.0,3340.0,vino viña maipo classic series cabernet sauvignon -750 ml,walmart costa rica,3340.0,económico,443.27,449.24
2026-09-19,Frontera,4200.0,,0,750.0,4200.0,"vinos sub-categoría vino tinto vino blanco vino rosado departamento cervezas, vinos y licores rebaja exclusiva en línea rangos de precio",masxmenos costa rica,4200.0,económico,443.2,448.32
2026-09-18,Vino blanco,5495.0,,0,750.0,5495.0,las moras pinot grigio vino blanco botella de 750 ml / 25.4 oz,pricesmart costa rica,5495.0,medio,443.43,448.21
2026-09-18,Vino blanco,7495.0,,0,3000.0,7495.0,clos de pirque vino blanco 3 unidades / 1 l,pricesmart costa rica,1873.75,económico,443.43,448.21
2026-09-18,Vino tinto,8495.0,,0,750.0,8495.0,ruffino vino tinto chianti classico 750 ml / 25.36 oz,pricesmart costa rica,8495.0,medio,443.43,448.21
2026-09-18,Vino tinto,14995.0,,0,750.0,14995.0,campo viejo vino tinto reserva 750 ml,pricesmart costa rica,14995.0,premium,443.43,448.21
2026-09-18,Frontera,6070.0,,0,750.0,6070.0,vino rosado frontera gently bubbly spritzer roses -750 ml patrocinado,masxmenos costa rica,6070.0,medio,443.43,448.21
2026-09-18,Vino tinto,20795.0,,0,2250.0,20795.0,faustino rivero ulecia set vinos rioja 3 unidades / 750 ml,pricesmart costa rica,6931.67,medio,443.43,448.21
2026-09-19,Vino tinto,3340.0,,0,750.0,3340.0,vino viña maipo classic series cabernet sauvignon -750 ml,walmart costa rica,3340.0,económico,443.2,448.32
2026-09-18,Vino rosado,7495.01,,0,750.0,7495.01,calvet rose d'anjou vino rosado 750 ml / 25.4 oz,pricesmart costa rica,7495.01,medio,443.43,448.21
2026-09-19,Frontera,5930.0,,0,1500.0,5930.0,vino frontera merlot -1500 ml patrocinado,masxmenos costa rica,2965.0,económico,443.2,448.32
2026-09-19,Frontera,7500.0,,0,750.0,7500.0,vino frontera rosado concha y toro chile - 750 ml patrocinado,masxmenos costa rica,7500.0,medio,443.2,448.32
2026-09-19,Vinos general,5000.0,,0,750.0,5000.0,vino espumoso undurraga brut 750 ml vendido por walmart patrocinado,walmart costa rica,5000.0,económico,443.2,448.32
2026-09-19,Vinos general,6970.0,,0,750.0,6970.0,vino torres celeste roble tinto - 750 ml vendido por walmart patrocinado,walmart costa rica,6970.0,medio,443.2,448.32
2026-09-19,Vino blanco,6110.0,,0,1000.0,6110.0,vino don simón premium selección chardonnay - 1000 ml patrocinado,masxmenos costa rica,4582.5,económico,443.2,448.32
2026-09-19,Vino blanco,2530.0,,0,750.0,2530.0,vino blanco blue nun authentic white- 750ml patrocinado,masxmenos costa rica,2530.0,económico,443.2,448.32
2026-09-19,Vino blanco,3380.0,,0,750.0,3380.0,vino maipo sauvignon blanco clasic series -750 ml,masxmenos costa rica,3380.0,económico,443.2,448.32
2026-09-19,Vino blanco,8.3102,,0,1000.0,8.3102,vino clos de pirque blanco - 1000ml patrocinado,masxmenos costa rica,6.23,económico,443.2,448.32
2026-09-18,Frontera,5930.0,,0,1500.0,5930.0,vino frontera merlot -1500 ml patrocinado,masxmenos costa rica,2965.0,económico,443.43,448.21
2026-09-18,Frontera,7500.0,,0,750.0,7500.0,vino frontera rosado concha y toro chile - 750 ml patrocinado,masxmenos costa rica,7500.0,medio,443.43,448.21
2026-09-19,Vinos general,9380.0,,0,750.0,9380.0,vino la linda old vines malbec - 750 ml,walmart costa rica,9380.0,medio,443.2,448.32
2026-09-19,Vinos general,9000.0,,0,750.0,9000.0,vino tinto byg merlot reserve - 750ml,walmart costa rica,9000.0,medio,443.2,448.32
2026-09-19,Vino tinto,3870.0,,0,750.0,3870.0,vino santa cecilia tinto cabernet sauvignon -750 ml,walmart costa rica,3870.0,económico,443.2,448.32
2026-09-19,Vinos general,12140.0,,0,750.0,12140.0,vino tinto protos roble botella - 750 ml,walmart costa rica,12140.0,premium,443.2,448.32
2026-09-19,Vino tinto,7500.0,,0,750.0,7500.0,vino tinto contenda merlot - 750 ml vendido por walmart patrocinado,walmart costa rica,7500.0,medio,443.2,448.32
2026-09-19,Frontera,9380.0,,0,750.0,9380.0,vino frontera concha y toro merlot - 750ml patrocinado,masxmenos costa rica,9380.0,medio,443.2,448.32
2026-09-19,Vino blanco,4900.0,,0,750.0,4900.0,vino marques de caceres blanco 750ml patrocinado,masxmenos costa rica,4900.0,económico,443.2,448.32
2026-09-19,Vino blanco,8020.0,,0,750.0,8020.0,vino maipo sauvignon blanco clasic series -750 ml patrocinado,masxmenos costa rica,8020.0,medio,443.2,448.32
2026-09-19,Vino rosado,13995.0,,0,750.0,13995.0,pasqua 11 minutes vino rosado 750 ml,pricesmart costa rica,13995.0,premium,443.2,448.32
2026-09-19,Vino rosado,5995.0,,0,750.0,5995.0,woodbridge vino rosado zinfandel 750 ml,pricesmart costa rica,5995.0,medio,443.2,448.32
2026-09-20,Vino tinto,4680.0,,0,1500.0,4680.0,vino frontera merlot -1500 ml vendido por walmart patrocinado,walmart costa rica,2340.0,económico,443.27,449.24
2026-09-20,Vino tinto,7500.0,,0,750.0,7500.0,vino tinto contenda merlot - 750 ml vendido por walmart patrocinado,walmart costa rica,7500.0,medio,443.27,449.24
2026-09-20,Vinos general,6300.0,,0,750.0,6300.0,vino beringer zinfandel rosado - 750ml,walmart costa rica,6300.0,medio,443.27,449.24
2026-09-19,Vino tinto,15495.0,,0,750.0,15495.0,muga vino tinto español el anden de la estación 750 ml,pricesmart costa rica,15495.0,super premium,443.2,448.32
2026-09-19,Vino tinto,9930.0,,0,750.0,9930.0,vino blanco marques de riscal verdejo - 750 ml,walmart costa rica,9930.0,medio,443.2,448.32
2026-09-19,Vino tinto,11500.0,,0,750.0,11500.0,vino tinto luigi bosca malbec - 750 ml,walmart costa rica,11500.0,premium,443.2,448.32
2026-09-18,Vino rosado,5995.0,,0,750.0,5995.0,woodbridge vino rosado zinfandel 750 ml,pricesmart costa rica,5995.0,medio,443.43,448.21
2026-09-18,Vino rosado,13995.0,,0,750.0,13995.0,pasqua 11 minutes vino rosado 750 ml,pricesmart costa rica,13995.0,premium,443.43,448.21
2026-09-18,Vino tinto,9295.0,,0,750.0,9295.0,baron philippe de rothschild vino tinto cabernet sauvignon 750 ml / 25.36 oz,pricesmart costa rica,9295.0,medio,443.43,448.21
2026-09-18,Vino rosado,7795.0,,0,750.0,7795.0,soupçon de fruit rosé d'anjou botella de vino rosado 750 ml / 25.4 oz,pricesmart costa rica,7795.0,medio,443.43,448.21
2026-09-19,Vinos general,4240.0,,0,750.0,4240.0,vino undurraga tinto merlot -750 ml,walmart costa rica,4240.0,económico,443.2,448.32
2026-09-19,Vino tinto,2580.0,,0,750.0,2580.0,vino tinto don simón tempranillo -750 ml vendido por walmart patrocinado,walmart costa rica,2580.0,económico,443.2,448.32
2026-09-19,Vino tinto,10495.0,,0,750.0,10495.0,montes limited selection vino cabernet sauvignon camenère 750 ml / 25.3 oz,pricesmart costa rica,10495.0,premium,443.2,448.32
2026-09-19,Vino tinto,14295.0,,0,750.0,14295.0,bin 27 vino tinto reserve port fonseca 750 ml / 25.36 oz,pricesmart costa rica,14295.0,premium,443.2,448.32
2026-09-19,Vino blanco,3380.0,,0,750.0,3380.0,vino peter brum liebfraulmil blan - 750ml patrocinado,masxmenos costa rica,3380.0,económico,443.2,448.32
2026-09-19,Vino blanco,5600.0,,0,750.0,5600.0,vino blanco fantini terre siciliante pinot grigio - 750 ml patrocinado,masxmenos costa rica,5600.0,medio,443.2,448.32
2026-09-19,Vino rosado,12300.0,,0,750.0,12300.0,vino rose carnivor apothic - 750 ml patrocinado,masxmenos costa rica,12300.0,premium,443.2,448.32
2026-09-19,Vino rosado,5220.0,,0,750.0,5220.0,vino mr wild org rose 750 ml patrocinado,masxmenos costa rica,5220.0,medio,443.2,448.32
2026-09-19,Vino rosado,12700.0,,0,750.0,12700.0,vino làudum gran reserva - 750 ml,masxmenos costa rica,12700.0,premium,443.2,448.32
2026-09-19,Vino rosado,4900.0,,0,750.0,4900.0,vino rosado frontera gently bubbly spritzer roses -750 ml patrocinado,masxmenos costa rica,4900.0,económico,443.2,448.32
2026-09-18,Vino tinto,14295.0,,0,750.0,14295.0,bin 27 vino tinto reserve port fonseca 750 ml / 25.36 oz,pricesmart costa rica,14295.0,premium,443.43,448.21
2026-09-18,Vino tinto,9795.0,,0,750.0,9795.0,el coto crianza rioja vino tinto tempranillo 750 ml,pricesmart costa rica,9795.0,medio,443.43,448.21
2026-09-19,Vino blanco,6110.0,,0,750.0,6110.0,vino tinto fantini trebbiano d abruzzo -750ml,masxmenos costa rica,6110.0,medio,443.2,448.32
2026-09-19,Vino blanco,11560.0,,0,1500.0,11560.0,vino blanco pasqua pinot grigio -1500ml,masxmenos costa rica,5780.0,medio,443.2,448.32
2026-09-19,Vinos general,4300.0,,0,750.0,4300.0,vino riunite blanco melocotón - 750 ml,walmart costa rica,4300.0,económico,443.2,448.32
2026-09-19,Vino blanco,8600.0,,0,750.0,8600.0,vino marina alta blanco 00 - 750 ml,masxmenos costa rica,8600.0,medio,443.2,448.32
2026-09-19,Vinos general,20760.0,,0,1125.0,20760.0,vino viñas del tango malbec - 1125 ml vendido por walmart patrocinado,walmart costa rica,13840.0,premium,443.2,448.32
2026-09-19,Vino tinto,11995.0,,0,750.0,11995.0,pasqua zin primitivo vino tinto 750 ml,pricesmart costa rica,11995.0,premium,443.2,448.32
2026-09-19,Frontera,6070.0,,0,750.0,6070.0,vino frontera blanco sauvignon concha y toro - 750 ml,masxmenos costa rica,6070.0,medio,443.2,448.32
2026-09-19,Frontera,6070.0,,0,750.0,6070.0,vino blanco frontera chardonnay viñedo protegido por la naturaleza - 750 ml,masxmenos costa rica,6070.0,medio,443.2,448.32
2026-09-20,Vino tinto,3340.0,,0,750.0,3340.0,vino frontera frutal tinto de verano manzana naranja - 750 ml vendido por walmart patrocinado,walmart costa rica,3340.0,económico,443.27,449.24
2026-09-20,Vino tinto,4400.0,,0,750.0,4400.0,vino clos dp cabernet tinto sauvignon - 2000ml vendido por walmart patrocinado,walmart costa rica,4400.0,económico,443.27,449.24
2026-09-20,Vinos general,20760.0,,0,1125.0,20760.0,vino viñas del tango malbec - 1125 ml vendido por walmart patrocinado,walmart costa rica,13840.0,premium,443.27,449.24
2026-09-20,Vinos general,8000.0,,0,750.0,8000.0,vino pata negra valdepenas crianza - 750 ml vendido por walmart patrocinado,walmart costa rica,8000.0,medio,443.27,449.24
2026-09-20,Vino blanco,5910.0,,0,750.0,5910.0,vino blanco frontera spritzer chardonnay eldelflower - 750 ml,masxmenos costa rica,5910.0,medio,443.27,449.24
2026-09-20,Vino tinto,1980.0,,0,750.0,1980.0,vino viña maipo clasic series merlot - 750 ml vendido por walmart patrocinado,walmart costa rica,1980.0,económico,443.27,449.24
2026-09-19,Vinos general,7360.0,,0,1500.0,7360.0,vino tinto santa cecilia cabernet sauvignon – 1500 ml,walmart costa rica,3680.0,económico,443.2,448.32
2026-09-19,Vinos general,12830.0,,0,750.0,12830.0,vino freixenet espumosa prosecco -750 ml,walmart costa rica,12830.0,premium,443.2,448.32
2026-09-19,Vino tinto,3340.0,,0,750.0,3340.0,vino fantini montepulciano d abruzzo 1500ml vendido por walmart patrocinado,walmart costa rica,3340.0,económico,443.2,448.32
2026-09-19,Vino tinto,10010.0,,0,750.0,10010.0,vino frontera frutal tinto de verano manzana naranja - 750 ml vendido por walmart patrocinado,walmart costa rica,10010.0,premium,443.2,448.32
2026-09-18,Vino rosado,12470.0,,0,750.0,12470.0,the beach by whispering angel vino rosado francés 750 ml,pricesmart costa rica,12470.0,premium,443.43,448.21
2026-09-19,Vino tinto,4680.0,,0,1500.0,4680.0,vino frontera merlot -1500 ml vendido por walmart patrocinado,walmart costa rica,2340.0,económico,443.2,448.32
2026-09-19,Vino blanco,16600.0,,0,750.0,16600.0,vino luigi bosca de sangre - 750 ml,masxmenos costa rica,16600.0,super premium,443.2,448.32
2026-09-19,Vinos general,8000.0,,0,750.0,8000.0,vino pata negra valdepenas crianza - 750 ml vendido por walmart patrocinado,walmart costa rica,8000.0,medio,443.2,448.32
2026-09-19,Vino rosado,7795.0,,0,1000.0,7795.0,mateus the original vino rosado espumoso portugués 1 l,pricesmart costa rica,5846.25,medio,443.2,448.32
2026-09-19,Vino rosado,3970.0,,0,750.0,3970.0,viña esmeralda vino rosado español aroma frutal 750 ml,pricesmart costa rica,3970.0,económico,443.2,448.32
2026-09-19,Vino rosado,9810.0,,0,750.0,9810.0,vino làudum gran reserva - 750 ml patrocinado,masxmenos costa rica,9810.0,medio,443.2,448.32
2026-09-19,Vino rosado,12.7002,,0,2250.0,12.7002,vino rosado trapiche vino trapiche malbec 3x 2250 ml patrocinado,masxmenos costa rica,4.23,económico,443.2,448.32
2026-09-19,Vino tinto,5495.0,,0,750.0,5495.0,manischewitz concord grape vino tinto 750 ml / 25.36 oz,pricesmart costa rica,5495.0,medio,443.2,448.32
2026-09-19,Vino tinto,6795.0,,0,1500.0,6795.0,twin view estates cabernet sauvignon vino tinto 1.5 l,pricesmart costa rica,3397.5,económico,443.2,448.32
2026-09-19,Frontera,6070.0,,0,750.0,6070.0,vino blanco frontera spritzer chardonnay eldelflower - 750 ml patrocinado,masxmenos costa rica,6070.0,medio,443.2,448.32
2026-09-19,Vino tinto,7795.0,,0,1500.0,7795.0,frontera merlot vino tinto chileno botella de 1.5 l / 51 oz,pricesmart costa rica,3897.5,económico,443.2,448.32
2026-09-18,Vino rosado,8795.0,,0,750.0,8795.0,taanug vino rosado francés aroma a fresas 750 ml,pricesmart costa rica,8795.0,medio,443.43,448.21
2026-09-18,Vino rosado,3970.0,,0,750.0,3970.0,viña esmeralda vino rosado español aroma frutal 750 ml,pricesmart costa rica,3970.0,económico,443.43,448.21
2026-09-19,Vino rosado,5640.0,,0,750.0,5640.0,vino rosado trapiche vineyards argentino - 750 ml,masxmenos costa rica,5640.0,medio,443.2,448.32
2026-09-19,Vino rosado,5770.0,,0,750.0,5770.0,vino frontera rosado concha y toro chile - 750 ml,masxmenos costa rica,5770.0,medio,443.2,448.32
2026-09-19,Vino blanco,5210.0,,0,750.0,5210.0,vino blanco tarapacá pinot grigio - 750 ml,masxmenos costa rica,5210.0,medio,443.2,448.32
2026-09-19,Vino rosado,5200.0,,0,750.0,5200.0,vino cavicchioli lambrusco rosato dulce - 750 ml,masxmenos costa rica,5200.0,medio,443.2,448.32
2026-09-19,Vino rosado,8810.0,,0,750.0,8810.0,vino marques de caceres rosado rioja - 750ml,masxmenos costa rica,8810.0,medio,443.2,448.32
2026-09-19,Vino rosado,8795.0,,0,750.0,8795.0,taanug vino rosado francés aroma a fresas 750 ml,pricesmart costa rica,8795.0,medio,443.2,448.32
2026-09-19,Vino tinto,15995.0,,0,750.0,15995.0,marqués de riscal vino tinto rioja reserva 750 ml,pricesmart costa rica,15995.0,super premium,443.2,448.32
2026-09-19,Vino tinto,5495.0,,0,750.0,5495.0,finca las moras botella de vino tinto malbec suave al paladar 750 ml / 25.4 oz,pricesmart costa rica,5495.0,medio,443.2,448.32
2026-09-20,Vino blanco,8310.0,,0,750.0,8310.0,vino blanco protos verdejo criado sobre lias finas - 750 ml,masxmenos costa rica,8310.0,medio,443.27,449.24
2026-09-20,Vino blanco,2490.0,,0,1000.0,2490.0,vino clos de pirque blanco - 1000ml,masxmenos costa rica,1867.5,económico,443.27,449.24
2026-09-20,Vino rosado,8020.0,,0,750.0,8020.0,vino soupcon de fruit rose d&apos;anjou 2020 - 750 ml,masxmenos costa rica,8020.0,medio,443.27,449.24
2026-09-20,Vino rosado,8810.0,,0,750.0,8810.0,vino marques de caceres rosado rioja - 750ml,masxmenos costa rica,8810.0,medio,443.27,449.24
2026-09-20,Vino rosado,5950.0,,0,750.0,5950.0,vino spritz ice giacobazzi - 750 ml,masxmenos costa rica,5950.0,medio,443.27,449.24
2026-09-20,Vinos general,5000.0,,0,750.0,5000.0,vino tinto robert mondavi mondavi cabernet sauvignon - 750 ml vendido por walmart patrocinado,walmart costa rica,5000.0,económico,443.27,449.24
2026-09-19,Vino blanco,7500.0,,0,1500.0,7500.0,vino maipo blanco chardonnay -1.5 l,masxmenos costa rica,3750.0,económico,443.2,448.32
2026-09-19,Vino blanco,10300.0,,0,750.0,10300.0,navarro col. privada chardonnay 750 ml,masxmenos costa rica,10300.0,premium,443.2,448.32
2026-09-19,Vino blanco,6830.0,,0,750.0,6830.0,vino blanco blue nun authentic white- 750ml,masxmenos costa rica,6830.0,medio,443.2,448.32
2026-09-19,Vino blanco,8310.0,,0,750.0,8310.0,vino blanco protos verdejo criado sobre lias finas - 750 ml,masxmenos costa rica,8310.0,medio,443.2,448.32
2026-09-19,Vino tinto,4400.0,,0,750.0,4400.0,vino clos dp cabernet tinto sauvignon - 2000ml vendido por walmart patrocinado,walmart costa rica,4400.0,económico,443.2,448.32
2026-09-19,Vinos general,5120.0,,0,750.0,5120.0,"vino rosado b & g cotes de provence, 2 pack -750 ml vendido por walmart patrocinado",walmart costa rica,5120.0,medio,443.2,448.32
2026-09-19,Vino rosado,5220.0,,0,750.0,5220.0,vino dulce rosado st. helena – 750 ml,masxmenos costa rica,5220.0,medio,443.2,448.32
2026-09-19,Vino blanco,2600.0,,0,375.0,2600.0,vino adobe chardonnay orgánico -375 ml patrocinado,masxmenos costa rica,5200.0,medio,443.2,448.32
2026-09-20,Vinos general,3250.0,,0,375.0,3250.0,vino orgánico adobe merlot – 375 ml,walmart costa rica,6500.0,medio,443.27,449.24
2026-09-20,Vino tinto,10010.0,,0,750.0,10010.0,vino viña maipo classic series cabernet sauvignon -750 ml vendido por walmart patrocinado,walmart costa rica,10010.0,premium,443.27,449.24
2026-09-19,Vino tinto,8795.0,,0,1500.0,8795.0,montepulciano vino tinto de frutos rojos 1.5 l / 51 oz,pricesmart costa rica,4397.5,económico,443.2,448.32
2026-09-19,Vino tinto,6495.0,,0,750.0,6495.0,caliterra reserva vino tinto cabernet sauvignon 750 ml,pricesmart costa rica,6495.0,medio,443.2,448.32
2026-09-19,Vino blanco,7995.0,,0,750.0,7995.0,marqués de riscal vino blanco 750 ml,pricesmart costa rica,7995.0,medio,443.2,448.32
2026-09-19,Vino blanco,2395.0,,0,750.0,2395.0,loma negra chardonnay classic vino blanco 750 ml / 25.4 oz,pricesmart costa rica,2395.0,económico,443.2,448.32
2026-09-19,Vino tinto,20795.0,,0,2250.0,20795.0,faustino rivero ulecia set vinos rioja 3 unidades / 750 ml,pricesmart costa rica,6931.67,medio,443.2,448.32
2026-09-20,Vino tinto,4400.0,,0,750.0,4400.0,vino frontera frutal tinto de verano manzana naranja - 750 ml,walmart costa rica,4400.0,económico,443.27,449.24
2026-09-19,Vinos general,5800.0,,0,750.0,5800.0,frontera cabernet sauvignon 750ml,walmart costa rica,5800.0,medio,443.2,448.32
2026-09-19,Vinos general,3250.0,,0,375.0,3250.0,vino orgánico adobe merlot – 375 ml,walmart costa rica,6500.0,medio,443.2,448.32
2026-09-19,Vino tinto,9495.0,,0,750.0,9495.0,apothic vino tinto 750 ml / 25.4 oz,pricesmart costa rica,9495.0,medio,443.2,448.32
2026-09-19,Vino tinto,7495.0,,0,3000.0,7495.0,clos de pirque vino tinto cabernet sauvignon 3 unidades / 1 l,pricesmart costa rica,1873.75,económico,443.2,448.32
2026-09-19,Vino rosado,10810.0,,0,750.0,10810.0,vino rosado canti prosecco - 750 ml,masxmenos costa rica,10810.0,premium,443.2,448.32
2026-09-19,Vino tinto,5795.0,,0,750.0,5795.0,rioja próximo tempranillo vino tinto 750 ml / 25.4 oz,pricesmart costa rica,5795.0,medio,443.2,448.32
2026-09-19,Frontera,7500.0,,0,1500.0,7500.0,vino frontera merlot -1500 ml,masxmenos costa rica,3750.0,económico,443.2,448.32
2026-09-20,Vinos general,7360.0,,0,1500.0,7360.0,vino tinto santa cecilia cabernet sauvignon – 1500 ml,walmart costa rica,3680.0,económico,443.27,449.24
2026-09-19,Vino blanco,5495.0,,0,750.0,5495.0,las moras pinot grigio vino blanco botella de 750 ml / 25.4 oz,pricesmart costa rica,5495.0,medio,443.2,448.32
2026-09-19,Vino blanco,7495.0,,0,3000.0,7495.0,clos de pirque vino blanco 3 unidades / 1 l,pricesmart costa rica,1873.75,económico,443.2,448.32
2026-09-20,Vino rosado,3250.0,,0,375.0,3250.0,vino orgánico adobe rosé – 375 ml,masxmenos costa rica,6500.0,medio,443.27,449.24
2026-09-20,Vino rosado,5770.0,,0,750.0,5770.0,vino rosado frontera gently bubbly spritzer roses -750 ml,masxmenos costa rica,5770.0,medio,443.27,449.24
2026-09-20,Frontera,5930.0,,0,750.0,5930.0,vino frontera concha y toro merlot - 750ml,masxmenos costa rica,5930.0,medio,443.27,449.24
2026-09-20,Frontera,7500.0,,0,1500.0,7500.0,vino frontera merlot -1500 ml,masxmenos costa rica,3750.0,económico,443.27,449.24
2026-09-20,Frontera,9380.0,,0,750.0,9380.0,vino frontera concha y toro merlot - 750ml patrocinado,masxmenos costa rica,9380.0,medio,443.27,449.24
2026-09-20,Vino blanco,4900.0,,0,750.0,4900.0,vino marques de caceres blanco 750ml patrocinado,masxmenos costa rica,4900.0,económico,443.27,449.24
2026-09-19,Vino rosado,5770.0,,0,750.0,5770.0,vino soupcon de fruit rose d'anjou 2020 - 750 ml patrocinado,masxmenos costa rica,5770.0,medio,443.2,448.32
2026-09-19,Vino rosado,8020.0,,0,750.0,8020.0,vino marques de caceres rosado rioja - 750ml patrocinado,masxmenos costa rica,8020.0,medio,443.2,448.32
2026-09-19,Vino rosado,11180.0,,0,750.0,11180.0,vino mr wild org rose 750 ml,masxmenos costa rica,11180.0,premium,443.2,448.32
2026-09-19,Vino rosado,3250.0,,0,375.0,3250.0,vino orgánico adobe rosé – 375 ml,masxmenos costa rica,6500.0,medio,443.2,448.32
2026-09-19,Vino blanco,2490.0,,0,1000.0,2490.0,vino clos de pirque blanco - 1000ml,masxmenos costa rica,1867.5,económico,443.2,448.32
2026-09-19,Vino rosado,8020.0,,0,750.0,8020.0,vino soupcon de fruit rose d&apos;anjou 2020 - 750 ml,masxmenos costa rica,8020.0,medio,443.2,448.32
2026-09-19,Vino tinto,2395.0,,0,750.0,2395.0,loma negra vino tinto merlot 750 ml / 25.4 oz,pricesmart costa rica,2395.0,económico,443.2,448.32
2026-09-19,Frontera,5930.0,,0,750.0,5930.0,vino tinto frontera carmenere viñedo protegido por la naturaleza - 750 ml,masxmenos costa rica,5930.0,medio,443.2,448.32
2026-09-20,Vino blanco,2530.0,,0,1000.0,2530.0,vino don simón premium selección chardonnay - 1000 ml,masxmenos costa rica,1897.5,económico,443.27,449.24
2026-09-20,Vino blanco,6830.0,,0,750.0,6830.0,vino blanco blue nun authentic white- 750ml,masxmenos costa rica,6830.0,medio,443.27,449.24
2026-09-19,Vino blanco,15495.0,,0,750.0,15495.0,santa margherita vino blanco pinot grigio 750 ml / 25.36 oz,pricesmart costa rica,15495.0,super premium,443.2,448.32
2026-09-19,Vino blanco,7795.0,,0,1500.0,7795.0,frontera concha & toro vino blanco sauvignon blanc semi 1.5 l,pricesmart costa rica,3897.5,económico,443.2,448.32
2026-09-20,Vino tinto,7500.0,,0,1500.0,7500.0,vino viña maipo varietal merlot 1.5l,walmart costa rica,3750.0,económico,443.27,449.24
2026-09-20,Vino tinto,10010.0,,0,750.0,10010.0,vino fantini montepulciano d abruzzo 1500ml,walmart costa rica,10010.0,premium,443.27,449.24
2026-09-20,Vino tinto,2580.0,,0,750.0,2580.0,vino tinto don simón tempranillo -750 ml vendido por walmart patrocinado,walmart costa rica,2580.0,económico,443.27,449.24
2026-09-20,Vinos general,20760.0,,0,750.0,20760.0,"vino rosado b &amp; g cotes de provence, 2 pack -750 ml",walmart costa rica,20760.0,super premium,443.27,449.24
2026-09-19,Vino blanco,6110.0,,0,750.0,6110.0,vino blanco fantini terre siciliante pinot grigio - 750 ml,masxmenos costa rica,6110.0,medio,443.2,448.32
2026-09-19,Vino blanco,2530.0,,0,1000.0,2530.0,vino don simón premium selección chardonnay - 1000 ml,masxmenos costa rica,1897.5,económico,443.2,448.32
2026-09-20,Vino tinto,2580.0,,0,750.0,2580.0,vino tinto contenda merlot - 750 ml,walmart costa rica,2580.0,económico,443.27,449.24
2026-09-20,Vino tinto,1980.0,,0,750.0,1980.0,vino tinto don simón tempranillo -750 ml,walmart costa rica,1980.0,económico,443.27,449.24
2026-09-19,Vino tinto,10995.0,,0,750.0,10995.0,marques caceres crianza vino tinto 750 ml / 25.4 oz,pricesmart costa rica,10995.0,premium,443.2,448.32
2026-09-20,Vino tinto,2300.0,,0,1000.0,2300.0,vino clos de pirque cabernet sauvignon - 1000ml,walmart costa rica,1725.0,económico,443.27,449.24
2026-09-19,Vino tinto,7495.0,,0,750.0,7495.0,alamos vino tinto malbec 750 ml,pricesmart costa rica,7495.0,medio,443.2,448.32
2026-09-20,Vino blanco,6110.0,,0,750.0,6110.0,vino blanco fantini terre siciliante pinot grigio - 750 ml,masxmenos costa rica,6110.0,medio,443.27,449.24
2026-09-20,Vino tinto,11500.0,,0,750.0,11500.0,vino tinto luigi bosca malbec - 750 ml,walmart costa rica,11500.0,premium,443.27,449.24
2026-09-20,Vino tinto,3250.0,,0,375.0,3250.0,vino orgánico adobe cabernet sauvignon - 375 ml,walmart costa rica,6500.0,medio,443.27,449.24
2026-09-20,Frontera,5930.0,,0,750.0,5930.0,frontera cabernet sauvignon 750ml,masxmenos costa rica,5930.0,medio,443.27,449.24
2026-09-20,Frontera,9380.0,,0,1500.0,9380.0,vino frontera tinto concha y toro cabernet - 1500 ml,masxmenos costa rica,4690.0,económico,443.27,449.24
2026-09-20,Vino tinto,7495.0,,0,750.0,7495.0,santa rita 120 reserva especial vino tinto 4 unidades / 187.5 ml / 6.3 oz,pricesmart costa rica,7495.0,medio,443.27,449.24
2026-09-20,Vino tinto,7495.0,,0,750.0,7495.0,alamos vino tinto malbec 750 ml,pricesmart costa rica,7495.0,medio,443.27,449.24
2026-09-20,Vino tinto,14295.0,,0,750.0,14295.0,bin 27 vino tinto reserve port fonseca 750 ml / 25.36 oz,pricesmart costa rica,14295.0,premium,443.27,449.24
2026-09-20,Frontera,6070.0,,0,750.0,6070.0,vino frontera blanco sauvignon concha y toro - 750 ml,masxmenos costa rica,6070.0,medio,443.27,449.24
2026-09-19,Vino tinto,8795.0,,0,750.0,8795.0,hacienda lópez de haro vino crianza 750 ml,pricesmart costa rica,8795.0,medio,443.2,448.32
2026-09-19,Vino tinto,8795.0,,0,750.0,8795.0,cune vino tinto crianza rioja 750 ml / 25.36 oz,pricesmart costa rica,8795.0,medio,443.2,448.32
2026-09-19,Frontera,8940.0,,0,750.0,8940.0,vino frontera chardonnay - 1500ml,masxmenos costa rica,8940.0,medio,443.2,448.32
2026-09-19,Frontera,5930.0,,0,750.0,5930.0,frontera cabernet sauvignon 750ml,masxmenos costa rica,5930.0,medio,443.2,448.32
2026-09-19,Vino rosado,5770.0,,0,750.0,5770.0,vino rosado frontera gently bubbly spritzer roses -750 ml,masxmenos costa rica,5770.0,medio,443.2,448.32
2026-09-19,Frontera,5930.0,,0,750.0,5930.0,vino frontera concha y toro merlot - 750ml,masxmenos costa rica,5930.0,medio,443.2,448.32
2026-09-20,Vino tinto,2500.0,,0,1000.0,2500.0,vino clos de pirque tinto merlot - 1000ml,walmart costa rica,1875.0,económico,443.27,449.24
2026-09-19,Vino tinto,4795.0,,0,750.0,4795.0,legado muñoz vino tinto tempranillo 750 ml / 25.4 oz,pricesmart costa rica,4795.0,económico,443.2,448.32
2026-09-20,Vino rosado,4400.0,,0,750.0,4400.0,frontera frutal pink paradise 750ml,masxmenos costa rica,4400.0,económico,443.27,449.24
2026-09-20,Vino rosado,11180.0,,0,750.0,11180.0,vino mr wild org rose 750 ml,masxmenos costa rica,11180.0,premium,443.27,449.24
2026-09-20,Vino tinto,5480.0,,0,750.0,5480.0,vino blanco trapiche pinot grigio -750ml,walmart costa rica,5480.0,medio,443.27,449.24
2026-09-20,Vino tinto,3870.0,,0,750.0,3870.0,vino santa cecilia tinto cabernet sauvignon -750 ml,walmart costa rica,3870.0,económico,443.27,449.24
2026-09-20,Vinos general,4240.0,,0,750.0,4240.0,vino undurraga tinto merlot -750 ml,walmart costa rica,4240.0,económico,443.27,449.24
2026-09-20,Vinos general,5120.0,,0,750.0,5120.0,vino tinto undurraga cabernet - 750 ml,walmart costa rica,5120.0,medio,443.27,449.24
2026-09-20,Vinos general,5670.0,,0,750.0,5670.0,vino tinto trapiche vineyards malbec - 750 ml vendido por walmart patrocinado,walmart costa rica,5670.0,medio,443.27,449.24
2026-09-20,Vino blanco,7040.0,,0,750.0,7040.0,vino blanco carmen frida sauvignon blanc – 750 ml,masxmenos costa rica,7040.0,medio,443.27,449.24
2026-09-19,Vino rosado,14590.0,,0,750.0,14590.0,vino rose carnivor apothic - 750 ml,masxmenos costa rica,14590.0,premium,443.2,448.32
2026-09-19,Vino rosado,4400.0,,0,750.0,4400.0,frontera frutal pink paradise 750ml,masxmenos costa rica,4400.0,económico,443.2,448.32
2026-09-20,Vinos general,5000.0,,0,750.0,5000.0,vino tinto trapiche vineyards malbec - 750 ml,walmart costa rica,5000.0,económico,443.27,449.24
2026-09-20,Vinos general,13960.0,,0,750.0,13960.0,vino tinto robert mondavi mondavi cabernet sauvignon - 750 ml,walmart costa rica,13960.0,premium,443.27,449.24
2026-09-20,Vino tinto,3340.0,,0,750.0,3340.0,vino viña maipo clasic series merlot - 750 ml,walmart costa rica,3340.0,económico,443.27,449.24
2026-09-20,Vinos general,10000.0,,0,750.0,10000.0,vino torres celeste roble tinto - 750 ml,walmart costa rica,10000.0,medio,443.27,449.24
2026-09-20,Vino tinto,10280.0,,0,750.0,10280.0,vino tinto torres ramon bilbao crianza - 750ml,walmart costa rica,10280.0,premium,443.27,449.24
2026-09-20,Vino rosado,14590.0,,0,750.0,14590.0,vino rose carnivor apothic - 750 ml,masxmenos costa rica,14590.0,premium,443.27,449.24
2026-09-20,Vinos general,9380.0,,0,750.0,9380.0,vino la linda old vines malbec - 750 ml,walmart costa rica,9380.0,medio,443.27,449.24
2026-09-20,Vinos general,9000.0,,0,750.0,9000.0,vino tinto byg merlot reserve - 750ml,walmart costa rica,9000.0,medio,443.27,449.24
2026-09-20,Vino tinto,12995.0,,0,750.0,12995.0,catena vista flores vino tinto malbec 750 ml,pricesmart costa rica,12995.0,premium,443.27,449.24
2026-09-20,Vino tinto,13795.0,,0,3000.0,13795.0,carlo rossi vino tinto cuerpo medio 3 l / 101.4 oz,pricesmart costa rica,3448.75,económico,443.27,449.24
2026-09-17,Vino tinto,8795.0,,0,750.0,8795.0,hacienda lópez de haro vino crianza 750 ml,pricesmart costa rica,8795.0,medio,444.46,449.49
2026-09-17,Vino tinto,7795.0,,0,1500.0,7795.0,frontera merlot vino tinto chileno botella de 1.5 l / 51 oz,pricesmart costa rica,3897.5,económico,444.46,449.49
2026-09-19,Vino rosado,5795.0,,0,750.0,5795.0,astoria prosecco rosé vino rosado 750 ml / 25.4 oz,pricesmart costa rica,5795.0,medio,443.2,448.32
2026-09-20,Vino tinto,15995.0,,0,750.0,15995.0,marqués de riscal vino tinto rioja reserva 750 ml,pricesmart costa rica,15995.0,super premium,443.27,449.24
2026-09-20,Vino tinto,4680.0,,0,750.0,4680.0,vino clos dp cabernet tinto sauvignon - 2000ml,walmart costa rica,4680.0,económico,443.27,449.24
2026-09-20,Vino tinto,7500.0,,0,1500.0,7500.0,vino frontera merlot -1500 ml,walmart costa rica,3750.0,económico,443.27,449.24
2026-09-19,Vino tinto,10495.0,,0,750.0,10495.0,m. chapoutier vino tinto côtes du rhône 750 ml / 25.36 oz,pricesmart costa rica,10495.0,premium,443.2,448.32
2026-09-19,Vino tinto,13795.0,,0,3000.0,13795.0,carlo rossi vino tinto cuerpo medio 3 l / 101.4 oz,pricesmart costa rica,3448.75,económico,443.2,448.32
2026-09-19,Frontera,9380.0,,0,1500.0,9380.0,vino frontera tinto concha y toro cabernet - 1500 ml,masxmenos costa rica,4690.0,económico,443.2,448.32
2026-09-19,Vino tinto,7495.0,,0,750.0,7495.0,santa rita 120 reserva especial vino tinto 4 unidades / 187.5 ml / 6.3 oz,pricesmart costa rica,7495.0,medio,443.2,448.32
2026-09-20,Vinos general,5800.0,,0,750.0,5800.0,frontera cabernet sauvignon 750ml,walmart costa rica,5800.0,medio,443.27,449.24
2026-09-19,Vino blanco,7495.0,,0,750.0,7495.0,protos verdejo vino blanco 750 ml,pricesmart costa rica,7495.0,medio,443.2,448.32
2026-09-20,Frontera,9120.0,,0,1500.0,9120.0,vino blanco frontera sauvignon blanc - 1500 ml,masxmenos costa rica,4560.0,económico,443.27,449.24
2026-09-20,Frontera,8940.0,,0,750.0,8940.0,vino frontera chardonnay - 1500ml,masxmenos costa rica,8940.0,medio,443.27,449.24
2026-09-20,Vinos general,4300.0,,0,750.0,4300.0,vino riunite blanco melocotón - 750 ml,walmart costa rica,4300.0,económico,443.27,449.24
2026-09-20,Vinos general,12140.0,,0,750.0,12140.0,vino tinto protos roble botella - 750 ml,walmart costa rica,12140.0,premium,443.27,449.24
2026-09-20,Vino blanco,5210.0,,0,750.0,5210.0,vino blanco tarapacá pinot grigio - 750 ml,masxmenos costa rica,5210.0,medio,443.27,449.24
2026-09-20,Vino blanco,16600.0,,0,750.0,16600.0,vino luigi bosca de sangre - 750 ml,masxmenos costa rica,16600.0,super premium,443.27,449.24
2026-09-20,Vino blanco,2600.0,,0,375.0,2600.0,vino adobe chardonnay orgánico -375 ml patrocinado,masxmenos costa rica,5200.0,medio,443.27,449.24
2026-09-20,Vino rosado,8730.0,,0,750.0,8730.0,vino trivento reserva malbec rosado - 750 ml,masxmenos costa rica,8730.0,medio,443.27,449.24
2026-09-19,Frontera,4400.0,,0,750.0,4400.0,vino frontera frutal tropical mango maracuyá - 750 ml,masxmenos costa rica,4400.0,económico,443.2,448.32
2026-09-19,Frontera,9120.0,,0,1500.0,9120.0,vino blanco frontera sauvignon blanc - 1500 ml,masxmenos costa rica,4560.0,económico,443.2,448.32
2026-09-20,Vino blanco,2600.0,,0,750.0,2600.0,vino contenda sauvignon blanc - 750 ml,masxmenos costa rica,2600.0,económico,443.27,449.24
2026-09-20,Vino blanco,3250.0,,0,375.0,3250.0,vino adobe chardonnay orgánico -375 ml,masxmenos costa rica,6500.0,medio,443.27,449.24
2026-09-20,Vinos general,5970.0,,0,750.0,5970.0,vino espumoso undurraga brut 750 ml,walmart costa rica,5970.0,medio,443.27,449.24
2026-09-20,Vino blanco,3380.0,,0,750.0,3380.0,vino maipo sauvignon blanco clasic series -750 ml,masxmenos costa rica,3380.0,económico,443.27,449.24
2026-09-20,Vinos general,8890.0,,0,750.0,8890.0,vino espumoso calvet celebration brut rosé - 750 ml,walmart costa rica,8890.0,medio,443.27,449.24
2026-09-20,Frontera,4400.0,,0,750.0,4400.0,vino frontera frutal tropical mango maracuyá - 750 ml,masxmenos costa rica,4400.0,económico,443.27,449.24
2026-09-20,Vino blanco,6110.0,,0,750.0,6110.0,vino tinto fantini trebbiano d abruzzo -750ml,masxmenos costa rica,6110.0,medio,443.27,449.24
2026-09-20,Vino blanco,7500.0,,0,1500.0,7500.0,vino maipo blanco chardonnay -1.5 l,masxmenos costa rica,3750.0,económico,443.27,449.24
2026-09-17,Vino tinto,7495.0,,0,750.0,7495.0,santa rita 120 reserva especial vino tinto 4 unidades / 187.5 ml / 6.3 oz,pricesmart costa rica,7495.0,medio,444.46,449.49
2026-09-17,Vino tinto,10495.0,,0,750.0,10495.0,m. chapoutier vino tinto côtes du rhône 750 ml / 25.36 oz,pricesmart costa rica,10495.0,premium,444.46,449.49
2026-09-21,Vino tinto,4400.0,,0,750.0,4400.0,vino frontera frutal tinto de verano manzana naranja - 750 ml,walmart costa rica,4400.0,económico,443.27,449.24
2026-09-21,Vino tinto,3340.0,,0,750.0,3340.0,vino viña maipo classic series cabernet sauvignon -750 ml,walmart costa rica,3340.0,económico,443.27,449.24
2026-09-21,Vino tinto,10010.0,,0,750.0,10010.0,vino fantini montepulciano d abruzzo 1500ml,walmart costa rica,10010.0,premium,443.27,449.24
2026-09-20,Vino rosado,8795.0,,0,750.0,8795.0,taanug vino rosado francés aroma a fresas 750 ml,pricesmart costa rica,8795.0,medio,443.27,449.24
2026-09-20,Vinos general,8000.0,,0,1125.0,8000.0,vino viñas del tango malbec - 1125 ml,walmart costa rica,5333.33,medio,443.27,449.24
2026-09-20,Vinos general,5670.0,,0,750.0,5670.0,vino pata negra valdepenas crianza - 750 ml,walmart costa rica,5670.0,medio,443.27,449.24
2026-09-20,Vino tinto,4400.0,,0,750.0,4400.0,vino frontera frutal tropical mango maracuyá - 750 ml,walmart costa rica,4400.0,económico,443.27,449.24
2026-09-20,Vino tinto,6920.0,,0,750.0,6920.0,vino tinto fantini sangiovese - 750ml,walmart costa rica,6920.0,medio,443.27,449.24
2026-09-19,Vino tinto,12995.0,,0,750.0,12995.0,catena vista flores vino tinto malbec 750 ml,pricesmart costa rica,12995.0,premium,443.2,448.32
2026-09-20,Vino tinto,8170.0,,0,750.0,8170.0,vino tinto álamos malbec - 750 ml,walmart costa rica,8170.0,medio,443.27,449.24
2026-09-20,Vino blanco,5600.0,,0,750.0,5600.0,vino peter brum liebfraulmil blan - 750ml,masxmenos costa rica,5600.0,medio,443.27,449.24
2026-09-20,Vino tinto,9930.0,,0,750.0,9930.0,vino blanco marques de riscal verdejo - 750 ml,walmart costa rica,9930.0,medio,443.27,449.24
2026-09-20,Vino tinto,10495.0,,0,750.0,10495.0,m. chapoutier vino tinto côtes du rhône 750 ml / 25.36 oz,pricesmart costa rica,10495.0,premium,443.27,449.24
2026-09-20,Vino tinto,11495.0,,0,750.0,11495.0,ramon bilbao vino tinto crianza 750 ml,pricesmart costa rica,11495.0,premium,443.27,449.24
2026-09-20,Vino blanco,11560.0,,0,1500.0,11560.0,vino blanco pasqua pinot grigio -1500ml,masxmenos costa rica,5780.0,medio,443.27,449.24
2026-09-20,Vino blanco,8600.0,,0,750.0,8600.0,vino marina alta blanco 00 - 750 ml,masxmenos costa rica,8600.0,medio,443.27,449.24
2026-09-20,Vino rosado,5200.0,,0,750.0,5200.0,vino cavicchioli lambrusco rosato dulce - 750 ml,masxmenos costa rica,5200.0,medio,443.27,449.24
2026-09-20,Vino rosado,5220.0,,0,750.0,5220.0,vino dulce rosado st. helena – 750 ml,masxmenos costa rica,5220.0,medio,443.27,449.24
2026-09-20,Frontera,5930.0,,0,750.0,5930.0,vino tinto frontera carmenere viñedo protegido por la naturaleza - 750 ml,masxmenos costa rica,5930.0,medio,443.27,449.24
2026-09-20,Frontera,5930.0,,0,1500.0,5930.0,vino frontera merlot -1500 ml patrocinado,masxmenos costa rica,2965.0,económico,443.27,449.24
2026-09-19,Vino tinto,11495.0,,0,750.0,11495.0,ramon bilbao vino tinto crianza 750 ml,pricesmart costa rica,11495.0,premium,443.2,448.32
2026-09-19,Vino tinto,4995.0,,0,750.0,4995.0,real compañia vino tinto tempranillo botella de 750 ml / 25.4 oz,pricesmart costa rica,4995.0,económico,443.2,448.32
2026-09-20,Vino rosado,9200.0,,0,750.0,9200.0,vino laudum chardonnay - 750 ml,masxmenos costa rica,9200.0,medio,443.27,449.24
2026-09-20,Vino rosado,11200.0,,0,750.0,11200.0,vino làudum barrica - 750 ml,masxmenos costa rica,11200.0,premium,443.27,449.24
2026-09-20,Vino blanco,8020.0,,0,750.0,8020.0,vino marques de caceres blanco 750ml,masxmenos costa rica,8020.0,medio,443.27,449.24
2026-09-20,Vino rosado,9790.0,,0,750.0,9790.0,vino rosado ijalba rioja eco -750ml,masxmenos costa rica,9790.0,medio,443.27,449.24
2026-09-20,Vino blanco,8.3102,,0,1000.0,8.3102,vino clos de pirque blanco - 1000ml patrocinado,masxmenos costa rica,6.23,económico,443.27,449.24
2026-09-20,Vino tinto,4995.0,,0,750.0,4995.0,real compañia vino tinto tempranillo botella de 750 ml / 25.4 oz,pricesmart costa rica,4995.0,económico,443.27,449.24
2026-09-20,Vino rosado,8020.0,,0,750.0,8020.0,vino marques de caceres rosado rioja - 750ml patrocinado,masxmenos costa rica,8020.0,medio,443.27,449.24
2026-09-20,Vino rosado,5640.0,,0,750.0,5640.0,vino rosado trapiche vineyards argentino - 750 ml,masxmenos costa rica,5640.0,medio,443.27,449.24
2026-09-21,Vino tinto,7500.0,,0,1500.0,7500.0,vino frontera merlot -1500 ml,walmart costa rica,3750.0,económico,443.27,449.24
2026-09-21,Vino tinto,4680.0,,0,750.0,4680.0,vino clos dp cabernet tinto sauvignon - 2000ml,walmart costa rica,4680.0,económico,443.27,449.24
2026-09-21,Vinos general,8000.0,,0,1125.0,8000.0,vino viñas del tango malbec - 1125 ml,walmart costa rica,5333.33,medio,443.27,449.24
2026-09-21,Vinos general,20760.0,,0,750.0,20760.0,"vino rosado b &amp; g cotes de provence, 2 pack -750 ml",walmart costa rica,20760.0,super premium,443.27,449.24
2026-09-21,Vinos general,6300.0,,0,750.0,6300.0,vino beringer zinfandel rosado - 750ml,walmart costa rica,6300.0,medio,443.27,449.24
2026-09-21,Vino tinto,4680.0,,0,1500.0,4680.0,vino frontera merlot -1500 ml vendido por walmart patrocinado,walmart costa rica,2340.0,económico,443.27,449.24
2026-09-20,Vino blanco,4730.0,,0,750.0,4730.0,vino sta rita 3 med bco sauvig 750 ml,masxmenos costa rica,4730.0,económico,443.27,449.24
2026-09-20,Vino blanco,8960.0,,0,750.0,8960.0,vino blanco trivento malbec reserva 2022 - 750 ml,masxmenos costa rica,8960.0,medio,443.27,449.24
2026-09-20,Vinos general,5800.0,,0,1500.0,5800.0,vino tinto santa cecilia cabernet sauvignon – 1500 ml vendido por walmart patrocinado,walmart costa rica,2900.0,económico,443.27,449.24
2026-09-20,Vinos general,7360.0,,0,375.0,7360.0,vino orgánico adobe merlot – 375 ml vendido por walmart patrocinado,walmart costa rica,14720.0,premium,443.27,449.24
2026-09-20,Vino tinto,7360.0,,0,1500.0,7360.0,vino santa cecilia merlot - 1500 ml,walmart costa rica,3680.0,económico,443.27,449.24
2026-09-20,Vinos general,7410.0,,0,750.0,7410.0,vino tinto misiones rengo reserva carmenere - 750 ml,walmart costa rica,7410.0,medio,443.27,449.24
2026-09-20,Vino rosado,12300.0,,0,2250.0,12300.0,vino rosado trapiche vino trapiche malbec 3x 2250 ml,masxmenos costa rica,4100.0,económico,443.27,449.24
2026-09-20,Vinos general,12830.0,,0,750.0,12830.0,vino freixenet espumosa prosecco -750 ml,walmart costa rica,12830.0,premium,443.27,449.24
2026-09-17,Vino tinto,5795.0,,0,750.0,5795.0,rioja próximo tempranillo vino tinto 750 ml / 25.4 oz,pricesmart costa rica,5795.0,medio,444.46,449.49
2026-09-17,Vino tinto,13795.0,,0,3000.0,13795.0,carlo rossi vino tinto cuerpo medio 3 l / 101.4 oz,pricesmart costa rica,3448.75,económico,444.46,449.49
2026-09-20,Vino rosado,5770.0,,0,750.0,5770.0,vino frontera rosado concha y toro chile - 750 ml,masxmenos costa rica,5770.0,medio,443.27,449.24
2026-09-20,Vino rosado,10810.0,,0,750.0,10810.0,vino rosado canti prosecco - 750 ml,masxmenos costa rica,10810.0,premium,443.27,449.24
2026-09-20,Vino tinto,5795.0,,0,750.0,5795.0,rioja próximo tempranillo vino tinto 750 ml / 25.4 oz,pricesmart costa rica,5795.0,medio,443.27,449.24
2026-09-20,Vino tinto,2395.0,,0,750.0,2395.0,loma negra vino tinto merlot 750 ml / 25.4 oz,pricesmart costa rica,2395.0,económico,443.27,449.24
2026-09-20,Vino tinto,4795.0,,0,750.0,4795.0,legado muñoz vino tinto tempranillo 750 ml / 25.4 oz,pricesmart costa rica,4795.0,económico,443.27,449.24
2026-09-20,Vino tinto,10495.0,,0,750.0,10495.0,montes limited selection vino cabernet sauvignon camenère 750 ml / 25.3 oz,pricesmart costa rica,10495.0,premium,443.27,449.24
2026-09-20,Vino tinto,3340.0,,0,1000.0,3340.0,vino clos de pirque cabernet sauvignon - 1000ml vendido por walmart patrocinado,walmart costa rica,2505.0,económico,443.27,449.24
2026-09-20,Vino tinto,2300.0,,0,1000.0,2300.0,vino clos de pirque tinto merlot - 1000ml vendido por walmart patrocinado,walmart costa rica,1725.0,económico,443.27,449.24
2026-09-20,Frontera,5930.0,,0,750.0,5930.0,vino frontera blanco sauvignon concha y toro - 750 ml patrocinado,masxmenos costa rica,5930.0,medio,443.27,449.24
2026-09-20,Frontera,6070.0,,0,750.0,6070.0,vino rosado frontera gently bubbly spritzer roses -750 ml patrocinado,masxmenos costa rica,6070.0,medio,443.27,449.24
2026-09-20,Vino rosado,12700.0,,0,750.0,12700.0,vino làudum gran reserva - 750 ml,masxmenos costa rica,12700.0,premium,443.27,449.24
2026-09-20,Frontera,6070.0,,0,750.0,6070.0,vino blanco frontera spritzer chardonnay eldelflower - 750 ml patrocinado,masxmenos costa rica,6070.0,medio,443.27,449.24
2026-09-20,Vino rosado,4900.0,,0,750.0,4900.0,vino rosado frontera gently bubbly spritzer roses -750 ml patrocinado,masxmenos costa rica,4900.0,económico,443.27,449.24
2026-09-17,Vino tinto,2395.0,,0,750.0,2395.0,loma negra vino tinto merlot 750 ml / 25.4 oz,pricesmart costa rica,2395.0,económico,444.46,449.49
2026-09-20,Vino tinto,8795.0,,0,750.0,8795.0,cune vino tinto crianza rioja 750 ml / 25.36 oz,pricesmart costa rica,8795.0,medio,443.27,449.24
2026-09-20,Vino tinto,9495.0,,0,750.0,9495.0,apothic vino tinto 750 ml / 25.4 oz,pricesmart costa rica,9495.0,medio,443.27,449.24
2026-09-21,Vinos general,5670.0,,0,750.0,5670.0,vino pata negra valdepenas crianza - 750 ml,walmart costa rica,5670.0,medio,443.27,449.24
2026-09-21,Vinos general,5000.0,,0,750.0,5000.0,vino tinto trapiche vineyards malbec - 750 ml,walmart costa rica,5000.0,económico,443.27,449.24
2026-09-21,Vino blanco,4730.0,,0,750.0,4730.0,vino sta rita 3 med bco sauvig 750 ml,masxmenos costa rica,4730.0,económico,443.27,449.24
2026-09-21,Vino blanco,7040.0,,0,750.0,7040.0,vino blanco carmen frida sauvignon blanc – 750 ml,masxmenos costa rica,7040.0,medio,443.27,449.24
2026-09-21,Vino blanco,5910.0,,0,750.0,5910.0,vino blanco frontera spritzer chardonnay eldelflower - 750 ml,masxmenos costa rica,5910.0,medio,443.27,449.24
2026-09-21,Vinos general,8000.0,,0,750.0,8000.0,vino tinto trapiche vineyards malbec - 750 ml vendido por walmart patrocinado,walmart costa rica,8000.0,medio,443.27,449.24
2026-09-20,Vino rosado,14300.0,,0,750.0,14300.0,vino planeta la segreta bianco - 750 ml,masxmenos costa rica,14300.0,premium,443.27,449.24
2026-09-20,Vino rosado,9810.0,,0,750.0,9810.0,vino les jamelles petite rosado - 750 ml,masxmenos costa rica,9810.0,medio,443.27,449.24
2026-09-20,Vino blanco,5600.0,,0,750.0,5600.0,vino blanco fantini terre siciliante pinot grigio - 750 ml patrocinado,masxmenos costa rica,5600.0,medio,443.27,449.24
2026-09-20,Vino blanco,6110.0,,0,1000.0,6110.0,vino don simón premium selección chardonnay - 1000 ml patrocinado,masxmenos costa rica,4582.5,económico,443.27,449.24
2026-09-20,Vinos general,8640.0,,0,750.0,8640.0,vino riunite vibrante lambrusc grap - 750 ml,walmart costa rica,8640.0,medio,443.27,449.24
2026-09-20,Vino blanco,6830.0,,0,750.0,6830.0,vino blanco protos verdejo criado sobre lias finas - 750 ml patrocinado,masxmenos costa rica,6830.0,medio,443.27,449.24
2026-09-20,Frontera,4200.0,,0,750.0,4200.0,"vinos sub-categoría vino tinto vino blanco vino rosado departamento cervezas, vinos y licores rebaja exclusiva en línea rangos de precio",masxmenos costa rica,4200.0,económico,443.27,449.24
2026-09-20,Vino blanco,10300.0,,0,750.0,10300.0,navarro col. privada chardonnay 750 ml,masxmenos costa rica,10300.0,premium,443.27,449.24
2026-09-21,Vino tinto,3340.0,,0,750.0,3340.0,vino viña maipo clasic series merlot - 750 ml,walmart costa rica,3340.0,económico,443.27,449.24
2026-09-21,Vino tinto,2580.0,,0,750.0,2580.0,vino tinto contenda merlot - 750 ml,walmart costa rica,2580.0,económico,443.27,449.24
2026-09-20,Vino tinto,10995.0,,0,750.0,10995.0,marques caceres crianza vino tinto 750 ml / 25.4 oz,pricesmart costa rica,10995.0,premium,443.27,449.24
2026-09-20,Vino tinto,6795.0,,0,3000.0,6795.0,clos de pirque vino tinto cabernet sauvignon 3 unidades / 1 l,pricesmart costa rica,1698.75,económico,443.27,449.24
2026-09-20,Vino blanco,3970.0,,0,750.0,3970.0,protocolo vino blanco español 750 ml,pricesmart costa rica,3970.0,económico,443.27,449.24
2026-09-20,Vino blanco,5495.0,,0,750.0,5495.0,casal mendes vino verde 750 ml / 25.4 oz,pricesmart costa rica,5495.0,medio,443.27,449.24
2026-09-20,Vino rosado,7795.0,,0,1000.0,7795.0,mateus the original vino rosado espumoso portugués 1 l,pricesmart costa rica,5846.25,medio,443.27,449.24
2026-09-19,Vino rosado,7495.01,,0,750.0,7495.01,calvet rose d'anjou vino rosado 750 ml / 25.4 oz,pricesmart costa rica,7495.01,medio,443.2,448.32
2026-09-20,Vinos general,13960.0,,0,750.0,13960.0,vino espumoso undurraga brut 750 ml vendido por walmart patrocinado,walmart costa rica,13960.0,premium,443.27,449.24
2026-09-20,Vinos general,6970.0,,0,750.0,6970.0,vino torres celeste roble tinto - 750 ml vendido por walmart patrocinado,walmart costa rica,6970.0,medio,443.27,449.24
2026-09-20,Vino tinto,9795.0,,0,750.0,9795.0,el coto crianza rioja vino tinto tempranillo 750 ml,pricesmart costa rica,9795.0,medio,443.27,449.24
2026-09-20,Vino tinto,9795.0,,0,750.0,9795.0,cantina fiorentino primitivo salento vino tinto 750 ml,pricesmart costa rica,9795.0,medio,443.27,449.24
2026-09-20,Frontera,5770.0,,0,750.0,5770.0,vino blanco frontera chardonnay viñedo protegido por la naturaleza - 750 ml patrocinado,masxmenos costa rica,5770.0,medio,443.27,449.24
2026-09-20,Vino tinto,9295.0,,0,750.0,9295.0,baron philippe de rothschild vino tinto cabernet sauvignon 750 ml / 25.36 oz,pricesmart costa rica,9295.0,medio,443.27,449.24
2026-09-20,Vino tinto,8795.0,,0,750.0,8795.0,hacienda lópez de haro vino crianza 750 ml,pricesmart costa rica,8795.0,medio,443.27,449.24
2026-09-21,Vino tinto,2300.0,,0,1000.0,2300.0,vino clos de pirque cabernet sauvignon - 1000ml,walmart costa rica,1725.0,económico,443.27,449.24
2026-09-20,Vino rosado,8795.0,,0,750.0,8795.0,les jamelles vino rosado francés 750 ml / 25.36 oz,pricesmart costa rica,8795.0,medio,443.27,449.24
2026-09-20,Vino blanco,7995.0,,0,750.0,7995.0,casal garcía vino blanco vinho verde 750 ml,pricesmart costa rica,7995.0,medio,443.27,449.24
2026-09-21,Vino blanco,2600.0,,0,750.0,2600.0,vino contenda sauvignon blanc - 750 ml,masxmenos costa rica,2600.0,económico,443.27,449.24
2026-09-21,Vino blanco,8960.0,,0,750.0,8960.0,vino blanco trivento malbec reserva 2022 - 750 ml,masxmenos costa rica,8960.0,medio,443.27,449.24
2026-09-21,Vino rosado,14300.0,,0,750.0,14300.0,vino planeta la segreta bianco - 750 ml,masxmenos costa rica,14300.0,premium,443.27,449.24
2026-09-21,Vino rosado,8730.0,,0,750.0,8730.0,vino trivento reserva malbec rosado - 750 ml,masxmenos costa rica,8730.0,medio,443.27,449.24
2026-09-21,Vino rosado,5950.0,,0,750.0,5950.0,vino spritz ice giacobazzi - 750 ml,masxmenos costa rica,5950.0,medio,443.27,449.24
2026-09-21,Vino rosado,8810.0,,0,750.0,8810.0,vino marques de caceres rosado rioja - 750ml,masxmenos costa rica,8810.0,medio,443.27,449.24
2026-09-20,Frontera,7500.0,,0,750.0,7500.0,vino frontera rosado concha y toro chile - 750 ml patrocinado,masxmenos costa rica,7500.0,medio,443.27,449.24
2026-09-20,Frontera,5770.0,,0,750.0,5770.0,vino tinto frontera carmenere viñedo protegido por la naturaleza - 750 ml patrocinado,masxmenos costa rica,5770.0,medio,443.27,449.24
2026-09-20,Vino rosado,9790.0,,0,2250.0,9790.0,vino rosado trapiche vino trapiche malbec 3x 2250 ml patrocinado,masxmenos costa rica,3263.33,económico,443.27,449.24
2026-09-20,Vino rosado,12300.0,,0,750.0,12300.0,vino rose carnivor apothic - 750 ml patrocinado,masxmenos costa rica,12300.0,premium,443.27,449.24
2026-09-20,Vino blanco,2530.0,,0,750.0,2530.0,vino blanco blue nun authentic white- 750ml patrocinado,masxmenos costa rica,2530.0,económico,443.27,449.24
2026-09-20,Vino rosado,11180.0,,0,375.0,11180.0,vino orgánico adobe rosé – 375 ml patrocinado,masxmenos costa rica,22360.0,super premium,443.27,449.24
2026-09-20,Vino tinto,15495.0,,0,750.0,15495.0,muga vino tinto español el anden de la estación 750 ml,pricesmart costa rica,15495.0,super premium,443.27,449.24
2026-09-20,Vino rosado,5770.0,,0,750.0,5770.0,vino soupcon de fruit rose d'anjou 2020 - 750 ml patrocinado,masxmenos costa rica,5770.0,medio,443.27,449.24
2026-09-21,Vinos general,5970.0,,0,750.0,5970.0,vino espumoso undurraga brut 750 ml,walmart costa rica,5970.0,medio,443.27,449.24
2026-09-21,Vinos general,13960.0,,0,750.0,13960.0,vino tinto robert mondavi mondavi cabernet sauvignon - 750 ml,walmart costa rica,13960.0,premium,443.27,449.24
2026-09-20,Vino blanco,11795.0,,0,750.0,11795.0,pulpo albariño vino blanco 750 ml,pricesmart costa rica,11795.0,premium,443.27,449.24
2026-09-20,Vino blanco,10495.0,,0,750.0,10495.0,los vascos vino blanco sauvignon blanc 750 ml / 25.36 oz,pricesmart costa rica,10495.0,premium,443.27,449.24
2026-09-21,Vino tinto,3340.0,,0,1000.0,3340.0,vino clos de pirque cabernet sauvignon - 1000ml vendido por walmart patrocinado,walmart costa rica,2505.0,económico,443.27,449.24
2026-09-21,Vino tinto,2580.0,,0,750.0,2580.0,vino viña maipo clasic series merlot - 750 ml vendido por walmart patrocinado,walmart costa rica,2580.0,económico,443.27,449.24
2026-09-21,Vino tinto,7500.0,,0,750.0,7500.0,vino tinto contenda merlot - 750 ml vendido por walmart patrocinado,walmart costa rica,7500.0,medio,443.27,449.24
2026-09-21,Vino tinto,7500.0,,0,1500.0,7500.0,vino viña maipo varietal merlot 1.5l,walmart costa rica,3750.0,económico,443.27,449.24
2026-09-20,Vino blanco,8020.0,,0,750.0,8020.0,vino maipo sauvignon blanco clasic series -750 ml patrocinado,masxmenos costa rica,8020.0,medio,443.27,449.24
2026-09-20,Vino blanco,3380.0,,0,750.0,3380.0,vino peter brum liebfraulmil blan - 750ml patrocinado,masxmenos costa rica,3380.0,económico,443.27,449.24
2026-09-19,Vino blanco,7995.0,,0,750.0,7995.0,casal garcía vino blanco vinho verde 750 ml,pricesmart costa rica,7995.0,medio,443.2,448.32
2026-09-19,Vino blanco,11795.0,,0,750.0,11795.0,pulpo albariño vino blanco 750 ml,pricesmart costa rica,11795.0,premium,443.2,448.32
2026-09-20,Vino tinto,20795.0,,0,2250.0,20795.0,faustino rivero ulecia set vinos rioja 3 unidades / 750 ml,pricesmart costa rica,6931.67,medio,443.27,449.24
2026-09-19,Vino blanco,3970.0,,0,750.0,3970.0,protocolo vino blanco español 750 ml,pricesmart costa rica,3970.0,económico,443.2,448.32
2026-09-20,Vino rosado,7495.01,,0,750.0,7495.01,calvet rose d'anjou vino rosado 750 ml / 25.4 oz,pricesmart costa rica,7495.01,medio,443.27,449.24
2026-09-21,Vinos general,10000.0,,0,750.0,10000.0,vino torres celeste roble tinto - 750 ml,walmart costa rica,10000.0,medio,443.27,449.24
2026-09-21,Vino tinto,6920.0,,0,750.0,6920.0,vino tinto fantini sangiovese - 750ml,walmart costa rica,6920.0,medio,443.27,449.24
2026-09-21,Vino tinto,4400.0,,0,750.0,4400.0,vino frontera frutal tropical mango maracuyá - 750 ml,walmart costa rica,4400.0,económico,443.27,449.24
2026-09-21,Vino rosado,12700.0,,0,750.0,12700.0,vino làudum gran reserva - 750 ml,masxmenos costa rica,12700.0,premium,443.27,449.24
2026-09-21,Vino rosado,11200.0,,0,750.0,11200.0,vino làudum barrica - 750 ml,masxmenos costa rica,11200.0,premium,443.27,449.24
2026-09-21,Frontera,7500.0,,0,750.0,7500.0,vino frontera rosado concha y toro chile - 750 ml patrocinado,masxmenos costa rica,7500.0,medio,443.27,449.24
2026-09-21,Frontera,5930.0,,0,1500.0,5930.0,vino frontera merlot -1500 ml patrocinado,masxmenos costa rica,2965.0,económico,443.27,449.24
2026-09-21,Frontera,9380.0,,0,750.0,9380.0,vino frontera concha y toro merlot - 750ml patrocinado,masxmenos costa rica,9380.0,medio,443.27,449.24
2026-09-21,Frontera,7500.0,,0,1500.0,7500.0,vino frontera merlot -1500 ml,masxmenos costa rica,3750.0,económico,443.27,449.24
2026-09-20,Vino tinto,8495.0,,0,750.0,8495.0,ruffino vino tinto chianti classico 750 ml / 25.36 oz,pricesmart costa rica,8495.0,medio,443.27,449.24
2026-09-20,Vino tinto,14995.0,,0,750.0,14995.0,campo viejo vino tinto reserva 750 ml,pricesmart costa rica,14995.0,premium,443.27,449.24
2026-09-20,Vino tinto,6495.0,,0,750.0,6495.0,caliterra reserva vino tinto cabernet sauvignon 750 ml,pricesmart costa rica,6495.0,medio,443.27,449.24
2026-09-20,Vino tinto,6795.0,,0,1500.0,6795.0,twin view estates cabernet sauvignon vino tinto 1.5 l,pricesmart costa rica,3397.5,económico,443.27,449.24
2026-09-20,Vino rosado,5220.0,,0,750.0,5220.0,vino mr wild org rose 750 ml patrocinado,masxmenos costa rica,5220.0,medio,443.27,449.24
2026-09-20,Vino tinto,7295.0,,0,1500.0,7295.0,frontera merlot vino tinto chileno botella de 1.5 l / 51 oz,pricesmart costa rica,3647.5,económico,443.27,449.24
2026-09-19,Vino blanco,5495.0,,0,750.0,5495.0,casal mendes vino verde 750 ml / 25.4 oz,pricesmart costa rica,5495.0,medio,443.2,448.32
2026-09-20,Vino tinto,5495.0,,0,750.0,5495.0,manischewitz concord grape vino tinto 750 ml / 25.36 oz,pricesmart costa rica,5495.0,medio,443.27,449.24
2026-09-21,Vino blanco,8020.0,,0,750.0,8020.0,vino marques de caceres blanco 750ml,masxmenos costa rica,8020.0,medio,443.27,449.24
2026-09-21,Vino blanco,3250.0,,0,375.0,3250.0,vino adobe chardonnay orgánico -375 ml,masxmenos costa rica,6500.0,medio,443.27,449.24
2026-09-21,Vino tinto,4740.0,,0,750.0,4740.0,vino astica malbec botella - 750 ml,walmart costa rica,4740.0,económico,443.27,449.24
2026-09-21,Vino tinto,2300.0,,0,1000.0,2300.0,vino clos de pirque tinto merlot - 1000ml vendido por walmart patrocinado,walmart costa rica,1725.0,económico,443.27,449.24
2026-09-21,Vinos general,13960.0,,0,750.0,13960.0,vino espumoso undurraga brut 750 ml vendido por walmart patrocinado,walmart costa rica,13960.0,premium,443.27,449.24
2026-09-21,Vinos general,5670.0,,0,750.0,5670.0,vino tinto robert mondavi mondavi cabernet sauvignon - 750 ml vendido por walmart patrocinado,walmart costa rica,5670.0,medio,443.27,449.24
2026-09-21,Vinos general,5000.0,,0,750.0,5000.0,vino pata negra valdepenas crianza - 750 ml vendido por walmart patrocinado,walmart costa rica,5000.0,económico,443.27,449.24
2026-09-21,Vinos general,5120.0,,0,750.0,5120.0,vino tinto undurraga cabernet - 750 ml,walmart costa rica,5120.0,medio,443.27,449.24
2026-09-20,Frontera,6070.0,,0,750.0,6070.0,vino blanco frontera chardonnay viñedo protegido por la naturaleza - 750 ml,masxmenos costa rica,6070.0,medio,443.27,449.24
2026-09-20,Vino rosado,12.7002,,0,750.0,12.7002,vino rosado ijalba rioja eco -750ml patrocinado,masxmenos costa rica,12.7,económico,443.27,449.24
2026-09-21,Vino tinto,3250.0,,0,375.0,3250.0,vino orgánico adobe cabernet sauvignon - 375 ml,walmart costa rica,6500.0,medio,443.27,449.24
2026-09-21,Vino tinto,11500.0,,0,750.0,11500.0,vino tinto luigi bosca malbec - 750 ml,walmart costa rica,11500.0,premium,443.27,449.24
2026-09-19,Vino blanco,10495.0,,0,750.0,10495.0,los vascos vino blanco sauvignon blanc 750 ml / 25.36 oz,pricesmart costa rica,10495.0,premium,443.2,448.32
2026-09-21,Vino tinto,10280.0,,0,750.0,10280.0,vino tinto torres ramon bilbao crianza - 750ml,walmart costa rica,10280.0,premium,443.27,449.24
2026-09-21,Vino tinto,8170.0,,0,750.0,8170.0,vino tinto álamos malbec - 750 ml,walmart costa rica,8170.0,medio,443.27,449.24
2026-09-21,Vino blanco,3380.0,,0,750.0,3380.0,vino maipo sauvignon blanco clasic series -750 ml,masxmenos costa rica,3380.0,económico,443.27,449.24
2026-09-21,Vinos general,7300.0,,0,1500.0,7300.0,vino tinto santa carolina cabernet sauvignon -1500 ml,walmart costa rica,3650.0,económico,443.27,449.24
2026-09-21,Vinos general,7360.0,,0,375.0,7360.0,vino orgánico adobe merlot – 375 ml vendido por walmart patrocinado,walmart costa rica,14720.0,premium,443.27,449.24
2026-09-21,Frontera,5930.0,,0,750.0,5930.0,vino frontera blanco sauvignon concha y toro - 750 ml patrocinado,masxmenos costa rica,5930.0,medio,443.27,449.24
2026-09-21,Frontera,5770.0,,0,750.0,5770.0,vino tinto frontera carmenere viñedo protegido por la naturaleza - 750 ml patrocinado,masxmenos costa rica,5770.0,medio,443.27,449.24
2026-09-21,Vino tinto,14995.0,,0,750.0,14995.0,campo viejo vino tinto reserva 750 ml,pricesmart costa rica,14995.0,premium,443.27,449.24
2026-09-21,Vino tinto,10495.0,,0,750.0,10495.0,montes limited selection vino cabernet sauvignon camenère 750 ml / 25.3 oz,pricesmart costa rica,10495.0,premium,443.27,449.24
2026-09-21,Vino tinto,14295.0,,0,750.0,14295.0,bin 27 vino tinto reserve port fonseca 750 ml / 25.36 oz,pricesmart costa rica,14295.0,premium,443.27,449.24
2026-09-21,Vino tinto,7495.0,,0,750.0,7495.0,alamos vino tinto malbec 750 ml,pricesmart costa rica,7495.0,medio,443.27,449.24
2026-09-19,Vino rosado,6370.0,,0,750.0,6370.0,pack jp chenet rosé dry vino espumoso 750 ml + chocolate vizzio 70 g,pricesmart costa rica,6370.0,medio,443.2,448.32
2026-09-19,Vino rosado,8795.0,,0,750.0,8795.0,les jamelles vino rosado francés 750 ml / 25.36 oz,pricesmart costa rica,8795.0,medio,443.2,448.32
2026-09-20,Vino rosado,13995.0,,0,750.0,13995.0,pasqua 11 minutes vino rosado 750 ml,pricesmart costa rica,13995.0,premium,443.27,449.24
2026-09-20,Vino rosado,12470.0,,0,750.0,12470.0,the beach by whispering angel vino rosado francés 750 ml,pricesmart costa rica,12470.0,premium,443.27,449.24
2026-09-20,Vino tinto,10995.0,,0,750.0,10995.0,portia roble tempranillo vino tinto 750 ml,pricesmart costa rica,10995.0,premium,443.27,449.24
2026-09-20,Vino rosado,5795.0,,0,750.0,5795.0,astoria prosecco rosé vino rosado 750 ml / 25.4 oz,pricesmart costa rica,5795.0,medio,443.27,449.24
2026-09-21,Vino tinto,2500.0,,0,1000.0,2500.0,vino clos de pirque tinto merlot - 1000ml,walmart costa rica,1875.0,económico,443.27,449.24
2026-09-20,Vino rosado,6370.0,,0,750.0,6370.0,pack jp chenet rosé dry vino espumoso 750 ml + chocolate vizzio 70 g,pricesmart costa rica,6370.0,medio,443.27,449.24
2026-09-21,Vino rosado,9200.0,,0,750.0,9200.0,vino laudum chardonnay - 750 ml,masxmenos costa rica,9200.0,medio,443.27,449.24
2026-09-21,Vino rosado,9810.0,,0,750.0,9810.0,vino les jamelles petite rosado - 750 ml,masxmenos costa rica,9810.0,medio,443.27,449.24
2026-09-21,Vinos general,5800.0,,0,1500.0,5800.0,vino tinto santa cecilia cabernet sauvignon – 1500 ml vendido por walmart patrocinado,walmart costa rica,2900.0,económico,443.27,449.24
2026-09-21,Vinos general,6970.0,,0,750.0,6970.0,vino torres celeste roble tinto - 750 ml vendido por walmart patrocinado,walmart costa rica,6970.0,medio,443.27,449.24
2026-09-21,Vino blanco,8020.0,,0,750.0,8020.0,vino maipo sauvignon blanco clasic series -750 ml patrocinado,masxmenos costa rica,8020.0,medio,443.27,449.24
2026-09-21,Vino blanco,4900.0,,0,750.0,4900.0,vino marques de caceres blanco 750ml patrocinado,masxmenos costa rica,4900.0,económico,443.27,449.24
2026-09-21,Vino blanco,2600.0,,0,375.0,2600.0,vino adobe chardonnay orgánico -375 ml patrocinado,masxmenos costa rica,5200.0,medio,443.27,449.24
2026-09-21,Vino blanco,16600.0,,0,750.0,16600.0,vino luigi bosca de sangre - 750 ml,masxmenos costa rica,16600.0,super premium,443.27,449.24
2026-09-20,Vino tinto,8795.0,,0,1500.0,8795.0,montepulciano vino tinto de frutos rojos 1.5 l / 51 oz,pricesmart costa rica,4397.5,económico,443.27,449.24
2026-09-20,Vino tinto,5495.0,,0,750.0,5495.0,finca las moras botella de vino tinto malbec suave al paladar 750 ml / 25.4 oz,pricesmart costa rica,5495.0,medio,443.27,449.24
2026-09-21,Vinos general,4300.0,,0,750.0,4300.0,vino riunite blanco melocotón - 750 ml,walmart costa rica,4300.0,económico,443.27,449.24
2026-09-21,Vinos general,9000.0,,0,750.0,9000.0,vino tinto byg merlot reserve - 750ml,walmart costa rica,9000.0,medio,443.27,449.24
2026-09-21,Vino tinto,9930.0,,0,750.0,9930.0,vino blanco marques de riscal verdejo - 750 ml,walmart costa rica,9930.0,medio,443.27,449.24
2026-09-21,Vinos general,12830.0,,0,750.0,12830.0,vino freixenet espumosa prosecco -750 ml,walmart costa rica,12830.0,premium,443.27,449.24
2026-09-21,Vinos general,8890.0,,0,750.0,8890.0,vino espumoso calvet celebration brut rosé - 750 ml,walmart costa rica,8890.0,medio,443.27,449.24
2026-09-21,Vino rosado,9790.0,,0,750.0,9790.0,vino rosado ijalba rioja eco -750ml,masxmenos costa rica,9790.0,medio,443.27,449.24
2026-09-21,Vino blanco,2530.0,,0,750.0,2530.0,vino blanco blue nun authentic white- 750ml patrocinado,masxmenos costa rica,2530.0,económico,443.27,449.24
2026-09-21,Vino blanco,6110.0,,0,1000.0,6110.0,vino don simón premium selección chardonnay - 1000 ml patrocinado,masxmenos costa rica,4582.5,económico,443.27,449.24
2026-09-21,Vino tinto,8495.0,,0,750.0,8495.0,ruffino vino tinto chianti classico 750 ml / 25.36 oz,pricesmart costa rica,8495.0,medio,443.27,449.24
2026-09-21,Vino tinto,9795.0,,0,750.0,9795.0,el coto crianza rioja vino tinto tempranillo 750 ml,pricesmart costa rica,9795.0,medio,443.27,449.24
2026-09-21,Vino rosado,3970.0,,0,750.0,3970.0,viña esmeralda vino rosado español aroma frutal 750 ml,pricesmart costa rica,3970.0,económico,443.27,449.24
2026-09-21,Vino rosado,8795.0,,0,750.0,8795.0,taanug vino rosado francés aroma a fresas 750 ml,pricesmart costa rica,8795.0,medio,443.27,449.24
2026-09-21,Vino rosado,7795.0,,0,1000.0,7795.0,mateus the original vino rosado espumoso portugués 1 l,pricesmart costa rica,5846.25,medio,443.27,449.24
2026-09-21,Vino blanco,11795.0,,0,750.0,11795.0,pulpo albariño vino blanco 750 ml,pricesmart costa rica,11795.0,premium,443.27,449.24
2026-09-21,Vino tinto,3870.0,,0,750.0,3870.0,vino santa cecilia tinto cabernet sauvignon -750 ml,walmart costa rica,3870.0,económico,443.27,449.24
2026-09-21,Vino tinto,5480.0,,0,750.0,5480.0,vino blanco trapiche pinot grigio -750ml,walmart costa rica,5480.0,medio,443.27,449.24
2026-09-21,Vino tinto,10010.0,,0,750.0,10010.0,vino viña maipo classic series cabernet sauvignon -750 ml vendido por walmart patrocinado,walmart costa rica,10010.0,premium,443.27,449.24
2026-09-21,Vino tinto,7500.0,,0,750.0,7500.0,vino fantini montepulciano d abruzzo 1500ml vendido por walmart patrocinado,walmart costa rica,7500.0,medio,443.27,449.24
2026-09-20,Vino rosado,7795.0,,0,750.0,7795.0,soupçon de fruit rosé d'anjou botella de vino rosado 750 ml / 25.4 oz,pricesmart costa rica,7795.0,medio,443.27,449.24
2026-09-21,Vinos general,7360.0,,0,1500.0,7360.0,vino tinto santa cecilia cabernet sauvignon – 1500 ml,walmart costa rica,3680.0,económico,443.27,449.24
2026-09-21,Vinos general,5800.0,,0,750.0,5800.0,frontera cabernet sauvignon 750ml,walmart costa rica,5800.0,medio,443.27,449.24
2026-09-21,Vino tinto,7360.0,,0,1500.0,7360.0,vino santa cecilia merlot - 1500 ml,walmart costa rica,3680.0,económico,443.27,449.24
2026-09-21,Frontera,5770.0,,0,750.0,5770.0,vino blanco frontera chardonnay viñedo protegido por la naturaleza - 750 ml patrocinado,masxmenos costa rica,5770.0,medio,443.27,449.24
2026-09-21,Frontera,6070.0,,0,750.0,6070.0,vino rosado frontera gently bubbly spritzer roses -750 ml patrocinado,masxmenos costa rica,6070.0,medio,443.27,449.24
2026-09-21,Vino blanco,5600.0,,0,750.0,5600.0,vino blanco fantini terre siciliante pinot grigio - 750 ml patrocinado,masxmenos costa rica,5600.0,medio,443.27,449.24
2026-09-21,Vino blanco,3380.0,,0,750.0,3380.0,vino peter brum liebfraulmil blan - 750ml patrocinado,masxmenos costa rica,3380.0,económico,443.27,449.24
2026-09-21,Frontera,6070.0,,0,750.0,6070.0,vino blanco frontera chardonnay viñedo protegido por la naturaleza - 750 ml,masxmenos costa rica,6070.0,medio,443.27,449.24
2026-09-21,Frontera,6070.0,,0,750.0,6070.0,vino frontera blanco sauvignon concha y toro - 750 ml,masxmenos costa rica,6070.0,medio,443.27,449.24
2026-09-21,Frontera,5930.0,,0,750.0,5930.0,vino tinto frontera carmenere viñedo protegido por la naturaleza - 750 ml,masxmenos costa rica,5930.0,medio,443.27,449.24
2026-09-21,Vino rosado,5220.0,,0,750.0,5220.0,vino dulce rosado st. helena – 750 ml,masxmenos costa rica,5220.0,medio,443.27,449.24
2026-09-20,Vino rosado,3970.0,,0,750.0,3970.0,viña esmeralda vino rosado español aroma frutal 750 ml,pricesmart costa rica,3970.0,económico,443.27,449.24
2026-09-20,Vino rosado,5995.0,,0,750.0,5995.0,woodbridge vino rosado zinfandel 750 ml,pricesmart costa rica,5995.0,medio,443.27,449.24
2026-09-21,Vino blanco,11560.0,,0,1500.0,11560.0,vino blanco pasqua pinot grigio -1500ml,masxmenos costa rica,5780.0,medio,443.27,449.24
2026-09-21,Vino blanco,10300.0,,0,750.0,10300.0,navarro col. privada chardonnay 750 ml,masxmenos costa rica,10300.0,premium,443.27,449.24
2026-09-21,Vinos general,9380.0,,0,750.0,9380.0,vino la linda old vines malbec - 750 ml,walmart costa rica,9380.0,medio,443.27,449.24
2026-09-21,Vino blanco,7500.0,,0,1500.0,7500.0,vino maipo blanco chardonnay -1.5 l,masxmenos costa rica,3750.0,económico,443.27,449.24
2026-09-21,Vino blanco,8.3102,,0,1000.0,8.3102,vino clos de pirque blanco - 1000ml patrocinado,masxmenos costa rica,6.23,económico,443.27,449.24
2026-09-21,Frontera,6070.0,,0,750.0,6070.0,vino blanco frontera spritzer chardonnay eldelflower - 750 ml patrocinado,masxmenos costa rica,6070.0,medio,443.27,449.24
2026-09-21,Vino rosado,5220.0,,0,750.0,5220.0,vino mr wild org rose 750 ml patrocinado,masxmenos costa rica,5220.0,medio,443.27,449.24
2026-09-21,Vino rosado,12300.0,,0,750.0,12300.0,vino rose carnivor apothic - 750 ml patrocinado,masxmenos costa rica,12300.0,premium,443.27,449.24
2026-09-21,Vino rosado,5995.0,,0,750.0,5995.0,woodbridge vino rosado zinfandel 750 ml,pricesmart costa rica,5995.0,medio,443.27,449.24
2026-09-21,Vino rosado,13995.0,,0,750.0,13995.0,pasqua 11 minutes vino rosado 750 ml,pricesmart costa rica,13995.0,premium,443.27,449.24
2026-09-22,Vino tinto,4680.0,,0,750.0,4680.0,vino tinto finca las moras malbec con 13.5% vol - 750 ml vendido por walmart patrocinado,walmart costa rica,4680.0,económico,443.27,449.24
2026-09-22,Vino tinto,5830.0,,0,1500.0,5830.0,vino frontera merlot -1500 ml vendido por walmart patrocinado,walmart costa rica,2915.0,económico,443.27,449.24
2026-09-22,Vino tinto,7500.0,,0,750.0,7500.0,vino tinto contenda merlot - 750 ml vendido por walmart patrocinado,walmart costa rica,7500.0,medio,443.27,449.24
2026-09-22,Vino tinto,2580.0,,0,750.0,2580.0,vino viña maipo clasic series merlot - 750 ml vendido por walmart patrocinado,walmart costa rica,2580.0,económico,443.27,449.24
2026-09-21,Vinos general,4240.0,,0,750.0,4240.0,vino undurraga tinto merlot -750 ml,walmart costa rica,4240.0,económico,443.27,449.24
2026-09-21,Vinos general,12140.0,,0,750.0,12140.0,vino tinto protos roble botella - 750 ml,walmart costa rica,12140.0,premium,443.27,449.24
2026-09-21,Vino blanco,8310.0,,0,750.0,8310.0,vino blanco protos verdejo criado sobre lias finas - 750 ml,masxmenos costa rica,8310.0,medio,443.27,449.24
2026-09-21,Vino blanco,6830.0,,0,750.0,6830.0,vino blanco blue nun authentic white- 750ml,masxmenos costa rica,6830.0,medio,443.27,449.24
2026-09-21,Vinos general,3250.0,,0,375.0,3250.0,vino orgánico adobe merlot – 375 ml,walmart costa rica,6500.0,medio,443.27,449.24
2026-09-21,Vino blanco,6110.0,,0,750.0,6110.0,vino blanco fantini terre siciliante pinot grigio - 750 ml,masxmenos costa rica,6110.0,medio,443.27,449.24
2026-09-21,Vino blanco,5600.0,,0,750.0,5600.0,vino peter brum liebfraulmil blan - 750ml,masxmenos costa rica,5600.0,medio,443.27,449.24
2026-09-21,Vinos general,5670.0,,0,750.0,5670.0,vino tarapacá tinto merlot - 750 ml,walmart costa rica,5670.0,medio,443.27,449.24
2026-09-21,Vino tinto,9295.0,,0,750.0,9295.0,baron philippe de rothschild vino tinto cabernet sauvignon 750 ml / 25.36 oz,pricesmart costa rica,9295.0,medio,443.27,449.24
2026-09-21,Vino tinto,9795.0,,0,750.0,9795.0,cantina fiorentino primitivo salento vino tinto 750 ml,pricesmart costa rica,9795.0,medio,443.27,449.24
2026-09-21,Vino rosado,9790.0,,0,2250.0,9790.0,vino rosado trapiche vino trapiche malbec 3x 2250 ml patrocinado,masxmenos costa rica,3263.33,económico,443.27,449.24
2026-09-21,Vino rosado,9200.0,,0,750.0,9200.0,vino rosado ijalba rioja eco -750ml patrocinado,masxmenos costa rica,9200.0,medio,443.27,449.24
2026-09-21,Vino tinto,8795.0,,0,1500.0,8795.0,montepulciano vino tinto de frutos rojos 1.5 l / 51 oz,pricesmart costa rica,4397.5,económico,443.27,449.24
2026-09-21,Vino tinto,15995.0,,0,750.0,15995.0,marqués de riscal vino tinto rioja reserva 750 ml,pricesmart costa rica,15995.0,super premium,443.27,449.24
2026-09-21,Vino tinto,4795.0,,0,750.0,4795.0,legado muñoz vino tinto tempranillo 750 ml / 25.4 oz,pricesmart costa rica,4795.0,económico,443.27,449.24
2026-09-21,Vino tinto,2395.0,,0,750.0,2395.0,loma negra vino tinto merlot 750 ml / 25.4 oz,pricesmart costa rica,2395.0,económico,443.27,449.24
2026-09-21,Vino tinto,4400.0,,0,750.0,4400.0,vino clos dp cabernet tinto sauvignon - 2000ml vendido por walmart patrocinado,walmart costa rica,4400.0,económico,443.27,449.24
2026-09-21,Vino tinto,3340.0,,0,750.0,3340.0,vino frontera frutal tinto de verano manzana naranja - 750 ml vendido por walmart patrocinado,walmart costa rica,3340.0,económico,443.27,449.24
2026-09-21,Vino rosado,5770.0,,0,750.0,5770.0,vino frontera rosado concha y toro chile - 750 ml,masxmenos costa rica,5770.0,medio,443.27,449.24
2026-09-21,Vino rosado,5640.0,,0,750.0,5640.0,vino rosado trapiche vineyards argentino - 750 ml,masxmenos costa rica,5640.0,medio,443.27,449.24
2026-09-21,Vino blanco,6110.0,,0,750.0,6110.0,vino tinto fantini trebbiano d abruzzo -750ml,masxmenos costa rica,6110.0,medio,443.27,449.24
2026-09-21,Vino rosado,5770.0,,0,750.0,5770.0,vino soupcon de fruit rose d'anjou 2020 - 750 ml patrocinado,masxmenos costa rica,5770.0,medio,443.27,449.24
2026-09-21,Vino rosado,4900.0,,0,750.0,4900.0,vino rosado frontera gently bubbly spritzer roses -750 ml patrocinado,masxmenos costa rica,4900.0,económico,443.27,449.24
2026-09-21,Vino tinto,20795.0,,0,2250.0,20795.0,faustino rivero ulecia set vinos rioja 3 unidades / 750 ml,pricesmart costa rica,6931.67,medio,443.27,449.24
2026-09-21,Vino tinto,6795.0,,0,1500.0,6795.0,twin view estates cabernet sauvignon vino tinto 1.5 l,pricesmart costa rica,3397.5,económico,443.27,449.24
2026-09-21,Vino tinto,10995.0,,0,750.0,10995.0,portia roble tempranillo vino tinto 750 ml,pricesmart costa rica,10995.0,premium,443.27,449.24
2026-09-22,Vino tinto,4.6502,,0,750.0,4.6502,vino frontera frutal tinto de verano manzana naranja - 750 ml vendido por walmart patrocinado,walmart costa rica,4.65,económico,443.27,449.24
2026-09-22,Vino tinto,4400.0,,0,750.0,4400.0,vino clos dp cabernet tinto sauvignon - 2000ml vendido por walmart patrocinado,walmart costa rica,4400.0,económico,443.27,449.24
2026-09-22,Vino blanco,8310.0,,0,750.0,8310.0,vino blanco protos verdejo criado sobre lias finas - 750 ml,masxmenos costa rica,8310.0,medio,443.27,449.24
2026-09-22,Vino blanco,2490.0,,0,1000.0,2490.0,vino clos de pirque blanco - 1000ml,masxmenos costa rica,1867.5,económico,443.27,449.24
2026-09-22,Vinos general,13960.0,,0,750.0,13960.0,vino espumoso undurraga brut 750 ml vendido por walmart patrocinado,walmart costa rica,13960.0,premium,443.27,449.24
2026-09-22,Vinos general,6970.0,,0,750.0,6970.0,vino torres celeste roble tinto - 750 ml vendido por walmart patrocinado,walmart costa rica,6970.0,medio,443.27,449.24
2026-09-21,Vino blanco,5210.0,,0,750.0,5210.0,vino blanco tarapacá pinot grigio - 750 ml,masxmenos costa rica,5210.0,medio,443.27,449.24
2026-09-21,Vino blanco,8600.0,,0,750.0,8600.0,vino marina alta blanco 00 - 750 ml,masxmenos costa rica,8600.0,medio,443.27,449.24
2026-09-21,Vino rosado,3250.0,,0,375.0,3250.0,vino orgánico adobe rosé – 375 ml,masxmenos costa rica,6500.0,medio,443.27,449.24
2026-09-21,Vino rosado,11180.0,,0,750.0,11180.0,vino mr wild org rose 750 ml,masxmenos costa rica,11180.0,premium,443.27,449.24
2026-09-21,Vino blanco,2530.0,,0,1000.0,2530.0,vino don simón premium selección chardonnay - 1000 ml,masxmenos costa rica,1897.5,económico,443.27,449.24
2026-09-21,Vino rosado,14590.0,,0,750.0,14590.0,vino rose carnivor apothic - 750 ml,masxmenos costa rica,14590.0,premium,443.27,449.24
2026-09-21,Vino rosado,12300.0,,0,2250.0,12300.0,vino rosado trapiche vino trapiche malbec 3x 2250 ml,masxmenos costa rica,4100.0,económico,443.27,449.24
2026-09-21,Vino blanco,6830.0,,0,750.0,6830.0,vino blanco protos verdejo criado sobre lias finas - 750 ml patrocinado,masxmenos costa rica,6830.0,medio,443.27,449.24
2026-09-21,Vino rosado,12470.0,,0,750.0,12470.0,the beach by whispering angel vino rosado francés 750 ml,pricesmart costa rica,12470.0,premium,443.27,449.24
2026-09-21,Vino rosado,7795.0,,0,750.0,7795.0,soupçon de fruit rosé d'anjou botella de vino rosado 750 ml / 25.4 oz,pricesmart costa rica,7795.0,medio,443.27,449.24
2026-09-21,Vino tinto,6495.0,,0,750.0,6495.0,caliterra reserva vino tinto cabernet sauvignon 750 ml,pricesmart costa rica,6495.0,medio,443.27,449.24
2026-09-21,Vino tinto,5495.0,,0,750.0,5495.0,finca las moras botella de vino tinto malbec suave al paladar 750 ml / 25.4 oz,pricesmart costa rica,5495.0,medio,443.27,449.24
2026-09-22,Vino tinto,10010.0,,0,750.0,10010.0,vino fantini montepulciano d abruzzo 1500ml,walmart costa rica,10010.0,premium,443.27,449.24
2026-09-22,Vino tinto,3340.0,,0,750.0,3340.0,vino viña maipo classic series cabernet sauvignon -750 ml,walmart costa rica,3340.0,económico,443.27,449.24
2026-09-22,Vino tinto,4650.0,,0,1000.0,4650.0,2 pack sangria peñasol tinta -1000ml,walmart costa rica,3487.5,económico,443.27,449.24
2026-09-22,Vino tinto,4400.0,,0,750.0,4400.0,vino frontera frutal tinto de verano manzana naranja - 750 ml,walmart costa rica,4400.0,económico,443.27,449.24
2026-09-21,Vinos general,20760.0,,0,1125.0,20760.0,vino viñas del tango malbec - 1125 ml vendido por walmart patrocinado,walmart costa rica,13840.0,premium,443.27,449.24
2026-09-21,Vino blanco,2490.0,,0,1000.0,2490.0,vino clos de pirque blanco - 1000ml,masxmenos costa rica,1867.5,económico,443.27,449.24
2026-09-22,Vino tinto,7500.0,,0,1500.0,7500.0,vino frontera merlot -1500 ml,walmart costa rica,3750.0,económico,443.27,449.24
2026-09-22,Vino tinto,2580.0,,0,750.0,2580.0,vino tinto contenda merlot - 750 ml,walmart costa rica,2580.0,económico,443.27,449.24
2026-09-21,Vino rosado,8020.0,,0,750.0,8020.0,vino marques de caceres rosado rioja - 750ml patrocinado,masxmenos costa rica,8020.0,medio,443.27,449.24
2026-09-22,Vino tinto,2300.0,,0,1000.0,2300.0,vino clos de pirque cabernet sauvignon - 1000ml,walmart costa rica,1725.0,económico,443.27,449.24
2026-09-22,Vino tinto,2500.0,,0,1000.0,2500.0,vino clos de pirque tinto merlot - 1000ml,walmart costa rica,1875.0,económico,443.27,449.24
2026-09-21,Vino rosado,5795.0,,0,750.0,5795.0,astoria prosecco rosé vino rosado 750 ml / 25.4 oz,pricesmart costa rica,5795.0,medio,443.27,449.24
2026-09-22,Vino tinto,5480.0,,0,750.0,5480.0,vino blanco trapiche pinot grigio -750ml,walmart costa rica,5480.0,medio,443.27,449.24
2026-09-22,Vino tinto,3870.0,,0,750.0,3870.0,vino santa cecilia tinto cabernet sauvignon -750 ml,walmart costa rica,3870.0,económico,443.27,449.24
2026-09-22,Vino blanco,2530.0,,0,1000.0,2530.0,vino don simón premium selección chardonnay - 1000 ml,masxmenos costa rica,1897.5,económico,443.27,449.24
2026-09-22,Vino blanco,6830.0,,0,750.0,6830.0,vino blanco blue nun authentic white- 750ml,masxmenos costa rica,6830.0,medio,443.27,449.24
2026-09-22,Vino rosado,3250.0,,0,375.0,3250.0,vino orgánico adobe rosé – 375 ml,masxmenos costa rica,6500.0,medio,443.27,449.24
2026-09-22,Vino rosado,8020.0,,0,750.0,8020.0,vino soupcon de fruit rose d&apos;anjou 2020 - 750 ml,masxmenos costa rica,8020.0,medio,443.27,449.24
2026-09-22,Vino rosado,5770.0,,0,750.0,5770.0,vino rosado frontera gently bubbly spritzer roses -750 ml,masxmenos costa rica,5770.0,medio,443.27,449.24
2026-09-22,Vino rosado,8810.0,,0,750.0,8810.0,vino marques de caceres rosado rioja - 750ml,masxmenos costa rica,8810.0,medio,443.27,449.24
2026-09-21,Vino rosado,5200.0,,0,750.0,5200.0,vino cavicchioli lambrusco rosato dulce - 750 ml,masxmenos costa rica,5200.0,medio,443.27,449.24
2026-09-21,Vino rosado,10810.0,,0,750.0,10810.0,vino rosado canti prosecco - 750 ml,masxmenos costa rica,10810.0,premium,443.27,449.24
2026-09-21,Frontera,5930.0,,0,750.0,5930.0,frontera cabernet sauvignon 750ml,masxmenos costa rica,5930.0,medio,443.27,449.24
2026-09-21,Frontera,8940.0,,0,750.0,8940.0,vino frontera chardonnay - 1500ml,masxmenos costa rica,8940.0,medio,443.27,449.24
2026-09-21,Vino rosado,4400.0,,0,750.0,4400.0,frontera frutal pink paradise 750ml,masxmenos costa rica,4400.0,económico,443.27,449.24
2026-09-21,Frontera,4400.0,,0,750.0,4400.0,vino frontera frutal tropical mango maracuyá - 750 ml,masxmenos costa rica,4400.0,económico,443.27,449.24
2026-09-21,Frontera,4200.0,,0,750.0,4200.0,"vinos sub-categoría vino tinto vino blanco vino rosado departamento cervezas, vinos y licores rebaja exclusiva en línea rangos de precio",masxmenos costa rica,4200.0,económico,443.27,449.24
2026-09-21,Vino rosado,11180.0,,0,375.0,11180.0,vino orgánico adobe rosé – 375 ml patrocinado,masxmenos costa rica,22360.0,super premium,443.27,449.24
2026-09-22,Vinos general,4740.0,,0,750.0,4740.0,vino misiones rengo cabernet 750 ml,walmart costa rica,4740.0,económico,443.27,449.24
2026-09-22,Vinos general,11150.0,,0,750.0,11150.0,vino mr wild chardonnay 750 ml,walmart costa rica,11150.0,premium,443.27,449.24
2026-09-22,Vino tinto,6510.0,,0,3000.0,6510.0,2 pack sangría don simon -3000ml,walmart costa rica,1627.5,económico,443.27,449.24
2026-09-22,Vino tinto,3830.0,,0,750.0,3830.0,vino tinto teber dulce - 750ml,walmart costa rica,3830.0,económico,443.27,449.24
2026-09-22,Vinos general,4820.0,,0,750.0,4820.0,vino tinto albali pinot grigio -750ml,walmart costa rica,4820.0,económico,443.27,449.24
2026-09-22,Vinos general,8000.0,,0,1125.0,8000.0,vino viñas del tango malbec - 1125 ml,walmart costa rica,5333.33,medio,443.27,449.24
2026-09-22,Vinos general,5670.0,,0,750.0,5670.0,vino pata negra valdepenas crianza - 750 ml,walmart costa rica,5670.0,medio,443.27,449.24
2026-09-22,Vinos general,5000.0,,0,750.0,5000.0,vino tinto trapiche vineyards malbec - 750 ml,walmart costa rica,5000.0,económico,443.27,449.24
2026-09-21,Vino rosado,8020.0,,0,750.0,8020.0,vino soupcon de fruit rose d&apos;anjou 2020 - 750 ml,masxmenos costa rica,8020.0,medio,443.27,449.24
2026-09-21,Vino rosado,5770.0,,0,750.0,5770.0,vino rosado frontera gently bubbly spritzer roses -750 ml,masxmenos costa rica,5770.0,medio,443.27,449.24
2026-09-22,Vinos general,10000.0,,0,750.0,10000.0,vino torres celeste roble tinto - 750 ml,walmart costa rica,10000.0,medio,443.27,449.24
2026-09-22,Vinos general,7360.0,,0,1500.0,7360.0,vino tinto santa cecilia cabernet sauvignon – 1500 ml,walmart costa rica,3680.0,económico,443.27,449.24
2026-09-22,Vino tinto,3340.0,,0,750.0,3340.0,vino viña maipo clasic series merlot - 750 ml,walmart costa rica,3340.0,económico,443.27,449.24
2026-09-22,Vinos general,3250.0,,0,375.0,3250.0,vino orgánico adobe merlot – 375 ml,walmart costa rica,6500.0,medio,443.27,449.24
2026-09-22,Vinos general,4400.0,,0,750.0,4400.0,frontera frutal pink paradise 750ml,walmart costa rica,4400.0,económico,443.27,449.24
2026-09-22,Vinos general,7970.0,,0,750.0,7970.0,vino tinto santa rita 120 carmenere - 750ml,walmart costa rica,7970.0,medio,443.27,449.24
2026-09-22,Vinos general,12140.0,,0,750.0,12140.0,vino tinto protos roble botella - 750 ml,walmart costa rica,12140.0,premium,443.27,449.24
2026-09-22,Vinos general,5120.0,,0,750.0,5120.0,vino tinto undurraga cabernet - 750 ml,walmart costa rica,5120.0,medio,443.27,449.24
2026-09-22,Vino rosado,4400.0,,0,750.0,4400.0,frontera frutal pink paradise 750ml,masxmenos costa rica,4400.0,económico,443.27,449.24
2026-09-22,Vino rosado,11180.0,,0,750.0,11180.0,vino mr wild org rose 750 ml,masxmenos costa rica,11180.0,premium,443.27,449.24
2026-09-22,Frontera,5930.0,,0,750.0,5930.0,frontera cabernet sauvignon 750ml,masxmenos costa rica,5930.0,medio,443.27,449.24
2026-09-22,Frontera,9380.0,,0,1500.0,9380.0,vino frontera tinto concha y toro cabernet - 1500 ml,masxmenos costa rica,4690.0,económico,443.27,449.24
2026-09-22,Frontera,5930.0,,0,750.0,5930.0,vino frontera concha y toro merlot - 750ml,masxmenos costa rica,5930.0,medio,443.27,449.24
2026-09-22,Frontera,7500.0,,0,1500.0,7500.0,vino frontera merlot -1500 ml,masxmenos costa rica,3750.0,económico,443.27,449.24
2026-09-22,Vino tinto,4680.0,,0,750.0,4680.0,vino clos dp cabernet tinto sauvignon - 2000ml,walmart costa rica,4680.0,económico,443.27,449.24
2026-09-22,Vino tinto,5830.0,,0,750.0,5830.0,vino tinto finca las moras malbec con 13.5% vol - 750 ml,walmart costa rica,5830.0,medio,443.27,449.24
2026-09-21,Vino tinto,12995.0,,0,750.0,12995.0,catena vista flores vino tinto malbec 750 ml,pricesmart costa rica,12995.0,premium,443.27,449.24
2026-09-21,Vino tinto,11495.0,,0,750.0,11495.0,ramon bilbao vino tinto crianza 750 ml,pricesmart costa rica,11495.0,premium,443.27,449.24
2026-09-21,Frontera,9120.0,,0,1500.0,9120.0,vino blanco frontera sauvignon blanc - 1500 ml,masxmenos costa rica,4560.0,económico,443.27,449.24
2026-09-21,Vino tinto,4995.0,,0,750.0,4995.0,real compañia vino tinto tempranillo botella de 750 ml / 25.4 oz,pricesmart costa rica,4995.0,económico,443.27,449.24
2026-09-21,Vino tinto,15495.0,,0,750.0,15495.0,muga vino tinto español el anden de la estación 750 ml,pricesmart costa rica,15495.0,super premium,443.27,449.24
2026-09-21,Vino tinto,7295.0,,0,1500.0,7295.0,frontera merlot vino tinto chileno botella de 1.5 l / 51 oz,pricesmart costa rica,3647.5,económico,443.27,449.24
2026-09-22,Vino blanco,5600.0,,0,750.0,5600.0,vino peter brum liebfraulmil blan - 750ml,masxmenos costa rica,5600.0,medio,443.27,449.24
2026-09-22,Vino blanco,6110.0,,0,750.0,6110.0,vino blanco fantini terre siciliante pinot grigio - 750 ml,masxmenos costa rica,6110.0,medio,443.27,449.24
2026-09-22,Vinos general,20760.0,,0,750.0,20760.0,"vino rosado b &amp; g cotes de provence, 2 pack -750 ml",walmart costa rica,20760.0,super premium,443.27,449.24
2026-09-22,Vinos general,6300.0,,0,750.0,6300.0,vino beringer zinfandel rosado - 750ml,walmart costa rica,6300.0,medio,443.27,449.24
2026-09-22,Vino blanco,6110.0,,0,750.0,6110.0,vino tinto fantini trebbiano d abruzzo -750ml,masxmenos costa rica,6110.0,medio,443.27,449.24
2026-09-22,Vino blanco,11560.0,,0,1500.0,11560.0,vino blanco pasqua pinot grigio -1500ml,masxmenos costa rica,5780.0,medio,443.27,449.24
2026-09-22,Vino blanco,5210.0,,0,750.0,5210.0,vino blanco tarapacá pinot grigio - 750 ml,masxmenos costa rica,5210.0,medio,443.27,449.24
2026-09-22,Vino blanco,8600.0,,0,750.0,8600.0,vino marina alta blanco 00 - 750 ml,masxmenos costa rica,8600.0,medio,443.27,449.24
2026-09-21,Frontera,5930.0,,0,750.0,5930.0,vino frontera concha y toro merlot - 750ml,masxmenos costa rica,5930.0,medio,443.27,449.24
2026-09-21,Frontera,9380.0,,0,1500.0,9380.0,vino frontera tinto concha y toro cabernet - 1500 ml,masxmenos costa rica,4690.0,económico,443.27,449.24
2026-09-22,Vino blanco,7040.0,,0,750.0,7040.0,vino blanco carmen frida sauvignon blanc – 750 ml,masxmenos costa rica,7040.0,medio,443.27,449.24
2026-09-22,Vino blanco,4730.0,,0,750.0,4730.0,vino sta rita 3 med bco sauvig 750 ml,masxmenos costa rica,4730.0,económico,443.27,449.24
2026-09-22,Vinos general,5800.0,,0,750.0,5800.0,frontera cabernet sauvignon 750ml,walmart costa rica,5800.0,medio,443.27,449.24
2026-09-22,Vino blanco,3250.0,,0,375.0,3250.0,vino adobe chardonnay orgánico -375 ml,masxmenos costa rica,6500.0,medio,443.27,449.24
2026-09-22,Vino blanco,8020.0,,0,750.0,8020.0,vino marques de caceres blanco 750ml,masxmenos costa rica,8020.0,medio,443.27,449.24
2026-09-22,Vino blanco,3380.0,,0,750.0,3380.0,vino maipo sauvignon blanco clasic series -750 ml,masxmenos costa rica,3380.0,económico,443.27,449.24
2026-09-22,Vino blanco,8.3102,,0,1000.0,8.3102,vino clos de pirque blanco - 1000ml patrocinado,masxmenos costa rica,6.23,económico,443.27,449.24
2026-09-22,Vino blanco,8960.0,,0,750.0,8960.0,vino blanco trivento malbec reserva 2022 - 750 ml,masxmenos costa rica,8960.0,medio,443.27,449.24
2026-09-22,Frontera,9120.0,,0,1500.0,9120.0,vino blanco frontera sauvignon blanc - 1500 ml,masxmenos costa rica,4560.0,económico,443.27,449.24
2026-09-22,Frontera,8940.0,,0,750.0,8940.0,vino frontera chardonnay - 1500ml,masxmenos costa rica,8940.0,medio,443.27,449.24
2026-09-22,Vino tinto,13795.0,,0,3000.0,13795.0,carlo rossi vino tinto cuerpo medio 3 l / 101.4 oz,pricesmart costa rica,3448.75,económico,443.27,449.24
2026-09-22,Vino tinto,20795.0,,0,2250.0,20795.0,faustino rivero ulecia set vinos rioja 3 unidades / 750 ml,pricesmart costa rica,6931.67,medio,443.27,449.24
2026-09-22,Vino tinto,7495.0,,0,750.0,7495.0,santa rita 120 reserva especial vino tinto 4 unidades / 187.5 ml / 6.3 oz,pricesmart costa rica,7495.0,medio,443.27,449.24
2026-09-22,Vino tinto,7495.0,,0,750.0,7495.0,alamos vino tinto malbec 750 ml,pricesmart costa rica,7495.0,medio,443.27,449.24
2026-09-22,Vinos general,13960.0,,0,750.0,13960.0,vino tinto robert mondavi mondavi cabernet sauvignon - 750 ml,walmart costa rica,13960.0,premium,443.27,449.24
2026-09-22,Vinos general,5970.0,,0,750.0,5970.0,vino espumoso undurraga brut 750 ml,walmart costa rica,5970.0,medio,443.27,449.24
2026-09-22,Vino tinto,10280.0,,0,750.0,10280.0,vino tinto torres ramon bilbao crianza - 750ml,walmart costa rica,10280.0,premium,443.27,449.24
2026-09-22,Vino tinto,9930.0,,0,750.0,9930.0,vino blanco marques de riscal verdejo - 750 ml,walmart costa rica,9930.0,medio,443.27,449.24
2026-09-21,Vino tinto,10495.0,,0,750.0,10495.0,m. chapoutier vino tinto côtes du rhône 750 ml / 25.36 oz,pricesmart costa rica,10495.0,premium,443.27,449.24
2026-09-22,Vino tinto,11500.0,,0,750.0,11500.0,vino tinto luigi bosca malbec - 750 ml,walmart costa rica,11500.0,premium,443.27,449.24
2026-09-22,Vino tinto,3250.0,,0,375.0,3250.0,vino orgánico adobe cabernet sauvignon - 375 ml,walmart costa rica,6500.0,medio,443.27,449.24
2026-09-22,Vino tinto,2590.0,,0,1000.0,2590.0,vino tinto don simón premium cabernet - 1 l,walmart costa rica,1942.5,económico,443.27,449.24
2026-09-22,Vino rosado,12300.0,,0,2250.0,12300.0,vino rosado trapiche vino trapiche malbec 3x 2250 ml,masxmenos costa rica,4100.0,económico,443.27,449.24
2026-09-22,Vino rosado,14590.0,,0,750.0,14590.0,vino rose carnivor apothic - 750 ml,masxmenos costa rica,14590.0,premium,443.27,449.24
2026-09-22,Vino blanco,7500.0,,0,1500.0,7500.0,vino maipo blanco chardonnay -1.5 l,masxmenos costa rica,3750.0,económico,443.27,449.24
2026-09-22,Vino blanco,10300.0,,0,750.0,10300.0,navarro col. privada chardonnay 750 ml,masxmenos costa rica,10300.0,premium,443.27,449.24
2026-09-22,Vino rosado,5640.0,,0,750.0,5640.0,vino rosado trapiche vineyards argentino - 750 ml,masxmenos costa rica,5640.0,medio,443.27,449.24
2026-09-22,Vino rosado,5770.0,,0,750.0,5770.0,vino frontera rosado concha y toro chile - 750 ml,masxmenos costa rica,5770.0,medio,443.27,449.24
2026-09-22,Vino rosado,10810.0,,0,750.0,10810.0,vino rosado canti prosecco - 750 ml,masxmenos costa rica,10810.0,premium,443.27,449.24
2026-09-22,Vino rosado,5220.0,,0,750.0,5220.0,vino dulce rosado st. helena – 750 ml,masxmenos costa rica,5220.0,medio,443.27,449.24
2026-09-21,Vino tinto,7495.0,,0,750.0,7495.0,santa rita 120 reserva especial vino tinto 4 unidades / 187.5 ml / 6.3 oz,pricesmart costa rica,7495.0,medio,443.27,449.24
2026-09-21,Vino tinto,13795.0,,0,3000.0,13795.0,carlo rossi vino tinto cuerpo medio 3 l / 101.4 oz,pricesmart costa rica,3448.75,económico,443.27,449.24
2026-09-22,Vino rosado,8730.0,,0,750.0,8730.0,vino trivento reserva malbec rosado - 750 ml,masxmenos costa rica,8730.0,medio,443.27,449.24
2026-09-22,Vino rosado,9200.0,,0,750.0,9200.0,vino laudum chardonnay - 750 ml,masxmenos costa rica,9200.0,medio,443.27,449.24
2026-09-22,Vino blanco,2600.0,,0,750.0,2600.0,vino contenda sauvignon blanc - 750 ml,masxmenos costa rica,2600.0,económico,443.27,449.24
2026-09-22,Vino rosado,9810.0,,0,750.0,9810.0,vino les jamelles petite rosado - 750 ml,masxmenos costa rica,9810.0,medio,443.27,449.24
2026-09-22,Vino rosado,12700.0,,0,750.0,12700.0,vino làudum gran reserva - 750 ml,masxmenos costa rica,12700.0,premium,443.27,449.24
2026-09-22,Vino rosado,9790.0,,0,750.0,9790.0,vino rosado ijalba rioja eco -750ml,masxmenos costa rica,9790.0,medio,443.27,449.24
2026-09-22,Vino rosado,4900.0,,0,750.0,4900.0,vino soupcon de fruit rose d'anjou 2020 - 750 ml patrocinado,masxmenos costa rica,4900.0,económico,443.27,449.24
2026-09-22,Vino rosado,8020.0,,0,750.0,8020.0,vino rosado frontera gently bubbly spritzer roses -750 ml patrocinado,masxmenos costa rica,8020.0,medio,443.27,449.24
2026-09-22,Vino tinto,10495.0,,0,750.0,10495.0,m. chapoutier vino tinto côtes du rhône 750 ml / 25.36 oz,pricesmart costa rica,10495.0,premium,443.27,449.24
2026-09-22,Vino tinto,12995.0,,0,750.0,12995.0,catena vista flores vino tinto malbec 750 ml,pricesmart costa rica,12995.0,premium,443.27,449.24
2026-09-22,Vino blanco,7995.0,,0,750.0,7995.0,casal garcía vino blanco vinho verde 750 ml,pricesmart costa rica,7995.0,medio,443.27,449.24
2026-09-22,Vino blanco,5495.0,,0,750.0,5495.0,las moras pinot grigio vino blanco botella de 750 ml / 25.4 oz,pricesmart costa rica,5495.0,medio,443.27,449.24
2026-09-22,Vino blanco,5495.0,,0,750.0,5495.0,casal mendes vino verde 750 ml / 25.4 oz,pricesmart costa rica,5495.0,medio,443.27,449.24
2026-09-22,Vino blanco,11795.0,,0,750.0,11795.0,pulpo albariño vino blanco 750 ml,pricesmart costa rica,11795.0,premium,443.27,449.24
2026-09-22,Vino blanco,16600.0,,0,750.0,16600.0,vino luigi bosca de sangre - 750 ml,masxmenos costa rica,16600.0,super premium,443.27,449.24
2026-09-22,Vino blanco,5910.0,,0,750.0,5910.0,vino blanco frontera spritzer chardonnay eldelflower - 750 ml,masxmenos costa rica,5910.0,medio,443.27,449.24
2026-09-22,Vinos general,5200.0,,0,750.0,5200.0,vino tinto santa rita 120 carmenere - 750ml vendido por walmart patrocinado,walmart costa rica,5200.0,medio,443.27,449.24
2026-09-22,Vinos general,7970.0,,0,750.0,7970.0,vino misiones rengo cabernet 750 ml vendido por walmart patrocinado,walmart costa rica,7970.0,medio,443.27,449.24
2026-09-22,Vino tinto,7500.0,,0,1500.0,7500.0,vino viña maipo varietal merlot 1.5l,walmart costa rica,3750.0,económico,443.27,449.24
2026-09-22,Vinos general,9000.0,,0,750.0,9000.0,vino tinto byg merlot reserve - 750ml,walmart costa rica,9000.0,medio,443.27,449.24
2026-09-22,Vinos general,4300.0,,0,750.0,4300.0,vino riunite blanco melocotón - 750 ml,walmart costa rica,4300.0,económico,443.27,449.24
2026-09-22,Vinos general,4240.0,,0,750.0,4240.0,vino undurraga tinto merlot -750 ml,walmart costa rica,4240.0,económico,443.27,449.24
2026-09-22,Frontera,4200.0,,0,750.0,4200.0,"vinos sub-categoría vino tinto vino blanco vino rosado departamento cervezas, vinos y licores rebaja exclusiva en línea rangos de precio",masxmenos costa rica,4200.0,económico,443.27,449.24
2026-09-22,Frontera,4400.0,,0,750.0,4400.0,vino frontera frutal tropical mango maracuyá - 750 ml,masxmenos costa rica,4400.0,económico,443.27,449.24
2026-09-22,Vino rosado,5770.0,,0,750.0,5770.0,vino marques de caceres rosado rioja - 750ml patrocinado,masxmenos costa rica,5770.0,medio,443.27,449.24
2026-09-22,Vino rosado,8670.0,,0,750.0,8670.0,vino rosado cune bailarina 750mlx6,masxmenos costa rica,8670.0,medio,443.27,449.24
2026-09-22,Vino tinto,9295.0,,0,750.0,9295.0,marques caceres crianza vino tinto 750 ml / 25.4 oz,pricesmart costa rica,9295.0,medio,443.27,449.24
2026-09-22,Vino tinto,6795.0,,0,3000.0,6795.0,clos de pirque vino tinto cabernet sauvignon 3 unidades / 1 l,pricesmart costa rica,1698.75,económico,443.27,449.24
2026-09-22,Vino tinto,5795.0,,0,750.0,5795.0,rioja próximo tempranillo vino tinto 750 ml / 25.4 oz,pricesmart costa rica,5795.0,medio,443.27,449.24
2026-09-22,Vino tinto,2395.0,,0,750.0,2395.0,loma negra vino tinto merlot 750 ml / 25.4 oz,pricesmart costa rica,2395.0,económico,443.27,449.24
2026-09-22,Vino tinto,3340.0,,0,1000.0,3340.0,vino clos de pirque cabernet sauvignon - 1000ml vendido por walmart patrocinado,walmart costa rica,2505.0,económico,443.27,449.24
2026-09-22,Vino tinto,2300.0,,0,1000.0,2300.0,vino clos de pirque tinto merlot - 1000ml vendido por walmart patrocinado,walmart costa rica,1725.0,económico,443.27,449.24
2026-09-22,Frontera,7500.0,,0,750.0,7500.0,vino frontera rosado concha y toro chile - 750 ml patrocinado,masxmenos costa rica,7500.0,medio,443.27,449.24
2026-09-22,Frontera,5770.0,,0,750.0,5770.0,vino tinto frontera carmenere viñedo protegido por la naturaleza - 750 ml patrocinado,masxmenos costa rica,5770.0,medio,443.27,449.24
2026-09-22,Vino rosado,11200.0,,0,750.0,11200.0,vino làudum barrica - 750 ml,masxmenos costa rica,11200.0,premium,443.27,449.24
2026-09-22,Frontera,6070.0,,0,750.0,6070.0,vino rosado frontera gently bubbly spritzer roses -750 ml patrocinado,masxmenos costa rica,6070.0,medio,443.27,449.24
2026-09-22,Frontera,5770.0,,0,750.0,5770.0,vino blanco frontera chardonnay viñedo protegido por la naturaleza - 750 ml patrocinado,masxmenos costa rica,5770.0,medio,443.27,449.24
2026-09-22,Frontera,6070.0,,0,750.0,6070.0,vino blanco frontera spritzer chardonnay eldelflower - 750 ml patrocinado,masxmenos costa rica,6070.0,medio,443.27,449.24
2026-09-22,Vino tinto,8795.0,,0,750.0,8795.0,hacienda lópez de haro vino crianza 750 ml,pricesmart costa rica,8795.0,medio,443.27,449.24
2026-09-22,Vino tinto,5495.0,,0,750.0,5495.0,manischewitz concord grape vino tinto 750 ml / 25.36 oz,pricesmart costa rica,5495.0,medio,443.27,449.24
2026-09-22,Vino rosado,8795.0,,0,750.0,8795.0,les jamelles vino rosado francés 750 ml / 25.36 oz,pricesmart costa rica,8795.0,medio,443.27,449.24
2026-09-22,Vino blanco,9495.0,,0,750.0,9495.0,gemma di luna pinot grigio vino blanco 750 ml,pricesmart costa rica,9495.0,medio,443.27,449.24
2026-09-23,Vino tinto,7500.0,,0,1500.0,7500.0,vino viña maipo varietal merlot 1.5l,walmart costa rica,3750.0,económico,445.27,450.0
2026-09-23,Vino tinto,11500.0,,0,750.0,11500.0,vino tinto luigi bosca malbec - 750 ml,walmart costa rica,11500.0,premium,445.27,450.0
2026-09-23,Vino tinto,3250.0,,0,375.0,3250.0,vino orgánico adobe cabernet sauvignon - 375 ml,walmart costa rica,6500.0,medio,445.27,450.0
2026-09-23,Vino tinto,2590.0,,0,1000.0,2590.0,vino tinto don simón premium cabernet - 1 l,walmart costa rica,1942.5,económico,445.27,450.0
2026-09-22,Vino rosado,5950.0,,0,750.0,5950.0,vino spritz ice giacobazzi - 750 ml,masxmenos costa rica,5950.0,medio,443.27,449.24
2026-09-22,Vino rosado,14300.0,,0,750.0,14300.0,vino planeta la segreta bianco - 750 ml,masxmenos costa rica,14300.0,premium,443.27,449.24
2026-09-22,Vino blanco,8020.0,,0,750.0,8020.0,vino maipo sauvignon blanco clasic series -750 ml patrocinado,masxmenos costa rica,8020.0,medio,443.27,449.24
2026-09-22,Vino blanco,3380.0,,0,750.0,3380.0,vino peter brum liebfraulmil blan - 750ml patrocinado,masxmenos costa rica,3380.0,económico,443.27,449.24
2026-09-22,Vinos general,4.7402,,0,750.0,4.7402,vino mr wild chardonnay 750 ml vendido por walmart patrocinado,walmart costa rica,4.74,económico,443.27,449.24
2026-09-22,Vino blanco,6110.0,,0,1000.0,6110.0,vino don simón premium selección chardonnay - 1000 ml patrocinado,masxmenos costa rica,4582.5,económico,443.27,449.24
2026-09-22,Vino blanco,2530.0,,0,750.0,2530.0,vino blanco blue nun authentic white- 750ml patrocinado,masxmenos costa rica,2530.0,económico,443.27,449.24
2026-09-22,Vino blanco,6830.0,,0,750.0,6830.0,vino blanco protos verdejo criado sobre lias finas - 750 ml patrocinado,masxmenos costa rica,6830.0,medio,443.27,449.24
2026-09-22,Vino tinto,9795.0,,0,750.0,9795.0,cantina fiorentino primitivo salento vino tinto 750 ml,pricesmart costa rica,9795.0,medio,443.27,449.24
2026-09-22,Vino tinto,11495.0,,0,750.0,11495.0,ramon bilbao vino tinto crianza 750 ml,pricesmart costa rica,11495.0,premium,443.27,449.24
2026-09-22,Vino tinto,8795.0,,0,750.0,8795.0,cune vino tinto crianza rioja 750 ml / 25.36 oz,pricesmart costa rica,8795.0,medio,443.27,449.24
2026-09-22,Vino tinto,9495.0,,0,750.0,9495.0,apothic vino tinto 750 ml / 25.4 oz,pricesmart costa rica,9495.0,medio,443.27,449.24
2026-09-22,Vino tinto,20995.0,,0,750.0,20995.0,pulenta estate malbec vino tinto 750 ml,pricesmart costa rica,20995.0,super premium,443.27,449.24
2026-09-22,Vino tinto,6495.0,,0,750.0,6495.0,santa rita 120 carmenere vino tinto 750 ml,pricesmart costa rica,6495.0,medio,443.27,449.24
2026-09-22,Vino tinto,7670.0,,0,750.0,7670.0,douce nature vino tinto pinot noir orgánico 750 ml / 25.36 oz,pricesmart costa rica,7670.0,medio,443.27,449.24
2026-09-22,Vino tinto,11995.0,,0,750.0,11995.0,pasqua zin primitivo vino tinto 750 ml,pricesmart costa rica,11995.0,premium,443.27,449.24
2026-09-22,Vinos general,13050.0,,0,1500.0,13050.0,vino tinto santa cecilia cabernet sauvignon – 1500 ml vendido por walmart patrocinado,walmart costa rica,6525.0,medio,443.27,449.24
2026-09-22,Vinos general,5800.0,,0,375.0,5800.0,vino orgánico adobe merlot – 375 ml vendido por walmart patrocinado,walmart costa rica,11600.0,premium,443.27,449.24
2026-09-22,Vino tinto,9795.0,,0,750.0,9795.0,el coto crianza rioja vino tinto tempranillo 750 ml,pricesmart costa rica,9795.0,medio,443.27,449.24
2026-09-22,Vino tinto,8495.0,,0,750.0,8495.0,ruffino vino tinto chianti classico 750 ml / 25.36 oz,pricesmart costa rica,8495.0,medio,443.27,449.24
2026-09-22,Frontera,5930.0,,0,750.0,5930.0,vino frontera blanco sauvignon concha y toro - 750 ml patrocinado,masxmenos costa rica,5930.0,medio,443.27,449.24
2026-09-22,Vino tinto,15495.0,,0,750.0,15495.0,muga vino tinto español el anden de la estación 750 ml,pricesmart costa rica,15495.0,super premium,443.27,449.24
2026-09-22,Vino tinto,9295.0,,0,750.0,9295.0,baron philippe de rothschild vino tinto cabernet sauvignon 750 ml / 25.36 oz,pricesmart costa rica,9295.0,medio,443.27,449.24
2026-09-22,Vino tinto,4995.0,,0,750.0,4995.0,real compañia vino tinto tempranillo botella de 750 ml / 25.4 oz,pricesmart costa rica,4995.0,económico,443.27,449.24
2026-09-22,Vino tinto,5995.0,,0,750.0,5995.0,misiones de rengo vino tinto cabernet sauvignon 750 ml / 25.36 oz,pricesmart costa rica,5995.0,medio,443.27,449.24
2026-09-22,Vino tinto,9470.0,,0,750.0,9470.0,montecillo rioja crianza vino tinto 750 ml,pricesmart costa rica,9470.0,medio,443.27,449.24
2026-09-23,Vino tinto,2300.0,,0,1000.0,2300.0,vino clos de pirque tinto merlot - 1000ml vendido por walmart patrocinado,walmart costa rica,1725.0,económico,445.27,450.0
2026-09-23,Vino tinto,9930.0,,0,750.0,9930.0,vino blanco marques de riscal verdejo - 750 ml,walmart costa rica,9930.0,medio,445.27,450.0
2026-09-23,Vinos general,11150.0,,0,750.0,11150.0,vino casillero del diablo chardonnay - 750ml vendido por walmart patrocinado,walmart costa rica,11150.0,premium,445.27,450.0
2026-09-23,Vinos general,4300.0,,0,750.0,4300.0,vino riunite blanco melocotón - 750 ml,walmart costa rica,4300.0,económico,445.27,450.0
2026-09-23,Vinos general,4240.0,,0,750.0,4240.0,vino undurraga tinto merlot -750 ml,walmart costa rica,4240.0,económico,445.27,450.0
2026-09-23,Vinos general,12140.0,,0,750.0,12140.0,vino tinto protos roble botella - 750 ml,walmart costa rica,12140.0,premium,445.27,450.0
2026-09-22,Frontera,9380.0,,0,750.0,9380.0,vino frontera concha y toro merlot - 750ml patrocinado,masxmenos costa rica,9380.0,medio,443.27,449.24
2026-09-22,Frontera,5930.0,,0,1500.0,5930.0,vino frontera merlot -1500 ml patrocinado,masxmenos costa rica,2965.0,económico,443.27,449.24
2026-09-22,Frontera,6070.0,,0,750.0,6070.0,vino blanco frontera chardonnay viñedo protegido por la naturaleza - 750 ml,masxmenos costa rica,6070.0,medio,443.27,449.24
2026-09-22,Vino rosado,12.7002,,0,750.0,12.7002,vino rosado ijalba rioja eco -750ml patrocinado,masxmenos costa rica,12.7,económico,443.27,449.24
2026-09-22,Vino blanco,5600.0,,0,750.0,5600.0,vino blanco fantini terre siciliante pinot grigio - 750 ml patrocinado,masxmenos costa rica,5600.0,medio,443.27,449.24
2026-09-22,Vino rosado,12300.0,,0,750.0,12300.0,vino rose carnivor apothic - 750 ml patrocinado,masxmenos costa rica,12300.0,premium,443.27,449.24
2026-09-22,Vino rosado,5220.0,,0,750.0,5220.0,vino mr wild org rose 750 ml patrocinado,masxmenos costa rica,5220.0,medio,443.27,449.24
2026-09-22,Vino rosado,11180.0,,0,375.0,11180.0,vino orgánico adobe rosé – 375 ml patrocinado,masxmenos costa rica,22360.0,super premium,443.27,449.24
2026-09-22,Vino rosado,7495.01,,0,750.0,7495.01,calvet rose d'anjou vino rosado 750 ml / 25.4 oz,pricesmart costa rica,7495.01,medio,443.27,449.24
2026-09-22,Vino rosado,6370.0,,0,750.0,6370.0,pack jp chenet rosé dry vino espumoso 750 ml + chocolate vizzio 70 g,pricesmart costa rica,6370.0,medio,443.27,449.24
2026-09-22,Vino tinto,3770.0,,0,750.0,3770.0,mantrús crianza vino tinto 750 ml / 25.36 oz,pricesmart costa rica,3770.0,económico,443.27,449.24
2026-09-22,Vino tinto,4995.0,,0,750.0,4995.0,mantrús reserva vino tinto ribera del duero 750 ml / 25.36 oz,pricesmart costa rica,4995.0,económico,443.27,449.24
2026-09-23,Vino tinto,1980.0,,0,750.0,1980.0,vino tinto don simón tempranillo -750 ml,walmart costa rica,1980.0,económico,445.27,450.0
2026-09-23,Vino tinto,3340.0,,0,750.0,3340.0,vino viña maipo clasic series merlot - 750 ml,walmart costa rica,3340.0,económico,445.27,450.0
2026-09-23,Vino tinto,2300.0,,0,1000.0,2300.0,vino clos de pirque cabernet sauvignon - 1000ml,walmart costa rica,1725.0,económico,445.27,450.0
2026-09-23,Vino tinto,2500.0,,0,1000.0,2500.0,vino clos de pirque tinto merlot - 1000ml,walmart costa rica,1875.0,económico,445.27,450.0
2026-09-22,Vino blanco,2600.0,,0,375.0,2600.0,vino adobe chardonnay orgánico -375 ml patrocinado,masxmenos costa rica,5200.0,medio,443.27,449.24
2026-09-22,Vino blanco,4900.0,,0,750.0,4900.0,vino marques de caceres blanco 750ml patrocinado,masxmenos costa rica,4900.0,económico,443.27,449.24
2026-09-22,Vino rosado,3970.0,,0,750.0,3970.0,viña esmeralda vino rosado español aroma frutal 750 ml,pricesmart costa rica,3970.0,económico,443.27,449.24
2026-09-22,Vino rosado,13995.0,,0,750.0,13995.0,pasqua 11 minutes vino rosado 750 ml,pricesmart costa rica,13995.0,premium,443.27,449.24
2026-09-22,Vino tinto,14995.0,,0,750.0,14995.0,campo viejo vino tinto reserva 750 ml,pricesmart costa rica,14995.0,premium,443.27,449.24
2026-09-22,Vino rosado,12470.0,,0,750.0,12470.0,the beach by whispering angel vino rosado francés 750 ml,pricesmart costa rica,12470.0,premium,443.27,449.24
2026-09-22,Vino rosado,7795.0,,0,750.0,7795.0,soupçon de fruit rosé d'anjou botella de vino rosado 750 ml / 25.4 oz,pricesmart costa rica,7795.0,medio,443.27,449.24
2026-09-22,Vino rosado,5795.0,,0,750.0,5795.0,astoria prosecco rosé vino rosado 750 ml / 25.4 oz,pricesmart costa rica,5795.0,medio,443.27,449.24
2026-09-23,Vino tinto,4680.0,,0,750.0,4680.0,vino clos dp cabernet tinto sauvignon - 2000ml,walmart costa rica,4680.0,económico,445.27,450.0
2026-09-23,Vino tinto,5830.0,,0,750.0,5830.0,vino tinto finca las moras malbec con 13.5% vol - 750 ml,walmart costa rica,5830.0,medio,445.27,450.0
2026-09-23,Vinos general,7970.0,,0,750.0,7970.0,vino misiones rengo cabernet 750 ml vendido por walmart patrocinado,walmart costa rica,7970.0,medio,445.27,450.0
2026-09-23,Vinos general,4.7402,,0,750.0,4.7402,vino mr wild chardonnay 750 ml vendido por walmart patrocinado,walmart costa rica,4.74,económico,445.27,450.0
2026-09-23,Vino blanco,3380.0,,0,750.0,3380.0,vino peter brum liebfraulmil blan - 750ml patrocinado,masxmenos costa rica,3380.0,económico,445.27,450.0
2026-09-23,Vino blanco,5600.0,,0,750.0,5600.0,vino blanco fantini terre siciliante pinot grigio - 750 ml patrocinado,masxmenos costa rica,5600.0,medio,445.27,450.0
2026-09-23,Vino blanco,6110.0,,0,1000.0,6110.0,vino don simón premium selección chardonnay - 1000 ml patrocinado,masxmenos costa rica,4582.5,económico,445.27,450.0
2026-09-23,Vino blanco,2530.0,,0,750.0,2530.0,vino blanco protos verdejo criado sobre lias finas - 750 ml patrocinado,masxmenos costa rica,2530.0,económico,445.27,450.0
2026-09-22,Vino tinto,14295.0,,0,750.0,14295.0,bin 27 vino tinto reserve port fonseca 750 ml / 25.36 oz,pricesmart costa rica,14295.0,premium,443.27,449.24
2026-09-22,Vino tinto,10495.0,,0,750.0,10495.0,montes limited selection vino cabernet sauvignon camenère 750 ml / 25.3 oz,pricesmart costa rica,10495.0,premium,443.27,449.24
2026-09-22,Vino tinto,15995.0,,0,750.0,15995.0,marqués de riscal vino tinto rioja reserva 750 ml,pricesmart costa rica,15995.0,super premium,443.27,449.24
2026-09-22,Vino tinto,8795.0,,0,1500.0,8795.0,montepulciano vino tinto de frutos rojos 1.5 l / 51 oz,pricesmart costa rica,4397.5,económico,443.27,449.24
2026-09-22,Vino rosado,9790.0,,0,2250.0,9790.0,vino rosado trapiche vino trapiche malbec 3x 2250 ml patrocinado,masxmenos costa rica,3263.33,económico,443.27,449.24
2026-09-22,Vino tinto,10995.0,,0,750.0,10995.0,portia roble tempranillo vino tinto 750 ml,pricesmart costa rica,10995.0,premium,443.27,449.24
2026-09-22,Vino tinto,6795.0,,0,1500.0,6795.0,twin view estates cabernet sauvignon vino tinto 1.5 l,pricesmart costa rica,3397.5,económico,443.27,449.24
2026-09-22,Vino tinto,7295.0,,0,1500.0,7295.0,frontera merlot vino tinto chileno botella de 1.5 l / 51 oz,pricesmart costa rica,3647.5,económico,443.27,449.24
2026-09-23,Vino tinto,1980.0,,0,750.0,1980.0,vino viña maipo clasic series merlot - 750 ml vendido por walmart patrocinado,walmart costa rica,1980.0,económico,445.27,450.0
2026-09-23,Vino tinto,3340.0,,0,1000.0,3340.0,vino clos de pirque cabernet sauvignon - 1000ml vendido por walmart patrocinado,walmart costa rica,2505.0,económico,445.27,450.0
2026-09-23,Vino tinto,7500.0,,0,1500.0,7500.0,vino frontera merlot -1500 ml,walmart costa rica,3750.0,económico,445.27,450.0
2026-09-23,Vino tinto,2580.0,,0,750.0,2580.0,vino tinto contenda merlot - 750 ml,walmart costa rica,2580.0,económico,445.27,450.0
2026-09-23,Vinos general,3250.0,,0,375.0,3250.0,vino orgánico adobe merlot – 375 ml,walmart costa rica,6500.0,medio,445.27,450.0
2026-09-23,Vinos general,4400.0,,0,750.0,4400.0,frontera frutal pink paradise 750ml,walmart costa rica,4400.0,económico,445.27,450.0
2026-09-23,Vinos general,7970.0,,0,750.0,7970.0,vino tinto santa rita 120 carmenere - 750ml,walmart costa rica,7970.0,medio,445.27,450.0
2026-09-23,Vinos general,4740.0,,0,750.0,4740.0,vino misiones rengo cabernet 750 ml,walmart costa rica,4740.0,económico,445.27,450.0
2026-09-22,Frontera,5930.0,,0,750.0,5930.0,vino tinto frontera carmenere viñedo protegido por la naturaleza - 750 ml,masxmenos costa rica,5930.0,medio,443.27,449.24
2026-09-22,Frontera,6070.0,,0,750.0,6070.0,vino frontera blanco sauvignon concha y toro - 750 ml,masxmenos costa rica,6070.0,medio,443.27,449.24
2026-09-23,Vino tinto,4.6502,,0,750.0,4.6502,vino frontera frutal tinto de verano manzana naranja - 750 ml vendido por walmart patrocinado,walmart costa rica,4.65,económico,445.27,450.0
2026-09-23,Vino tinto,4400.0,,0,750.0,4400.0,vino clos dp cabernet tinto sauvignon - 2000ml vendido por walmart patrocinado,walmart costa rica,4400.0,económico,445.27,450.0
2026-09-22,Vino rosado,5995.0,,0,750.0,5995.0,woodbridge vino rosado zinfandel 750 ml,pricesmart costa rica,5995.0,medio,443.27,449.24
2026-09-23,Vino tinto,5830.0,,0,1500.0,5830.0,vino frontera merlot -1500 ml vendido por walmart patrocinado,walmart costa rica,2915.0,económico,445.27,450.0
2026-09-23,Vino tinto,7500.0,,0,750.0,7500.0,vino tinto contenda merlot - 750 ml vendido por walmart patrocinado,walmart costa rica,7500.0,medio,445.27,450.0
2026-09-23,Vino tinto,2580.0,,0,750.0,2580.0,vino tinto don simón tempranillo -750 ml vendido por walmart patrocinado,walmart costa rica,2580.0,económico,445.27,450.0
2026-09-23,Vinos general,5970.0,,0,750.0,5970.0,vino espumoso undurraga brut 750 ml,walmart costa rica,5970.0,medio,445.27,450.0
2026-09-23,Vinos general,10000.0,,0,750.0,10000.0,vino torres celeste roble tinto - 750 ml,walmart costa rica,10000.0,medio,445.27,450.0
2026-09-23,Vino blanco,4900.0,,0,750.0,4900.0,vino marques de caceres blanco 750ml patrocinado,masxmenos costa rica,4900.0,económico,445.27,450.0
2026-09-23,Vino blanco,8020.0,,0,750.0,8020.0,vino maipo sauvignon blanco clasic series -750 ml patrocinado,masxmenos costa rica,8020.0,medio,445.27,450.0
2026-09-23,Vino rosado,9790.0,,0,2250.0,9790.0,vino rosado trapiche vino trapiche malbec 3x 2250 ml patrocinado,masxmenos costa rica,3263.33,económico,445.27,450.0
2026-09-23,Vino rosado,12300.0,,0,750.0,12300.0,vino rose carnivor apothic - 750 ml patrocinado,masxmenos costa rica,12300.0,premium,445.27,450.0
2026-09-23,Vino rosado,5220.0,,0,750.0,5220.0,vino mr wild org rose 750 ml patrocinado,masxmenos costa rica,5220.0,medio,445.27,450.0
2026-09-23,Vino rosado,11180.0,,0,375.0,11180.0,vino orgánico adobe rosé – 375 ml patrocinado,masxmenos costa rica,22360.0,super premium,445.27,450.0
2026-09-22,Vino rosado,8795.0,,0,750.0,8795.0,taanug vino rosado francés aroma a fresas 750 ml,pricesmart costa rica,8795.0,medio,443.27,449.24
2026-09-22,Vino rosado,7795.0,,0,1000.0,7795.0,mateus the original vino rosado espumoso portugués 1 l,pricesmart costa rica,5846.25,medio,443.27,449.24
2026-09-22,Vino blanco,6795.0,,0,3000.0,6795.0,clos de pirque vino blanco 3 unidades / 1 l,pricesmart costa rica,1698.75,económico,443.27,449.24
2026-09-22,Vino blanco,15495.0,,0,750.0,15495.0,santa margherita vino blanco pinot grigio 750 ml / 25.36 oz,pricesmart costa rica,15495.0,super premium,443.27,449.24
2026-09-22,Vino tinto,5495.0,,0,750.0,5495.0,finca las moras botella de vino tinto malbec suave al paladar 750 ml / 25.4 oz,pricesmart costa rica,5495.0,medio,443.27,449.24
2026-09-22,Vino blanco,7995.0,,0,750.0,7995.0,marqués de riscal vino blanco 750 ml,pricesmart costa rica,7995.0,medio,443.27,449.24
2026-09-22,Vino blanco,2395.0,,0,750.0,2395.0,loma negra chardonnay classic vino blanco 750 ml / 25.4 oz,pricesmart costa rica,2395.0,económico,443.27,449.24
2026-09-22,Vino tinto,4970.0,,0,750.0,4970.0,arrogante frog cabernet sauvignon merlot vino tinto 750 ml,pricesmart costa rica,4970.0,económico,443.27,449.24
2026-09-23,Vinos general,5800.0,,0,375.0,5800.0,vino orgánico adobe merlot – 375 ml vendido por walmart patrocinado,walmart costa rica,11600.0,premium,445.27,450.0
2026-09-23,Vinos general,5200.0,,0,750.0,5200.0,vino tinto santa rita 120 carmenere - 750ml vendido por walmart patrocinado,walmart costa rica,5200.0,medio,445.27,450.0
2026-09-23,Vinos general,7360.0,,0,1500.0,7360.0,vino tinto santa cecilia cabernet sauvignon – 1500 ml,walmart costa rica,3680.0,económico,445.27,450.0
2026-09-23,Vinos general,5800.0,,0,750.0,5800.0,frontera cabernet sauvignon 750ml,walmart costa rica,5800.0,medio,445.27,450.0
2026-09-23,Vino blanco,4730.0,,0,750.0,4730.0,vino sta rita 3 med bco sauvig 750 ml,masxmenos costa rica,4730.0,económico,445.27,450.0
2026-09-23,Vino blanco,2600.0,,0,750.0,2600.0,vino contenda sauvignon blanc - 750 ml,masxmenos costa rica,2600.0,económico,445.27,450.0
2026-09-23,Vino blanco,3250.0,,0,375.0,3250.0,vino adobe chardonnay orgánico -375 ml,masxmenos costa rica,6500.0,medio,445.27,450.0
2026-09-23,Vino blanco,8020.0,,0,750.0,8020.0,vino marques de caceres blanco 750ml,masxmenos costa rica,8020.0,medio,445.27,450.0
2026-09-22,Vino tinto,4795.0,,0,750.0,4795.0,legado muñoz vino tinto tempranillo 750 ml / 25.4 oz,pricesmart costa rica,4795.0,económico,443.27,449.24
2026-09-22,Vino tinto,6495.0,,0,750.0,6495.0,caliterra reserva vino tinto cabernet sauvignon 750 ml,pricesmart costa rica,6495.0,medio,443.27,449.24
2026-09-23,Vino blanco,6110.0,,0,750.0,6110.0,vino blanco fantini terre siciliante pinot grigio - 750 ml,masxmenos costa rica,6110.0,medio,445.27,450.0
2026-09-23,Vino blanco,2530.0,,0,1000.0,2530.0,vino don simón premium selección chardonnay - 1000 ml,masxmenos costa rica,1897.5,económico,445.27,450.0
2026-09-23,Vino tinto,4680.0,,0,750.0,4680.0,vino tinto finca las moras malbec con 13.5% vol - 750 ml vendido por walmart patrocinado,walmart costa rica,4680.0,económico,445.27,450.0
2026-09-23,Vino blanco,2490.0,,0,1000.0,2490.0,vino clos de pirque blanco - 1000ml,masxmenos costa rica,1867.5,económico,445.27,450.0
2026-09-23,Vinos general,6970.0,,0,750.0,6970.0,vino torres celeste roble tinto - 750 ml vendido por walmart patrocinado,walmart costa rica,6970.0,medio,445.27,450.0
2026-09-23,Vinos general,13050.0,,0,1500.0,13050.0,vino tinto santa cecilia cabernet sauvignon – 1500 ml vendido por walmart patrocinado,walmart costa rica,6525.0,medio,445.27,450.0
2026-09-23,Vino blanco,8600.0,,0,750.0,8600.0,vino marina alta blanco 00 - 750 ml,masxmenos costa rica,8600.0,medio,445.27,450.0
2026-09-23,Vino blanco,16600.0,,0,750.0,16600.0,vino luigi bosca de sangre - 750 ml,masxmenos costa rica,16600.0,super premium,445.27,450.0
2026-09-23,Frontera,6070.0,,0,750.0,6070.0,vino blanco frontera chardonnay viñedo protegido por la naturaleza - 750 ml,masxmenos costa rica,6070.0,medio,445.27,450.0
2026-09-23,Vino rosado,9810.0,,0,750.0,9810.0,vino rosado ijalba rioja eco -750ml patrocinado,masxmenos costa rica,9810.0,medio,445.27,450.0
2026-09-23,Vino tinto,5495.0,,0,750.0,5495.0,finca las moras botella de vino tinto malbec suave al paladar 750 ml / 25.4 oz,pricesmart costa rica,5495.0,medio,445.27,450.0
2026-09-23,Vino tinto,10995.0,,0,750.0,10995.0,portia roble tempranillo vino tinto 750 ml,pricesmart costa rica,10995.0,premium,445.27,450.0
2026-09-23,Vino tinto,6795.0,,0,1500.0,6795.0,twin view estates cabernet sauvignon vino tinto 1.5 l,pricesmart costa rica,3397.5,económico,445.27,450.0
2026-09-23,Vino tinto,7295.0,,0,1500.0,7295.0,frontera merlot vino tinto chileno botella de 1.5 l / 51 oz,pricesmart costa rica,3647.5,económico,445.27,450.0
2026-09-23,Vinos general,11150.0,,0,750.0,11150.0,vino mr wild chardonnay 750 ml,walmart costa rica,11150.0,premium,445.27,450.0
2026-09-23,Vinos general,8800.0,,0,750.0,8800.0,vino casillero del diablo chardonnay - 750ml,walmart costa rica,8800.0,medio,445.27,450.0
2026-09-23,Vino tinto,6510.0,,0,3000.0,6510.0,2 pack sangría don simon -3000ml,walmart costa rica,1627.5,económico,445.27,450.0
2026-09-23,Vino tinto,3830.0,,0,750.0,3830.0,vino tinto teber dulce - 750ml,walmart costa rica,3830.0,económico,445.27,450.0
2026-09-22,Vino blanco,7795.0,,0,1500.0,7795.0,frontera concha & toro vino blanco sauvignon blanc semi 1.5 l,pricesmart costa rica,3897.5,económico,443.27,449.24
2026-09-23,Vino tinto,3340.0,,0,750.0,3340.0,vino viña maipo classic series cabernet sauvignon -750 ml,walmart costa rica,3340.0,económico,445.27,450.0
2026-09-23,Vino tinto,4650.0,,0,1000.0,4650.0,2 pack sangria peñasol tinta -1000ml,walmart costa rica,3487.5,económico,445.27,450.0
2026-09-23,Vino tinto,4400.0,,0,750.0,4400.0,vino frontera frutal tinto de verano manzana naranja - 750 ml,walmart costa rica,4400.0,económico,445.27,450.0
2026-09-23,Vino blanco,4730.0,,0,750.0,4730.0,vino contenda sauvignon blanc - 750 ml patrocinado,masxmenos costa rica,4730.0,económico,445.27,450.0
2026-09-23,Vino blanco,2600.0,,0,375.0,2600.0,vino adobe chardonnay orgánico -375 ml patrocinado,masxmenos costa rica,5200.0,medio,445.27,450.0
2026-09-23,Vino blanco,5910.0,,0,750.0,5910.0,vino blanco frontera spritzer chardonnay eldelflower - 750 ml,masxmenos costa rica,5910.0,medio,445.27,450.0
2026-09-23,Vino blanco,7040.0,,0,750.0,7040.0,vino blanco carmen frida sauvignon blanc – 750 ml,masxmenos costa rica,7040.0,medio,445.27,450.0
2026-09-23,Vino rosado,9200.0,,0,750.0,9200.0,vino laudum chardonnay - 750 ml,masxmenos costa rica,9200.0,medio,445.27,450.0
2026-09-23,Vino rosado,12700.0,,0,750.0,12700.0,vino làudum gran reserva - 750 ml,masxmenos costa rica,12700.0,premium,445.27,450.0
2026-09-23,Vino rosado,9810.0,,0,750.0,9810.0,vino les jamelles petite rosado - 750 ml,masxmenos costa rica,9810.0,medio,445.27,450.0
2026-09-23,Vino rosado,9790.0,,0,750.0,9790.0,vino rosado ijalba rioja eco -750ml,masxmenos costa rica,9790.0,medio,445.27,450.0
2026-09-22,Vino blanco,10495.0,,0,750.0,10495.0,los vascos vino blanco sauvignon blanc 750 ml / 25.36 oz,pricesmart costa rica,10495.0,premium,443.27,449.24
2026-09-22,Vino blanco,7495.0,,0,750.0,7495.0,protos verdejo vino blanco 750 ml,pricesmart costa rica,7495.0,medio,443.27,449.24
2026-09-23,Vino rosado,4400.0,,0,750.0,4400.0,frontera frutal pink paradise 750ml,masxmenos costa rica,4400.0,económico,445.27,450.0
2026-09-23,Vino rosado,11180.0,,0,750.0,11180.0,vino mr wild org rose 750 ml,masxmenos costa rica,11180.0,premium,445.27,450.0
2026-09-23,Vino blanco,8310.0,,0,750.0,8310.0,vino blanco protos verdejo criado sobre lias finas - 750 ml,masxmenos costa rica,8310.0,medio,445.27,450.0
2026-09-23,Vino rosado,8020.0,,0,750.0,8020.0,vino soupcon de fruit rose d&apos;anjou 2020 - 750 ml,masxmenos costa rica,8020.0,medio,445.27,450.0
2026-09-23,Vino rosado,5770.0,,0,750.0,5770.0,vino rosado frontera gently bubbly spritzer roses -750 ml,masxmenos costa rica,5770.0,medio,445.27,450.0
2026-09-23,Vino rosado,8810.0,,0,750.0,8810.0,vino marques de caceres rosado rioja - 750ml,masxmenos costa rica,8810.0,medio,445.27,450.0
2026-09-23,Vino rosado,5220.0,,0,750.0,5220.0,vino dulce rosado st. helena – 750 ml,masxmenos costa rica,5220.0,medio,445.27,450.0
2026-09-23,Vino rosado,8730.0,,0,750.0,8730.0,vino trivento reserva malbec rosado - 750 ml,masxmenos costa rica,8730.0,medio,445.27,450.0
2026-09-23,Vino tinto,15995.0,,0,750.0,15995.0,marqués de riscal vino tinto rioja reserva 750 ml,pricesmart costa rica,15995.0,super premium,445.27,450.0
2026-09-23,Vino tinto,8795.0,,0,1500.0,8795.0,montepulciano vino tinto de frutos rojos 1.5 l / 51 oz,pricesmart costa rica,4397.5,económico,445.27,450.0
2026-09-23,Vino blanco,7995.0,,0,750.0,7995.0,marqués de riscal vino blanco 750 ml,pricesmart costa rica,7995.0,medio,445.27,450.0
2026-09-23,Vino blanco,7495.0,,0,750.0,7495.0,protos verdejo vino blanco 750 ml,pricesmart costa rica,7495.0,medio,445.27,450.0
2026-09-23,Vino blanco,2395.0,,0,750.0,2395.0,loma negra chardonnay classic vino blanco 750 ml / 25.4 oz,pricesmart costa rica,2395.0,económico,445.27,450.0
2026-09-23,Vino tinto,4970.0,,0,750.0,4970.0,arrogante frog cabernet sauvignon merlot vino tinto 750 ml,pricesmart costa rica,4970.0,económico,445.27,450.0
2026-09-23,Vino blanco,3380.0,,0,750.0,3380.0,vino maipo sauvignon blanco clasic series -750 ml,masxmenos costa rica,3380.0,económico,445.27,450.0
2026-09-23,Vino blanco,5600.0,,0,750.0,5600.0,vino peter brum liebfraulmil blan - 750ml,masxmenos costa rica,5600.0,medio,445.27,450.0
2026-09-23,Vinos general,4820.0,,0,750.0,4820.0,vino tinto albali pinot grigio -750ml,walmart costa rica,4820.0,económico,445.27,450.0
2026-09-23,Vinos general,6300.0,,0,750.0,6300.0,vino beringer zinfandel rosado - 750ml,walmart costa rica,6300.0,medio,445.27,450.0
2026-09-23,Vino tinto,10010.0,,0,750.0,10010.0,vino fantini montepulciano d abruzzo 1500ml,walmart costa rica,10010.0,premium,445.27,450.0
2026-09-23,Vinos general,5670.0,,0,750.0,5670.0,vino pata negra valdepenas crianza - 750 ml,walmart costa rica,5670.0,medio,445.27,450.0
2026-09-23,Vinos general,13960.0,,0,750.0,13960.0,vino tinto robert mondavi mondavi cabernet sauvignon - 750 ml,walmart costa rica,13960.0,premium,445.27,450.0
2026-09-23,Vinos general,5000.0,,0,750.0,5000.0,vino tinto trapiche vineyards malbec - 750 ml,walmart costa rica,5000.0,económico,445.27,450.0
2026-09-23,Frontera,5930.0,,0,750.0,5930.0,vino tinto frontera carmenere viñedo protegido por la naturaleza - 750 ml,masxmenos costa rica,5930.0,medio,445.27,450.0
2026-09-23,Frontera,6070.0,,0,750.0,6070.0,vino frontera blanco sauvignon concha y toro - 750 ml,masxmenos costa rica,6070.0,medio,445.27,450.0
2026-09-23,Vino rosado,14300.0,,0,750.0,14300.0,vino planeta la segreta bianco - 750 ml,masxmenos costa rica,14300.0,premium,445.27,450.0
2026-09-23,Vino rosado,11200.0,,0,750.0,11200.0,vino làudum barrica - 750 ml,masxmenos costa rica,11200.0,premium,445.27,450.0
2026-09-23,Frontera,5930.0,,0,750.0,5930.0,vino frontera blanco sauvignon concha y toro - 750 ml patrocinado,masxmenos costa rica,5930.0,medio,445.27,450.0
2026-09-23,Frontera,6070.0,,0,750.0,6070.0,vino rosado frontera gently bubbly spritzer roses -750 ml patrocinado,masxmenos costa rica,6070.0,medio,445.27,450.0
2026-09-23,Frontera,5770.0,,0,750.0,5770.0,vino blanco frontera chardonnay viñedo protegido por la naturaleza - 750 ml patrocinado,masxmenos costa rica,5770.0,medio,445.27,450.0
2026-09-23,Frontera,6070.0,,0,750.0,6070.0,vino blanco frontera spritzer chardonnay eldelflower - 750 ml patrocinado,masxmenos costa rica,6070.0,medio,445.27,450.0
2026-09-23,Vino tinto,5480.0,,0,750.0,5480.0,vino blanco trapiche pinot grigio -750ml,walmart costa rica,5480.0,medio,445.27,450.0
2026-09-23,Vino tinto,3870.0,,0,750.0,3870.0,vino santa cecilia tinto cabernet sauvignon -750 ml,walmart costa rica,3870.0,económico,445.27,450.0
2026-09-23,Frontera,9120.0,,0,1500.0,9120.0,vino blanco frontera sauvignon blanc - 1500 ml,masxmenos costa rica,4560.0,económico,445.27,450.0
2026-09-23,Frontera,8940.0,,0,750.0,8940.0,vino frontera chardonnay - 1500ml,masxmenos costa rica,8940.0,medio,445.27,450.0
2026-09-23,Vino rosado,3250.0,,0,375.0,3250.0,vino orgánico adobe rosé – 375 ml,masxmenos costa rica,6500.0,medio,445.27,450.0
2026-09-23,Frontera,9380.0,,0,1500.0,9380.0,vino frontera tinto concha y toro cabernet - 1500 ml,masxmenos costa rica,4690.0,económico,445.27,450.0
2026-09-23,Frontera,5930.0,,0,750.0,5930.0,vino frontera concha y toro merlot - 750ml,masxmenos costa rica,5930.0,medio,445.27,450.0
2026-09-23,Frontera,7500.0,,0,1500.0,7500.0,vino frontera merlot -1500 ml,masxmenos costa rica,3750.0,económico,445.27,450.0
2026-09-23,Frontera,9380.0,,0,750.0,9380.0,vino frontera concha y toro merlot - 750ml patrocinado,masxmenos costa rica,9380.0,medio,445.27,450.0
2026-09-23,Frontera,5930.0,,0,1500.0,5930.0,vino frontera merlot -1500 ml patrocinado,masxmenos costa rica,2965.0,económico,445.27,450.0
2026-09-23,Vino blanco,15495.0,,0,750.0,15495.0,santa margherita vino blanco pinot grigio 750 ml / 25.36 oz,pricesmart costa rica,15495.0,super premium,445.27,450.0
2026-09-23,Vino blanco,7795.0,,0,1500.0,7795.0,frontera concha & toro vino blanco sauvignon blanc semi 1.5 l,pricesmart costa rica,3897.5,económico,445.27,450.0
2026-09-24,Vino tinto,3340.0,,0,750.0,3340.0,vino viña maipo classic series cabernet sauvignon -750 ml,walmart costa rica,3340.0,económico,447.19,451.86
2026-09-24,Vino tinto,4650.0,,0,1000.0,4650.0,2 pack sangria peñasol tinta -1000ml,walmart costa rica,3487.5,económico,447.19,451.86
2026-09-24,Vino tinto,4400.0,,0,750.0,4400.0,vino frontera frutal tinto de verano manzana naranja - 750 ml,walmart costa rica,4400.0,económico,447.19,451.86
2026-09-24,Vino tinto,11630.0,,0,750.0,11630.0,navarro colección privada vero faraone malbec - 750ml,walmart costa rica,11630.0,premium,447.19,451.86
2026-09-23,Vino rosado,12300.0,,0,2250.0,12300.0,vino rosado trapiche vino trapiche malbec 3x 2250 ml,masxmenos costa rica,4100.0,económico,445.27,450.0
2026-09-23,Vino rosado,14590.0,,0,750.0,14590.0,vino rose carnivor apothic - 750 ml,masxmenos costa rica,14590.0,premium,445.27,450.0
2026-09-23,Vino blanco,8960.0,,0,750.0,8960.0,vino blanco trivento malbec reserva 2022 - 750 ml,masxmenos costa rica,8960.0,medio,445.27,450.0
2026-09-23,Vino blanco,10300.0,,0,750.0,10300.0,navarro col. privada chardonnay 750 ml,masxmenos costa rica,10300.0,premium,445.27,450.0
2026-09-23,Vinos general,8000.0,,0,1125.0,8000.0,vino viñas del tango malbec - 1125 ml,walmart costa rica,5333.33,medio,445.27,450.0
2026-09-23,Vino blanco,6110.0,,0,750.0,6110.0,vino tinto fantini trebbiano d abruzzo -750ml,masxmenos costa rica,6110.0,medio,445.27,450.0
2026-09-23,Vino blanco,11560.0,,0,1500.0,11560.0,vino blanco pasqua pinot grigio -1500ml,masxmenos costa rica,5780.0,medio,445.27,450.0
2026-09-23,Vino blanco,5210.0,,0,750.0,5210.0,vino blanco tarapacá pinot grigio - 750 ml,masxmenos costa rica,5210.0,medio,445.27,450.0
2026-09-23,Vino tinto,7495.0,,0,750.0,7495.0,alamos vino tinto malbec 750 ml,pricesmart costa rica,7495.0,medio,445.27,450.0
2026-09-23,Vino tinto,4795.0,,0,750.0,4795.0,legado muñoz vino tinto tempranillo 750 ml / 25.4 oz,pricesmart costa rica,4795.0,económico,445.27,450.0
2026-09-23,Frontera,7500.0,,0,750.0,7500.0,vino frontera rosado concha y toro chile - 750 ml patrocinado,masxmenos costa rica,7500.0,medio,445.27,450.0
2026-09-23,Frontera,5770.0,,0,750.0,5770.0,vino tinto frontera carmenere viñedo protegido por la naturaleza - 750 ml patrocinado,masxmenos costa rica,5770.0,medio,445.27,450.0
2026-09-23,Vino tinto,8495.0,,0,750.0,8495.0,ruffino vino tinto chianti classico 750 ml / 25.36 oz,pricesmart costa rica,8495.0,medio,445.27,450.0
2026-09-23,Vino tinto,14995.0,,0,750.0,14995.0,campo viejo vino tinto reserva 750 ml,pricesmart costa rica,14995.0,premium,445.27,450.0
2026-09-23,Vino tinto,15495.0,,0,750.0,15495.0,muga vino tinto español el anden de la estación 750 ml,pricesmart costa rica,15495.0,super premium,445.27,450.0
2026-09-23,Vino tinto,9295.0,,0,750.0,9295.0,baron philippe de rothschild vino tinto cabernet sauvignon 750 ml / 25.36 oz,pricesmart costa rica,9295.0,medio,445.27,450.0
2026-09-23,Vinos general,5120.0,,0,750.0,5120.0,vino tinto undurraga cabernet - 750 ml,walmart costa rica,5120.0,medio,445.27,450.0
2026-09-23,Vinos general,20760.0,,0,750.0,20760.0,"vino rosado b &amp; g cotes de provence, 2 pack -750 ml",walmart costa rica,20760.0,super premium,445.27,450.0
2026-09-23,Vino tinto,11495.0,,0,750.0,11495.0,ramon bilbao vino tinto crianza 750 ml,pricesmart costa rica,11495.0,premium,445.27,450.0
2026-09-23,Vino tinto,10495.0,,0,750.0,10495.0,m. chapoutier vino tinto côtes du rhône 750 ml / 25.36 oz,pricesmart costa rica,10495.0,premium,445.27,450.0
2026-09-23,Frontera,5930.0,,0,750.0,5930.0,frontera cabernet sauvignon 750ml,masxmenos costa rica,5930.0,medio,445.27,450.0
2026-09-23,Vino tinto,13795.0,,0,3000.0,13795.0,carlo rossi vino tinto cuerpo medio 3 l / 101.4 oz,pricesmart costa rica,3448.75,económico,445.27,450.0
2026-09-23,Vino tinto,20795.0,,0,2250.0,20795.0,faustino rivero ulecia set vinos rioja 3 unidades / 750 ml,pricesmart costa rica,6931.67,medio,445.27,450.0
2026-09-23,Vino tinto,7495.0,,0,750.0,7495.0,santa rita 120 reserva especial vino tinto 4 unidades / 187.5 ml / 6.3 oz,pricesmart costa rica,7495.0,medio,445.27,450.0
2026-09-23,Vino tinto,7670.0,,0,750.0,7670.0,douce nature vino tinto pinot noir orgánico 750 ml / 25.36 oz,pricesmart costa rica,7670.0,medio,445.27,450.0
2026-09-23,Vino tinto,11995.0,,0,750.0,11995.0,pasqua zin primitivo vino tinto 750 ml,pricesmart costa rica,11995.0,premium,445.27,450.0
2026-09-24,Vino tinto,6510.0,,0,3000.0,6510.0,2 pack sangría don simon -3000ml,walmart costa rica,1627.5,económico,447.19,451.86
2026-09-24,Vino tinto,3830.0,,0,750.0,3830.0,vino tinto teber dulce - 750ml,walmart costa rica,3830.0,económico,447.19,451.86
2026-09-24,Vinos general,4820.0,,0,750.0,4820.0,vino tinto albali pinot grigio -750ml,walmart costa rica,4820.0,económico,447.19,451.86
2026-09-24,Vinos general,6300.0,,0,750.0,6300.0,vino beringer zinfandel rosado - 750ml,walmart costa rica,6300.0,medio,447.19,451.86
2026-09-24,Vinos general,8000.0,,0,1125.0,8000.0,vino viñas del tango malbec - 1125 ml,walmart costa rica,5333.33,medio,447.19,451.86
2026-09-24,Vinos general,5670.0,,0,750.0,5670.0,vino pata negra valdepenas crianza - 750 ml,walmart costa rica,5670.0,medio,447.19,451.86
2026-09-23,Frontera,4200.0,,0,750.0,4200.0,"vinos sub-categoría vino tinto vino blanco vino rosado departamento cervezas, vinos y licores rebaja exclusiva en línea rangos de precio",masxmenos costa rica,4200.0,económico,445.27,450.0
2026-09-23,Frontera,4400.0,,0,750.0,4400.0,vino frontera frutal tropical mango maracuyá - 750 ml,masxmenos costa rica,4400.0,económico,445.27,450.0
2026-09-23,Vino rosado,5770.0,,0,750.0,5770.0,vino marques de caceres rosado rioja - 750ml patrocinado,masxmenos costa rica,5770.0,medio,445.27,450.0
2026-09-23,Vino rosado,8670.0,,0,750.0,8670.0,vino rosado cune bailarina 750mlx6,masxmenos costa rica,8670.0,medio,445.27,450.0
2026-09-23,Vino blanco,7500.0,,0,1500.0,7500.0,vino maipo blanco chardonnay -1.5 l,masxmenos costa rica,3750.0,económico,445.27,450.0
2026-09-23,Vino rosado,5640.0,,0,750.0,5640.0,vino rosado trapiche vineyards argentino - 750 ml,masxmenos costa rica,5640.0,medio,445.27,450.0
2026-09-23,Vino rosado,5770.0,,0,750.0,5770.0,vino frontera rosado concha y toro chile - 750 ml,masxmenos costa rica,5770.0,medio,445.27,450.0
2026-09-23,Vino rosado,10810.0,,0,750.0,10810.0,vino rosado canti prosecco - 750 ml,masxmenos costa rica,10810.0,premium,445.27,450.0
2026-09-23,Vino blanco,10495.0,,0,750.0,10495.0,los vascos vino blanco sauvignon blanc 750 ml / 25.36 oz,pricesmart costa rica,10495.0,premium,445.27,450.0
2026-09-23,Vino blanco,6795.0,,0,3000.0,6795.0,clos de pirque vino blanco 3 unidades / 1 l,pricesmart costa rica,1698.75,económico,445.27,450.0
2026-09-23,Vino tinto,4995.0,,0,750.0,4995.0,real compañia vino tinto tempranillo botella de 750 ml / 25.4 oz,pricesmart costa rica,4995.0,económico,445.27,450.0
2026-09-23,Vino tinto,9795.0,,0,750.0,9795.0,el coto crianza rioja vino tinto tempranillo 750 ml,pricesmart costa rica,9795.0,medio,445.27,450.0
2026-09-23,Vino rosado,12470.0,,0,750.0,12470.0,the beach by whispering angel vino rosado francés 750 ml,pricesmart costa rica,12470.0,premium,445.27,450.0
2026-09-23,Vino rosado,7795.0,,0,750.0,7795.0,soupçon de fruit rosé d'anjou botella de vino rosado 750 ml / 25.4 oz,pricesmart costa rica,7795.0,medio,445.27,450.0
2026-09-23,Vino rosado,5795.0,,0,750.0,5795.0,astoria prosecco rosé vino rosado 750 ml / 25.4 oz,pricesmart costa rica,5795.0,medio,445.27,450.0
2026-09-23,Vino rosado,6370.0,,0,750.0,6370.0,pack jp chenet rosé dry vino espumoso 750 ml + chocolate vizzio 70 g,pricesmart costa rica,6370.0,medio,445.27,450.0
2026-09-23,Vino blanco,8.3102,,0,1000.0,8.3102,vino clos de pirque blanco - 1000ml patrocinado,masxmenos costa rica,6.23,económico,445.27,450.0
2026-09-23,Vino blanco,9900.0,,0,750.0,9900.0,vino freixenet cordon negro brut- 750ml,masxmenos costa rica,9900.0,medio,445.27,450.0
2026-09-24,Vino tinto,2300.0,,0,1000.0,2300.0,vino clos de pirque tinto merlot - 1000ml vendido por walmart patrocinado,walmart costa rica,1725.0,económico,447.19,451.86
2026-09-24,Vino tinto,9930.0,,0,750.0,9930.0,vino blanco marques de riscal verdejo - 750 ml,walmart costa rica,9930.0,medio,447.19,451.86
2026-09-23,Vino tinto,12995.0,,0,750.0,12995.0,catena vista flores vino tinto malbec 750 ml,pricesmart costa rica,12995.0,premium,445.27,450.0
2026-09-24,Vino tinto,11500.0,,0,750.0,11500.0,vino tinto luigi bosca malbec - 750 ml,walmart costa rica,11500.0,premium,447.19,451.86
2026-09-24,Vino tinto,3250.0,,0,375.0,3250.0,vino orgánico adobe cabernet sauvignon - 375 ml,walmart costa rica,6500.0,medio,447.19,451.86
2026-09-24,Vino tinto,5480.0,,0,750.0,5480.0,vino blanco trapiche pinot grigio -750ml,walmart costa rica,5480.0,medio,447.19,451.86
2026-09-23,Vino rosado,7795.0,,0,1000.0,7795.0,mateus the original vino rosado espumoso portugués 1 l,pricesmart costa rica,5846.25,medio,445.27,450.0
2026-09-23,Vino rosado,8795.0,,0,750.0,8795.0,taanug vino rosado francés aroma a fresas 750 ml,pricesmart costa rica,8795.0,medio,445.27,450.0
2026-09-24,Vinos general,5120.0,,0,750.0,5120.0,vino tinto undurraga cabernet - 750 ml,walmart costa rica,5120.0,medio,447.19,451.86
2026-09-24,Vinos general,20760.0,,0,750.0,20760.0,"vino rosado b &amp; g cotes de provence, 2 pack -750 ml",walmart costa rica,20760.0,super premium,447.19,451.86
2026-09-24,Vino blanco,4100.0,,0,750.0,4100.0,vino santa carolina chardonay botella - 750 ml,masxmenos costa rica,4100.0,económico,447.19,451.86
2026-09-24,Vino blanco,10300.0,,0,750.0,10300.0,navarro col. privada chardonnay 750 ml,masxmenos costa rica,10300.0,premium,447.19,451.86
2026-09-24,Vino blanco,7500.0,,0,1500.0,7500.0,vino maipo blanco chardonnay -1.5 l,masxmenos costa rica,3750.0,económico,447.19,451.86
2026-09-24,Vino blanco,6110.0,,0,750.0,6110.0,vino tinto fantini trebbiano d abruzzo -750ml,masxmenos costa rica,6110.0,medio,447.19,451.86
2026-09-23,Vino tinto,9795.0,,0,750.0,9795.0,cantina fiorentino primitivo salento vino tinto 750 ml,pricesmart costa rica,9795.0,medio,445.27,450.0
2026-09-23,Vino tinto,10495.0,,0,750.0,10495.0,montes limited selection vino cabernet sauvignon camenère 750 ml / 25.3 oz,pricesmart costa rica,10495.0,premium,445.27,450.0
2026-09-23,Vino tinto,8795.0,,0,750.0,8795.0,cune vino tinto crianza rioja 750 ml / 25.36 oz,pricesmart costa rica,8795.0,medio,445.27,450.0
2026-09-23,Vino tinto,9495.0,,0,750.0,9495.0,apothic vino tinto 750 ml / 25.4 oz,pricesmart costa rica,9495.0,medio,445.27,450.0
2026-09-23,Vino rosado,5840.0,,0,750.0,5840.0,vino im your organic rosé - 750 ml,masxmenos costa rica,5840.0,medio,445.27,450.0
2026-09-23,Vino tinto,6795.0,,0,3000.0,6795.0,clos de pirque vino tinto cabernet sauvignon 3 unidades / 1 l,pricesmart costa rica,1698.75,económico,445.27,450.0
2026-09-23,Vino tinto,5795.0,,0,750.0,5795.0,rioja próximo tempranillo vino tinto 750 ml / 25.4 oz,pricesmart costa rica,5795.0,medio,445.27,450.0
2026-09-23,Vino tinto,2395.0,,0,750.0,2395.0,loma negra vino tinto merlot 750 ml / 25.4 oz,pricesmart costa rica,2395.0,económico,445.27,450.0
2026-09-24,Vino tinto,3870.0,,0,750.0,3870.0,vino santa cecilia tinto cabernet sauvignon -750 ml,walmart costa rica,3870.0,económico,447.19,451.86
2026-09-24,Vino tinto,10010.0,,0,750.0,10010.0,vino fantini montepulciano d abruzzo 1500ml,walmart costa rica,10010.0,premium,447.19,451.86
2026-09-23,Vino rosado,3970.0,,0,750.0,3970.0,viña esmeralda vino rosado español aroma frutal 750 ml,pricesmart costa rica,3970.0,económico,445.27,450.0
2026-09-23,Vino rosado,13995.0,,0,750.0,13995.0,pasqua 11 minutes vino rosado 750 ml,pricesmart costa rica,13995.0,premium,445.27,450.0
2026-09-24,Vino tinto,4680.0,,0,750.0,4680.0,vino tinto finca las moras malbec con 13.5% vol - 750 ml vendido por walmart patrocinado,walmart costa rica,4680.0,económico,447.19,451.86
2026-09-24,Vino tinto,5830.0,,0,1500.0,5830.0,vino frontera merlot -1500 ml vendido por walmart patrocinado,walmart costa rica,2915.0,económico,447.19,451.86
2026-09-24,Vino tinto,7500.0,,0,750.0,7500.0,vino tinto contenda merlot - 750 ml vendido por walmart patrocinado,walmart costa rica,7500.0,medio,447.19,451.86
2026-09-24,Vino tinto,2580.0,,0,750.0,2580.0,vino tinto don simón tempranillo -750 ml vendido por walmart patrocinado,walmart costa rica,2580.0,económico,447.19,451.86
2026-09-23,Vino rosado,4900.0,,0,750.0,4900.0,vino soupcon de fruit rose d'anjou 2020 - 750 ml patrocinado,masxmenos costa rica,4900.0,económico,445.27,450.0
2026-09-23,Vino rosado,8020.0,,0,750.0,8020.0,vino rosado frontera gently bubbly spritzer roses -750 ml patrocinado,masxmenos costa rica,8020.0,medio,445.27,450.0
2026-09-24,Vinos general,5800.0,,0,375.0,5800.0,vino orgánico adobe merlot – 375 ml vendido por walmart patrocinado,walmart costa rica,11600.0,premium,447.19,451.86
2026-09-24,Vinos general,5200.0,,0,750.0,5200.0,vino tinto santa rita 120 carmenere - 750ml vendido por walmart patrocinado,walmart costa rica,5200.0,medio,447.19,451.86
2026-09-24,Vino tinto,7500.0,,0,1500.0,7500.0,vino viña maipo varietal merlot 1.5l,walmart costa rica,3750.0,económico,447.19,451.86
2026-09-24,Vinos general,4.7402,,0,750.0,4.7402,vino mr wild chardonnay 750 ml vendido por walmart patrocinado,walmart costa rica,4.74,económico,447.19,451.86
2026-09-24,Vinos general,9000.0,,0,750.0,9000.0,vino tinto byg merlot reserve - 750ml,walmart costa rica,9000.0,medio,447.19,451.86
2026-09-24,Vinos general,4300.0,,0,750.0,4300.0,vino riunite blanco melocotón - 750 ml,walmart costa rica,4300.0,económico,447.19,451.86
2026-09-24,Vinos general,7970.0,,0,750.0,7970.0,vino tinto santa rita 120 carmenere - 750ml,walmart costa rica,7970.0,medio,447.19,451.86
2026-09-24,Vinos general,4740.0,,0,750.0,4740.0,vino misiones rengo cabernet 750 ml,walmart costa rica,4740.0,económico,447.19,451.86
2026-09-24,Vino blanco,8380.0,,0,750.0,8380.0,vino blanco la linda sweet viognier – 750 ml,masxmenos costa rica,8380.0,medio,447.19,451.86
2026-09-24,Vino blanco,8940.0,,0,750.0,8940.0,vino frontera chardonnay - 1500ml,masxmenos costa rica,8940.0,medio,447.19,451.86
2026-09-24,Vino rosado,8670.0,,0,750.0,8670.0,vino rosado cune bailarina 750mlx6,masxmenos costa rica,8670.0,medio,447.19,451.86
2026-09-24,Vino rosado,5840.0,,0,750.0,5840.0,vino im your organic rosé - 750 ml,masxmenos costa rica,5840.0,medio,447.19,451.86
2026-09-24,Vino rosado,5640.0,,0,750.0,5640.0,vino rosado trapiche vineyards argentino - 750 ml,masxmenos costa rica,5640.0,medio,447.19,451.86
2026-09-24,Vino rosado,5770.0,,0,750.0,5770.0,vino frontera rosado concha y toro chile - 750 ml,masxmenos costa rica,5770.0,medio,447.19,451.86
2026-09-24,Vino tinto,1980.0,,0,750.0,1980.0,vino viña maipo clasic series merlot - 750 ml vendido por walmart patrocinado,walmart costa rica,1980.0,económico,447.19,451.86
2026-09-24,Vino tinto,3340.0,,0,1000.0,3340.0,vino clos de pirque cabernet sauvignon - 1000ml vendido por walmart patrocinado,walmart costa rica,2505.0,económico,447.19,451.86
2026-09-24,Vino tinto,7500.0,,0,1500.0,7500.0,vino frontera merlot -1500 ml,walmart costa rica,3750.0,económico,447.19,451.86
2026-09-24,Vino tinto,2580.0,,0,750.0,2580.0,vino tinto contenda merlot - 750 ml,walmart costa rica,2580.0,económico,447.19,451.86
2026-09-23,Vino tinto,9295.0,,0,750.0,9295.0,marques caceres crianza vino tinto 750 ml / 25.4 oz,pricesmart costa rica,9295.0,medio,445.27,450.0
2026-09-24,Vino tinto,3340.0,,0,750.0,3340.0,vino viña maipo clasic series merlot - 750 ml,walmart costa rica,3340.0,económico,447.19,451.86
2026-09-24,Vino tinto,2300.0,,0,1000.0,2300.0,vino clos de pirque cabernet sauvignon - 1000ml,walmart costa rica,1725.0,económico,447.19,451.86
2026-09-24,Vino tinto,2500.0,,0,1000.0,2500.0,vino clos de pirque tinto merlot - 1000ml,walmart costa rica,1875.0,económico,447.19,451.86
2026-09-24,Vinos general,12140.0,,0,750.0,12140.0,vino tinto protos roble botella - 750 ml,walmart costa rica,12140.0,premium,447.19,451.86
2026-09-24,Vinos general,4240.0,,0,750.0,4240.0,vino undurraga tinto merlot -750 ml,walmart costa rica,4240.0,económico,447.19,451.86
2026-09-24,Vinos general,11150.0,,0,750.0,11150.0,vino mr wild chardonnay 750 ml,walmart costa rica,11150.0,premium,447.19,451.86
2026-09-24,Vino tinto,11630.0,,0,750.0,11630.0,vino clos dp cabernet tinto sauvignon - 2000ml vendido por walmart patrocinado,walmart costa rica,11630.0,premium,447.19,451.86
2026-09-24,Vino blanco,6830.0,,0,750.0,6830.0,vino blanco blue nun authentic white- 750ml,masxmenos costa rica,6830.0,medio,447.19,451.86
2026-09-24,Vino blanco,8310.0,,0,750.0,8310.0,vino blanco protos verdejo criado sobre lias finas - 750 ml,masxmenos costa rica,8310.0,medio,447.19,451.86
2026-09-24,Vino blanco,2490.0,,0,1000.0,2490.0,vino clos de pirque blanco - 1000ml,masxmenos costa rica,1867.5,económico,447.19,451.86
2026-09-24,Vinos general,13960.0,,0,750.0,13960.0,vino espumoso undurraga brut 750 ml vendido por walmart patrocinado,walmart costa rica,13960.0,premium,447.19,451.86
2026-09-23,Vino tinto,8795.0,,0,750.0,8795.0,hacienda lópez de haro vino crianza 750 ml,pricesmart costa rica,8795.0,medio,445.27,450.0
2026-09-23,Vino tinto,5495.0,,0,750.0,5495.0,manischewitz concord grape vino tinto 750 ml / 25.36 oz,pricesmart costa rica,5495.0,medio,445.27,450.0
2026-09-24,Vino blanco,2600.0,,0,375.0,2600.0,vino adobe chardonnay orgánico -375 ml patrocinado,masxmenos costa rica,5200.0,medio,447.19,451.86
2026-09-24,Vino blanco,4900.0,,0,750.0,4900.0,vino marques de caceres blanco 750ml patrocinado,masxmenos costa rica,4900.0,económico,447.19,451.86
2026-09-24,Vinos general,7970.0,,0,750.0,7970.0,vino misiones rengo cabernet 750 ml vendido por walmart patrocinado,walmart costa rica,7970.0,medio,447.19,451.86
2026-09-24,Vino blanco,3380.0,,0,750.0,3380.0,vino peter brum liebfraulmil blan - 750ml patrocinado,masxmenos costa rica,3380.0,económico,447.19,451.86
2026-09-24,Vino blanco,5600.0,,0,1000.0,5600.0,vino don simón premium selección chardonnay - 1000 ml patrocinado,masxmenos costa rica,4200.0,económico,447.19,451.86
2026-09-24,Vino blanco,2530.0,,0,750.0,2530.0,vino blanco blue nun authentic white- 750ml patrocinado,masxmenos costa rica,2530.0,económico,447.19,451.86
2026-09-24,Vino blanco,8020.0,,0,750.0,8020.0,vino marques de caceres blanco 750ml,masxmenos costa rica,8020.0,medio,447.19,451.86
2026-09-24,Vino blanco,3380.0,,0,750.0,3380.0,vino maipo sauvignon blanco clasic series -750 ml,masxmenos costa rica,3380.0,económico,447.19,451.86
2026-09-24,Vino rosado,8020.0,,0,750.0,8020.0,vino rosado frontera gently bubbly spritzer roses -750 ml patrocinado,masxmenos costa rica,8020.0,medio,447.19,451.86
2026-09-24,Vino rosado,5770.0,,0,750.0,5770.0,vino marques de caceres rosado rioja - 750ml patrocinado,masxmenos costa rica,5770.0,medio,447.19,451.86
2026-09-24,Vino tinto,8795.0,,0,750.0,8795.0,cune vino tinto crianza rioja 750 ml / 25.36 oz,pricesmart costa rica,8795.0,medio,447.19,451.86
2026-09-24,Vino tinto,9495.0,,0,750.0,9495.0,apothic vino tinto 750 ml / 25.4 oz,pricesmart costa rica,9495.0,medio,447.19,451.86
2026-09-24,Vino tinto,9295.0,,0,750.0,9295.0,marques caceres crianza vino tinto 750 ml / 25.4 oz,pricesmart costa rica,9295.0,medio,447.19,451.86
2026-09-24,Vino tinto,6795.0,,0,3000.0,6795.0,clos de pirque vino tinto cabernet sauvignon 3 unidades / 1 l,pricesmart costa rica,1698.75,económico,447.19,451.86
2026-09-24,Vinos general,6970.0,,0,750.0,6970.0,vino torres celeste roble tinto - 750 ml vendido por walmart patrocinado,walmart costa rica,6970.0,medio,447.19,451.86
2026-09-24,Vinos general,13050.0,,0,1500.0,13050.0,vino tinto santa cecilia cabernet sauvignon – 1500 ml vendido por walmart patrocinado,walmart costa rica,6525.0,medio,447.19,451.86
2026-09-24,Vinos general,5970.0,,0,750.0,5970.0,vino espumoso undurraga brut 750 ml,walmart costa rica,5970.0,medio,447.19,451.86
2026-09-24,Vinos general,10000.0,,0,750.0,10000.0,vino torres celeste roble tinto - 750 ml,walmart costa rica,10000.0,medio,447.19,451.86
2026-09-24,Vino tinto,1980.0,,0,750.0,1980.0,vino tinto don simón tempranillo -750 ml,walmart costa rica,1980.0,económico,447.19,451.86
2026-09-24,Vinos general,5800.0,,0,750.0,5800.0,frontera cabernet sauvignon 750ml,walmart costa rica,5800.0,medio,447.19,451.86
2026-09-24,Vinos general,3250.0,,0,375.0,3250.0,vino orgánico adobe merlot – 375 ml,walmart costa rica,6500.0,medio,447.19,451.86
2026-09-24,Vinos general,4400.0,,0,750.0,4400.0,frontera frutal pink paradise 750ml,walmart costa rica,4400.0,económico,447.19,451.86
2026-09-24,Vino blanco,6830.0,,0,750.0,6830.0,vino blanco protos verdejo criado sobre lias finas - 750 ml patrocinado,masxmenos costa rica,6830.0,medio,447.19,451.86
2026-09-24,Vino blanco,8.3102,,0,1000.0,8.3102,vino clos de pirque blanco - 1000ml patrocinado,masxmenos costa rica,6.23,económico,447.19,451.86
2026-09-24,Vino blanco,5600.0,,0,750.0,5600.0,vino peter brum liebfraulmil blan - 750ml,masxmenos costa rica,5600.0,medio,447.19,451.86
2026-09-24,Vino blanco,2530.0,,0,1000.0,2530.0,vino don simón premium selección chardonnay - 1000 ml,masxmenos costa rica,1897.5,económico,447.19,451.86
2026-09-24,Vino rosado,12300.0,,0,2250.0,12300.0,vino rosado trapiche vino trapiche malbec 3x 2250 ml,masxmenos costa rica,4100.0,económico,447.19,451.86
2026-09-24,Vino rosado,3250.0,,0,375.0,3250.0,vino orgánico adobe rosé – 375 ml,masxmenos costa rica,6500.0,medio,447.19,451.86
2026-09-24,Vino rosado,8020.0,,0,750.0,8020.0,vino soupcon de fruit rose d&apos;anjou 2020 - 750 ml,masxmenos costa rica,8020.0,medio,447.19,451.86
2026-09-24,Vino rosado,5770.0,,0,750.0,5770.0,vino rosado frontera gently bubbly spritzer roses -750 ml,masxmenos costa rica,5770.0,medio,447.19,451.86
2026-09-24,Vino tinto,4680.0,,0,750.0,4680.0,vino clos dp cabernet tinto sauvignon - 2000ml,walmart costa rica,4680.0,económico,447.19,451.86
2026-09-24,Vino tinto,5830.0,,0,750.0,5830.0,vino tinto finca las moras malbec con 13.5% vol - 750 ml,walmart costa rica,5830.0,medio,447.19,451.86
2026-09-24,Frontera,6070.0,,0,750.0,6070.0,vino frontera blanco sauvignon concha y toro - 750 ml,masxmenos costa rica,6070.0,medio,447.19,451.86
2026-09-24,Frontera,6070.0,,0,750.0,6070.0,vino blanco frontera chardonnay viñedo protegido por la naturaleza - 750 ml,masxmenos costa rica,6070.0,medio,447.19,451.86
2026-09-24,Vino blanco,8020.0,,0,750.0,8020.0,vino maipo sauvignon blanco clasic series -750 ml patrocinado,masxmenos costa rica,8020.0,medio,447.19,451.86
2026-09-24,Vino rosado,9790.0,,0,750.0,9790.0,vino rose carnivor apothic - 750 ml patrocinado,masxmenos costa rica,9790.0,medio,447.19,451.86
2026-09-24,Vino rosado,5220.0,,0,750.0,5220.0,vino mr wild org rose 750 ml patrocinado,masxmenos costa rica,5220.0,medio,447.19,451.86
2026-09-24,Vino rosado,11180.0,,0,2250.0,11180.0,vino rosado trapiche vino trapiche malbec 3x 2250 ml patrocinado,masxmenos costa rica,3726.67,económico,447.19,451.86
2026-09-24,Vino rosado,9790.0,,0,750.0,9790.0,vino rosado ijalba rioja eco -750ml,masxmenos costa rica,9790.0,medio,447.19,451.86
2026-09-24,Vino rosado,14590.0,,0,750.0,14590.0,vino rose carnivor apothic - 750 ml,masxmenos costa rica,14590.0,premium,447.19,451.86
2026-09-24,Vino tinto,8795.0,,0,750.0,8795.0,hacienda lópez de haro vino crianza 750 ml,pricesmart costa rica,8795.0,medio,447.19,451.86
2026-09-24,Vino tinto,5495.0,,0,750.0,5495.0,manischewitz concord grape vino tinto 750 ml / 25.36 oz,pricesmart costa rica,5495.0,medio,447.19,451.86
2026-09-24,Vino tinto,3770.0,,0,750.0,3770.0,mantrús crianza vino tinto 750 ml / 25.36 oz,pricesmart costa rica,3770.0,económico,447.19,451.86
2026-09-24,Vino tinto,4995.0,,0,750.0,4995.0,mantrús reserva vino tinto ribera del duero 750 ml / 25.36 oz,pricesmart costa rica,4995.0,económico,447.19,451.86
2026-09-24,Vino tinto,6495.0,,0,750.0,6495.0,santa rita 120 carmenere vino tinto 750 ml,pricesmart costa rica,6495.0,medio,447.19,451.86
2026-09-24,Vino tinto,14295.0,,0,750.0,14295.0,bin 27 vino tinto reserve port fonseca 750 ml / 25.36 oz,pricesmart costa rica,14295.0,premium,447.19,451.86
2026-09-24,Vino rosado,8810.0,,0,750.0,8810.0,vino marques de caceres rosado rioja - 750ml,masxmenos costa rica,8810.0,medio,447.19,451.86
2026-09-24,Vino blanco,4730.0,,0,750.0,4730.0,vino contenda sauvignon blanc - 750 ml patrocinado,masxmenos costa rica,4730.0,económico,447.19,451.86
2026-09-24,Vino blanco,16600.0,,0,750.0,16600.0,vino luigi bosca de sangre - 750 ml,masxmenos costa rica,16600.0,super premium,447.19,451.86
2026-09-24,Vino blanco,5910.0,,0,750.0,5910.0,vino blanco frontera spritzer chardonnay eldelflower - 750 ml,masxmenos costa rica,5910.0,medio,447.19,451.86
2026-09-24,Vinos general,7360.0,,0,1500.0,7360.0,vino tinto santa cecilia cabernet sauvignon – 1500 ml,walmart costa rica,3680.0,económico,447.19,451.86
2026-09-24,Vino blanco,4730.0,,0,750.0,4730.0,vino sta rita 3 med bco sauvig 750 ml,masxmenos costa rica,4730.0,económico,447.19,451.86
2026-09-24,Vino blanco,2600.0,,0,750.0,2600.0,vino contenda sauvignon blanc - 750 ml,masxmenos costa rica,2600.0,económico,447.19,451.86
2026-09-24,Vino blanco,3250.0,,0,375.0,3250.0,vino adobe chardonnay orgánico -375 ml,masxmenos costa rica,6500.0,medio,447.19,451.86
2026-09-24,Vino rosado,12300.0,,0,375.0,12300.0,vino orgánico adobe rosé – 375 ml patrocinado,masxmenos costa rica,24600.0,super premium,447.19,451.86
2026-09-24,Vino rosado,4900.0,,0,750.0,4900.0,vino soupcon de fruit rose d'anjou 2020 - 750 ml patrocinado,masxmenos costa rica,4900.0,económico,447.19,451.86
2026-09-24,Vino rosado,4400.0,,0,750.0,4400.0,frontera frutal pink paradise 750ml,masxmenos costa rica,4400.0,económico,447.19,451.86
2026-09-24,Vino rosado,11180.0,,0,750.0,11180.0,vino mr wild org rose 750 ml,masxmenos costa rica,11180.0,premium,447.19,451.86
2026-09-24,Frontera,9120.0,,0,1500.0,9120.0,vino blanco frontera sauvignon blanc - 1500 ml,masxmenos costa rica,4560.0,económico,447.19,451.86
2026-09-24,Frontera,5930.0,,0,750.0,5930.0,frontera cabernet sauvignon 750ml,masxmenos costa rica,5930.0,medio,447.19,451.86
2026-09-24,Frontera,9380.0,,0,1500.0,9380.0,vino frontera tinto concha y toro cabernet - 1500 ml,masxmenos costa rica,4690.0,económico,447.19,451.86
2026-09-24,Frontera,5930.0,,0,750.0,5930.0,vino frontera concha y toro merlot - 750ml,masxmenos costa rica,5930.0,medio,447.19,451.86
2026-09-24,Vinos general,5000.0,,0,750.0,5000.0,vino tinto trapiche vineyards malbec - 750 ml,walmart costa rica,5000.0,económico,447.19,451.86
2026-09-24,Vinos general,13960.0,,0,750.0,13960.0,vino tinto robert mondavi mondavi cabernet sauvignon - 750 ml,walmart costa rica,13960.0,premium,447.19,451.86
2026-09-24,Vino tinto,7495.0,,0,750.0,7495.0,alamos vino tinto malbec 750 ml,pricesmart costa rica,7495.0,medio,447.19,451.86
2026-09-24,Vino tinto,4795.0,,0,750.0,4795.0,legado muñoz vino tinto tempranillo 750 ml / 25.4 oz,pricesmart costa rica,4795.0,económico,447.19,451.86
2026-09-24,Vino rosado,9200.0,,0,750.0,9200.0,vino rosado ijalba rioja eco -750ml patrocinado,masxmenos costa rica,9200.0,medio,447.19,451.86
2026-09-24,Vino tinto,8795.0,,0,1500.0,8795.0,montepulciano vino tinto de frutos rojos 1.5 l / 51 oz,pricesmart costa rica,4397.5,económico,447.19,451.86
2026-09-24,Vino tinto,5495.0,,0,750.0,5495.0,finca las moras botella de vino tinto malbec suave al paladar 750 ml / 25.4 oz,pricesmart costa rica,5495.0,medio,447.19,451.86
2026-09-24,Vino tinto,10995.0,,0,750.0,10995.0,portia roble tempranillo vino tinto 750 ml,pricesmart costa rica,10995.0,premium,447.19,451.86
2026-09-24,Frontera,5770.0,,0,750.0,5770.0,vino blanco frontera chardonnay viñedo protegido por la naturaleza - 750 ml patrocinado,masxmenos costa rica,5770.0,medio,447.19,451.86
2026-09-24,Frontera,6070.0,,0,750.0,6070.0,vino blanco frontera spritzer chardonnay eldelflower - 750 ml patrocinado,masxmenos costa rica,6070.0,medio,447.19,451.86
2026-09-24,Vino tinto,5995.0,,0,750.0,5995.0,misiones de rengo vino tinto cabernet sauvignon 750 ml / 25.36 oz,pricesmart costa rica,5995.0,medio,447.19,451.86
2026-09-24,Vino tinto,9470.0,,0,750.0,9470.0,montecillo rioja crianza vino tinto 750 ml,pricesmart costa rica,9470.0,medio,447.19,451.86
2026-09-25,Vino tinto,7500.0,,0,1500.0,7500.0,vino frontera merlot -1500 ml,walmart costa rica,3750.0,económico,450.75,453.98
2026-09-25,Vino tinto,2580.0,,0,750.0,2580.0,vino tinto contenda merlot - 750 ml,walmart costa rica,2580.0,económico,450.75,453.98
2026-09-25,Vino tinto,1980.0,,0,750.0,1980.0,vino tinto don simón tempranillo -750 ml,walmart costa rica,1980.0,económico,450.75,453.98
2026-09-25,Vino tinto,3340.0,,0,750.0,3340.0,vino viña maipo clasic series merlot - 750 ml,walmart costa rica,3340.0,económico,450.75,453.98
2026-09-24,Frontera,7500.0,,0,1500.0,7500.0,vino frontera merlot -1500 ml,masxmenos costa rica,3750.0,económico,447.19,451.86
2026-09-24,Frontera,5930.0,,0,750.0,5930.0,vino tinto frontera carmenere viñedo protegido por la naturaleza - 750 ml,masxmenos costa rica,5930.0,medio,447.19,451.86
2026-09-24,Vino rosado,14300.0,,0,750.0,14300.0,vino planeta la segreta bianco - 750 ml,masxmenos costa rica,14300.0,premium,447.19,451.86
2026-09-24,Vino rosado,8730.0,,0,750.0,8730.0,vino trivento reserva malbec rosado - 750 ml,masxmenos costa rica,8730.0,medio,447.19,451.86
2026-09-24,Vino blanco,7040.0,,0,750.0,7040.0,vino blanco carmen frida sauvignon blanc – 750 ml,masxmenos costa rica,7040.0,medio,447.19,451.86
2026-09-24,Vino rosado,12700.0,,0,750.0,12700.0,vino làudum gran reserva - 750 ml,masxmenos costa rica,12700.0,premium,447.19,451.86
2026-09-24,Vino rosado,9810.0,,0,750.0,9810.0,vino les jamelles petite rosado - 750 ml,masxmenos costa rica,9810.0,medio,447.19,451.86
2026-09-24,Vino rosado,9200.0,,0,750.0,9200.0,vino laudum chardonnay - 750 ml,masxmenos costa rica,9200.0,medio,447.19,451.86
2026-09-24,Vino tinto,6795.0,,0,1500.0,6795.0,twin view estates cabernet sauvignon vino tinto 1.5 l,pricesmart costa rica,3397.5,económico,447.19,451.86
2026-09-24,Vino tinto,7295.0,,0,1500.0,7295.0,frontera merlot vino tinto chileno botella de 1.5 l / 51 oz,pricesmart costa rica,3647.5,económico,447.19,451.86
2026-09-24,Frontera,4200.0,,0,750.0,4200.0,"vinos sub-categoría vino tinto vino blanco vino rosado departamento cervezas, vinos y licores rebaja exclusiva en línea rangos de precio",masxmenos costa rica,4200.0,económico,447.19,451.86
2026-09-24,Frontera,4400.0,,0,750.0,4400.0,vino frontera frutal tropical mango maracuyá - 750 ml,masxmenos costa rica,4400.0,económico,447.19,451.86
2026-09-24,Vino tinto,11495.0,,0,750.0,11495.0,ramon bilbao vino tinto crianza 750 ml,pricesmart costa rica,11495.0,premium,447.19,451.86
2026-09-24,Vino tinto,10495.0,,0,750.0,10495.0,m. chapoutier vino tinto côtes du rhône 750 ml / 25.36 oz,pricesmart costa rica,10495.0,premium,447.19,451.86
2026-09-24,Vino tinto,12995.0,,0,750.0,12995.0,catena vista flores vino tinto malbec 750 ml,pricesmart costa rica,12995.0,premium,447.19,451.86
2026-09-24,Vino tinto,13795.0,,0,3000.0,13795.0,carlo rossi vino tinto cuerpo medio 3 l / 101.4 oz,pricesmart costa rica,3448.75,económico,447.19,451.86
2026-09-24,Vino blanco,11560.0,,0,1500.0,11560.0,vino blanco pasqua pinot grigio -1500ml,masxmenos costa rica,5780.0,medio,447.19,451.86
2026-09-24,Vino blanco,8600.0,,0,750.0,8600.0,vino marina alta blanco 00 - 750 ml,masxmenos costa rica,8600.0,medio,447.19,451.86
2026-09-24,Vino blanco,10495.0,,0,750.0,10495.0,los vascos vino blanco sauvignon blanc 750 ml / 25.36 oz,pricesmart costa rica,10495.0,premium,447.19,451.86
2026-09-24,Vino blanco,6795.0,,0,3000.0,6795.0,clos de pirque vino blanco 3 unidades / 1 l,pricesmart costa rica,1698.75,económico,447.19,451.86
2026-09-24,Vino tinto,15995.0,,0,750.0,15995.0,marqués de riscal vino tinto rioja reserva 750 ml,pricesmart costa rica,15995.0,super premium,447.19,451.86
2026-09-24,Vino blanco,7795.0,,0,1500.0,7795.0,frontera concha & toro vino blanco sauvignon blanc semi 1.5 l,pricesmart costa rica,3897.5,económico,447.19,451.86
2026-09-24,Vino blanco,7995.0,,0,750.0,7995.0,marqués de riscal vino blanco 750 ml,pricesmart costa rica,7995.0,medio,447.19,451.86
2026-09-24,Vino blanco,7495.0,,0,750.0,7495.0,protos verdejo vino blanco 750 ml,pricesmart costa rica,7495.0,medio,447.19,451.86
2026-09-24,Vino tinto,15495.0,,0,750.0,15495.0,muga vino tinto español el anden de la estación 750 ml,pricesmart costa rica,15495.0,super premium,447.19,451.86
2026-09-24,Vino tinto,9295.0,,0,750.0,9295.0,baron philippe de rothschild vino tinto cabernet sauvignon 750 ml / 25.36 oz,pricesmart costa rica,9295.0,medio,447.19,451.86
2026-09-25,Vino tinto,4680.0,,0,750.0,4680.0,vino clos dp cabernet tinto sauvignon - 2000ml,walmart costa rica,4680.0,económico,450.75,453.98
2026-09-25,Vino tinto,5830.0,,0,750.0,5830.0,vino tinto finca las moras malbec con 13.5% vol - 750 ml,walmart costa rica,5830.0,medio,450.75,453.98
2026-09-25,Vinos general,5800.0,,0,750.0,5800.0,frontera cabernet sauvignon 750ml,walmart costa rica,5800.0,medio,450.75,453.98
2026-09-25,Vinos general,3250.0,,0,375.0,3250.0,vino orgánico adobe merlot – 375 ml,walmart costa rica,6500.0,medio,450.75,453.98
2026-09-25,Vinos general,4400.0,,0,750.0,4400.0,frontera frutal pink paradise 750ml,walmart costa rica,4400.0,económico,450.75,453.98
2026-09-25,Vinos general,7970.0,,0,750.0,7970.0,vino tinto santa rita 120 carmenere - 750ml,walmart costa rica,7970.0,medio,450.75,453.98
2026-09-24,Vino tinto,20795.0,,0,2250.0,20795.0,faustino rivero ulecia set vinos rioja 3 unidades / 750 ml,pricesmart costa rica,6931.67,medio,447.19,451.86
2026-09-24,Vino tinto,7495.0,,0,750.0,7495.0,santa rita 120 reserva especial vino tinto 4 unidades / 187.5 ml / 6.3 oz,pricesmart costa rica,7495.0,medio,447.19,451.86
2026-09-24,Frontera,9380.0,,0,750.0,9380.0,vino frontera concha y toro merlot - 750ml patrocinado,masxmenos costa rica,9380.0,medio,447.19,451.86
2026-09-24,Frontera,5930.0,,0,1500.0,5930.0,vino frontera merlot -1500 ml patrocinado,masxmenos costa rica,2965.0,económico,447.19,451.86
2026-09-24,Vino rosado,11200.0,,0,750.0,11200.0,vino làudum barrica - 750 ml,masxmenos costa rica,11200.0,premium,447.19,451.86
2026-09-24,Frontera,5770.0,,0,750.0,5770.0,vino tinto frontera carmenere viñedo protegido por la naturaleza - 750 ml patrocinado,masxmenos costa rica,5770.0,medio,447.19,451.86
2026-09-24,Frontera,5930.0,,0,750.0,5930.0,vino frontera blanco sauvignon concha y toro - 750 ml patrocinado,masxmenos costa rica,5930.0,medio,447.19,451.86
2026-09-24,Frontera,6070.0,,0,750.0,6070.0,vino rosado frontera gently bubbly spritzer roses -750 ml patrocinado,masxmenos costa rica,6070.0,medio,447.19,451.86
2026-09-24,Vino blanco,2395.0,,0,750.0,2395.0,loma negra chardonnay classic vino blanco 750 ml / 25.4 oz,pricesmart costa rica,2395.0,económico,447.19,451.86
2026-09-24,Vino tinto,4970.0,,0,750.0,4970.0,arrogante frog cabernet sauvignon merlot vino tinto 750 ml,pricesmart costa rica,4970.0,económico,447.19,451.86
2026-09-24,Vino tinto,9795.0,,0,750.0,9795.0,cantina fiorentino primitivo salento vino tinto 750 ml,pricesmart costa rica,9795.0,medio,447.19,451.86
2026-09-24,Vino tinto,10495.0,,0,750.0,10495.0,montes limited selection vino cabernet sauvignon camenère 750 ml / 25.3 oz,pricesmart costa rica,10495.0,premium,447.19,451.86
2026-09-24,Vino rosado,7495.01,,0,750.0,7495.01,calvet rose d'anjou vino rosado 750 ml / 25.4 oz,pricesmart costa rica,7495.01,medio,447.19,451.86
2026-09-24,Vino blanco,9495.0,,0,750.0,9495.0,gemma di luna pinot grigio vino blanco 750 ml,pricesmart costa rica,9495.0,medio,447.19,451.86
2026-09-24,Vino blanco,7995.0,,0,750.0,7995.0,casal garcía vino blanco vinho verde 750 ml,pricesmart costa rica,7995.0,medio,447.19,451.86
2026-09-24,Vino blanco,5495.0,,0,750.0,5495.0,las moras pinot grigio vino blanco botella de 750 ml / 25.4 oz,pricesmart costa rica,5495.0,medio,447.19,451.86
2026-09-24,Vino rosado,10810.0,,0,750.0,10810.0,vino rosado canti prosecco - 750 ml,masxmenos costa rica,10810.0,premium,447.19,451.86
2026-09-24,Vino rosado,5220.0,,0,750.0,5220.0,vino dulce rosado st. helena – 750 ml,masxmenos costa rica,5220.0,medio,447.19,451.86
2026-09-25,Vino tinto,10010.0,,0,750.0,10010.0,vino fantini montepulciano d abruzzo 1500ml,walmart costa rica,10010.0,premium,450.75,453.98
2026-09-25,Vino tinto,6510.0,,0,3000.0,6510.0,2 pack sangría don simon -3000ml,walmart costa rica,1627.5,económico,450.75,453.98
2026-09-24,Vino blanco,15495.0,,0,750.0,15495.0,santa margherita vino blanco pinot grigio 750 ml / 25.36 oz,pricesmart costa rica,15495.0,super premium,447.19,451.86
2026-09-25,Vino tinto,2420.0,,0,1000.0,2420.0,vino don simon premium merlot - 1000ml,walmart costa rica,1815.0,económico,450.75,453.98
2026-09-25,Vino tinto,3340.0,,0,750.0,3340.0,vino viña maipo classic series cabernet sauvignon -750 ml,walmart costa rica,3340.0,económico,450.75,453.98
2026-09-25,Vino tinto,4400.0,,0,750.0,4400.0,vino frontera frutal tinto de verano manzana naranja - 750 ml,walmart costa rica,4400.0,económico,450.75,453.98
2026-09-24,Vino rosado,5795.0,,0,750.0,5795.0,astoria prosecco rosé vino rosado 750 ml / 25.4 oz,pricesmart costa rica,5795.0,medio,447.19,451.86
2026-09-24,Vino rosado,6370.0,,0,750.0,6370.0,pack jp chenet rosé dry vino espumoso 750 ml + chocolate vizzio 70 g,pricesmart costa rica,6370.0,medio,447.19,451.86
2026-09-25,Vinos general,11500.0,,0,750.0,11500.0,vino tinto luigi bosca cabernet sauvignon 2020 - 750 ml,walmart costa rica,11500.0,premium,450.75,453.98
2026-09-25,Vinos general,5670.0,,0,750.0,5670.0,vino tarapacá tinto merlot - 750 ml,walmart costa rica,5670.0,medio,450.75,453.98
2026-09-25,Vino blanco,8600.0,,0,750.0,8600.0,vino marina alta blanco 00 - 750 ml,masxmenos costa rica,8600.0,medio,450.75,453.98
2026-09-25,Vino blanco,16600.0,,0,750.0,16600.0,vino luigi bosca de sangre - 750 ml,masxmenos costa rica,16600.0,super premium,450.75,453.98
2026-09-25,Vino blanco,5910.0,,0,750.0,5910.0,vino blanco frontera spritzer chardonnay eldelflower - 750 ml,masxmenos costa rica,5910.0,medio,450.75,453.98
2026-09-25,Vino blanco,7040.0,,0,750.0,7040.0,vino blanco carmen frida sauvignon blanc – 750 ml,masxmenos costa rica,7040.0,medio,450.75,453.98
2026-09-25,Vino tinto,5480.0,,0,750.0,5480.0,vino blanco trapiche pinot grigio -750ml,walmart costa rica,5480.0,medio,450.75,453.98
2026-09-25,Vino tinto,3870.0,,0,750.0,3870.0,vino santa cecilia tinto cabernet sauvignon -750 ml,walmart costa rica,3870.0,económico,450.75,453.98
2026-09-24,Vino tinto,20995.0,,0,750.0,20995.0,pulenta estate malbec vino tinto 750 ml,pricesmart costa rica,20995.0,super premium,447.19,451.86
2026-09-24,Vino tinto,11995.0,,0,750.0,11995.0,pasqua zin primitivo vino tinto 750 ml,pricesmart costa rica,11995.0,premium,447.19,451.86
2026-09-24,Frontera,7500.0,,0,750.0,7500.0,vino frontera rosado concha y toro chile - 750 ml patrocinado,masxmenos costa rica,7500.0,medio,447.19,451.86
2026-09-24,Vino tinto,4995.0,,0,750.0,4995.0,real compañia vino tinto tempranillo botella de 750 ml / 25.4 oz,pricesmart costa rica,4995.0,económico,447.19,451.86
2026-09-24,Vino tinto,8495.0,,0,750.0,8495.0,ruffino vino tinto chianti classico 750 ml / 25.36 oz,pricesmart costa rica,8495.0,medio,447.19,451.86
2026-09-24,Vino tinto,14995.0,,0,750.0,14995.0,campo viejo vino tinto reserva 750 ml,pricesmart costa rica,14995.0,premium,447.19,451.86
2026-09-25,Vino tinto,4650.0,,0,1000.0,4650.0,2 pack sangria peñasol tinta -1000ml,walmart costa rica,3487.5,económico,450.75,453.98
2026-09-25,Vino tinto,11630.0,,0,750.0,11630.0,navarro colección privada vero faraone malbec - 750ml,walmart costa rica,11630.0,premium,450.75,453.98
2026-09-24,Vino rosado,8795.0,,0,750.0,8795.0,les jamelles vino rosado francés 750 ml / 25.36 oz,pricesmart costa rica,8795.0,medio,447.19,451.86
2026-09-24,Vino rosado,5995.0,,0,750.0,5995.0,woodbridge vino rosado zinfandel blanco 750 ml / 25.36 oz,pricesmart costa rica,5995.0,medio,447.19,451.86
2026-09-25,Vino tinto,2300.0,,0,1000.0,2300.0,vino clos de pirque tinto merlot - 1000ml vendido por walmart patrocinado,walmart costa rica,1725.0,económico,450.75,453.98
2026-09-25,Vino tinto,7500.0,,0,1500.0,7500.0,vino viña maipo varietal merlot 1.5l,walmart costa rica,3750.0,económico,450.75,453.98
2026-09-25,Vino tinto,11500.0,,0,750.0,11500.0,vino tinto luigi bosca malbec - 750 ml,walmart costa rica,11500.0,premium,450.75,453.98
2026-09-25,Vino tinto,3250.0,,0,375.0,3250.0,vino orgánico adobe cabernet sauvignon - 375 ml,walmart costa rica,6500.0,medio,450.75,453.98
2026-09-24,Vino tinto,5795.0,,0,750.0,5795.0,rioja próximo tempranillo vino tinto 750 ml / 25.4 oz,pricesmart costa rica,5795.0,medio,447.19,451.86
2026-09-24,Vino tinto,2395.0,,0,750.0,2395.0,loma negra vino tinto merlot 750 ml / 25.4 oz,pricesmart costa rica,2395.0,económico,447.19,451.86
2026-09-25,Vinos general,4820.0,,0,750.0,4820.0,vino tinto albali pinot grigio -750ml,walmart costa rica,4820.0,económico,450.75,453.98
2026-09-25,Vinos general,20760.0,,0,750.0,20760.0,"vino rosado b &amp; g cotes de provence, 2 pack -750 ml",walmart costa rica,20760.0,super premium,450.75,453.98
2026-09-25,Vino tinto,3830.0,,0,750.0,3830.0,vino tinto teber dulce - 750ml,walmart costa rica,3830.0,económico,450.75,453.98
2026-09-25,Vinos general,8000.0,,0,1125.0,8000.0,vino viñas del tango malbec - 1125 ml,walmart costa rica,5333.33,medio,450.75,453.98
2026-09-25,Vinos general,5670.0,,0,750.0,5670.0,vino pata negra valdepenas crianza - 750 ml,walmart costa rica,5670.0,medio,450.75,453.98
2026-09-25,Vinos general,13960.0,,0,750.0,13960.0,vino tinto robert mondavi mondavi cabernet sauvignon - 750 ml,walmart costa rica,13960.0,premium,450.75,453.98
2026-09-25,Vino tinto,7500.0,,0,750.0,7500.0,vino tinto contenda merlot - 750 ml vendido por walmart patrocinado,walmart costa rica,7500.0,medio,450.75,453.98
2026-09-25,Vino tinto,2580.0,,0,750.0,2580.0,vino tinto don simón tempranillo -750 ml vendido por walmart patrocinado,walmart costa rica,2580.0,económico,450.75,453.98
2026-09-25,Vino blanco,6110.0,,0,750.0,6110.0,vino tinto fantini trebbiano d abruzzo -750ml,masxmenos costa rica,6110.0,medio,450.75,453.98
2026-09-25,Vino blanco,11560.0,,0,1500.0,11560.0,vino blanco pasqua pinot grigio -1500ml,masxmenos costa rica,5780.0,medio,450.75,453.98
2026-09-25,Vino rosado,8730.0,,0,750.0,8730.0,vino trivento reserva malbec rosado - 750 ml,masxmenos costa rica,8730.0,medio,450.75,453.98
2026-09-25,Vino rosado,14300.0,,0,750.0,14300.0,vino planeta la segreta bianco - 750 ml,masxmenos costa rica,14300.0,premium,450.75,453.98
2026-09-25,Vino rosado,11200.0,,0,750.0,11200.0,vino làudum barrica - 750 ml,masxmenos costa rica,11200.0,premium,450.75,453.98
2026-09-25,Vino rosado,9810.0,,0,750.0,9810.0,vino les jamelles petite rosado - 750 ml,masxmenos costa rica,9810.0,medio,450.75,453.98
2026-09-25,Vinos general,4240.0,,0,750.0,4240.0,vino undurraga tinto merlot -750 ml,walmart costa rica,4240.0,económico,450.75,453.98
2026-09-25,Vinos general,5120.0,,0,750.0,5120.0,vino tinto undurraga cabernet - 750 ml,walmart costa rica,5120.0,medio,450.75,453.98
2026-09-24,Vino rosado,7795.0,,0,1000.0,7795.0,mateus the original vino rosado espumoso portugués 1 l,pricesmart costa rica,5846.25,medio,447.19,451.86
2026-09-24,Vino rosado,8795.0,,0,750.0,8795.0,taanug vino rosado francés aroma a fresas 750 ml,pricesmart costa rica,8795.0,medio,447.19,451.86
2026-09-24,Vino tinto,9795.0,,0,750.0,9795.0,el coto crianza rioja vino tinto tempranillo 750 ml,pricesmart costa rica,9795.0,medio,447.19,451.86
2026-09-24,Vino rosado,13995.0,,0,750.0,13995.0,pasqua 11 minutes vino rosado 750 ml,pricesmart costa rica,13995.0,premium,447.19,451.86
2026-09-24,Vino rosado,12470.0,,0,750.0,12470.0,the beach by whispering angel vino rosado francés 750 ml,pricesmart costa rica,12470.0,premium,447.19,451.86
2026-09-24,Vino rosado,7795.0,,0,750.0,7795.0,soupçon de fruit rosé d'anjou botella de vino rosado 750 ml / 25.4 oz,pricesmart costa rica,7795.0,medio,447.19,451.86
2026-09-25,Vinos general,7360.0,,0,1500.0,7360.0,vino tinto santa cecilia cabernet sauvignon – 1500 ml,walmart costa rica,3680.0,económico,450.75,453.98
2026-09-25,Vinos general,10000.0,,0,750.0,10000.0,vino torres celeste roble tinto - 750 ml,walmart costa rica,10000.0,medio,450.75,453.98
2026-09-25,Vino tinto,1980.0,,0,750.0,1980.0,vino viña maipo clasic series merlot - 750 ml vendido por walmart patrocinado,walmart costa rica,1980.0,económico,450.75,453.98
2026-09-25,Vino tinto,3340.0,,0,1000.0,3340.0,vino clos de pirque cabernet sauvignon - 1000ml vendido por walmart patrocinado,walmart costa rica,2505.0,económico,450.75,453.98
2026-09-25,Vinos general,4.7402,,0,750.0,4.7402,vino mr wild chardonnay 750 ml vendido por walmart patrocinado,walmart costa rica,4.74,económico,450.75,453.98
2026-09-25,Vinos general,11150.0,,0,750.0,11150.0,vino casillero del diablo chardonnay - 750ml vendido por walmart patrocinado,walmart costa rica,11150.0,premium,450.75,453.98
2026-09-25,Vinos general,8800.0,,0,750.0,8800.0,vino i’m your organic blanco viura -750 ml vendido por walmart patrocinado,walmart costa rica,8800.0,medio,450.75,453.98
2026-09-25,Vinos general,5790.0,,0,1000.0,5790.0,vino don símon tinto de mesa - 1000ml vendido por walmart patrocinado,walmart costa rica,4342.5,económico,450.75,453.98
2026-09-25,Vino tinto,2300.0,,0,1000.0,2300.0,vino clos de pirque cabernet sauvignon - 1000ml,walmart costa rica,1725.0,económico,450.75,453.98
2026-09-25,Vino tinto,2500.0,,0,1000.0,2500.0,vino clos de pirque tinto merlot - 1000ml,walmart costa rica,1875.0,económico,450.75,453.98
2026-09-25,Vino blanco,5600.0,,0,750.0,5600.0,vino blanco protos verdejo criado sobre lias finas - 750 ml patrocinado,masxmenos costa rica,5600.0,medio,450.75,453.98
2026-09-25,Vino blanco,8.3102,,0,1000.0,8.3102,vino clos de pirque blanco - 1000ml patrocinado,masxmenos costa rica,6.23,económico,450.75,453.98
2026-09-25,Vinos general,6300.0,,0,750.0,6300.0,vino beringer zinfandel rosado - 750ml,walmart costa rica,6300.0,medio,450.75,453.98
2026-09-25,Vino blanco,8380.0,,0,750.0,8380.0,vino blanco la linda sweet viognier – 750 ml,masxmenos costa rica,8380.0,medio,450.75,453.98
2026-09-25,Vino blanco,8940.0,,0,750.0,8940.0,vino frontera chardonnay - 1500ml,masxmenos costa rica,8940.0,medio,450.75,453.98
2026-09-25,Vino blanco,4100.0,,0,750.0,4100.0,vino santa carolina chardonay botella - 750 ml,masxmenos costa rica,4100.0,económico,450.75,453.98
2026-09-25,Vino blanco,2490.0,,0,1000.0,2490.0,vino clos de pirque blanco - 1000ml,masxmenos costa rica,1867.5,económico,450.75,453.98
2026-09-25,Vinos general,5800.0,,0,375.0,5800.0,vino orgánico adobe merlot – 375 ml vendido por walmart patrocinado,walmart costa rica,11600.0,premium,450.75,453.98
2026-09-25,Vino rosado,10810.0,,0,750.0,10810.0,vino rosado canti prosecco - 750 ml,masxmenos costa rica,10810.0,premium,450.75,453.98
2026-09-25,Vino rosado,5220.0,,0,750.0,5220.0,vino dulce rosado st. helena – 750 ml,masxmenos costa rica,5220.0,medio,450.75,453.98
2026-09-25,Frontera,9380.0,,0,750.0,9380.0,vino frontera concha y toro merlot - 750ml patrocinado,masxmenos costa rica,9380.0,medio,450.75,453.98
2026-09-25,Frontera,5930.0,,0,1500.0,5930.0,vino frontera merlot -1500 ml patrocinado,masxmenos costa rica,2965.0,económico,450.75,453.98
2026-09-25,Frontera,7500.0,,0,750.0,7500.0,vino frontera rosado concha y toro chile - 750 ml patrocinado,masxmenos costa rica,7500.0,medio,450.75,453.98
2026-09-25,Frontera,5770.0,,0,750.0,5770.0,vino tinto frontera carmenere viñedo protegido por la naturaleza - 750 ml patrocinado,masxmenos costa rica,5770.0,medio,450.75,453.98
2026-09-25,Vino blanco,3380.0,,0,1000.0,3380.0,vino don simón premium selección chardonnay - 1000 ml patrocinado,masxmenos costa rica,2535.0,económico,450.75,453.98
2026-09-25,Vino blanco,2530.0,,0,750.0,2530.0,vino peter brum liebfraulmil blan - 750ml patrocinado,masxmenos costa rica,2530.0,económico,450.75,453.98
2026-09-25,Vinos general,8800.0,,0,750.0,8800.0,vino casillero del diablo chardonnay - 750ml,walmart costa rica,8800.0,medio,450.75,453.98
2026-09-25,Vinos general,5790.0,,0,750.0,5790.0,vino i’m your organic blanco viura -750 ml,walmart costa rica,5790.0,medio,450.75,453.98
2026-09-24,Vino rosado,3970.0,,0,750.0,3970.0,viña esmeralda vino rosado español aroma frutal 750 ml,pricesmart costa rica,3970.0,económico,447.19,451.86
2026-09-25,Vino tinto,11630.0,,0,750.0,11630.0,vino clos dp cabernet tinto sauvignon - 2000ml vendido por walmart patrocinado,walmart costa rica,11630.0,premium,450.75,453.98
2026-09-25,Vino tinto,4680.0,,0,750.0,4680.0,vino tinto finca las moras malbec con 13.5% vol - 750 ml vendido por walmart patrocinado,walmart costa rica,4680.0,económico,450.75,453.98
2026-09-25,Vino tinto,5830.0,,0,1500.0,5830.0,vino frontera merlot -1500 ml vendido por walmart patrocinado,walmart costa rica,2915.0,económico,450.75,453.98
2026-09-25,Vino blanco,7500.0,,0,1500.0,7500.0,vino maipo blanco chardonnay -1.5 l,masxmenos costa rica,3750.0,económico,450.75,453.98
2026-09-25,Vino blanco,10300.0,,0,750.0,10300.0,navarro col. privada chardonnay 750 ml,masxmenos costa rica,10300.0,premium,450.75,453.98
2026-09-25,Vinos general,5200.0,,0,750.0,5200.0,vino tinto santa rita 120 carmenere - 750ml vendido por walmart patrocinado,walmart costa rica,5200.0,medio,450.75,453.98
2026-09-25,Vinos general,7970.0,,0,750.0,7970.0,vino misiones rengo cabernet 750 ml vendido por walmart patrocinado,walmart costa rica,7970.0,medio,450.75,453.98
2026-09-25,Vino blanco,4730.0,,0,750.0,4730.0,vino contenda sauvignon blanc - 750 ml patrocinado,masxmenos costa rica,4730.0,económico,450.75,453.98
2026-09-25,Vino blanco,2600.0,,0,375.0,2600.0,vino adobe chardonnay orgánico -375 ml patrocinado,masxmenos costa rica,5200.0,medio,450.75,453.98
2026-09-25,Vino blanco,4900.0,,0,750.0,4900.0,vino marques de caceres blanco 750ml patrocinado,masxmenos costa rica,4900.0,económico,450.75,453.98
2026-09-25,Vino blanco,8020.0,,0,750.0,8020.0,vino maipo sauvignon blanco clasic series -750 ml patrocinado,masxmenos costa rica,8020.0,medio,450.75,453.98
2026-09-25,Vinos general,4740.0,,0,750.0,4740.0,vino misiones rengo cabernet 750 ml,walmart costa rica,4740.0,económico,450.75,453.98
2026-09-25,Vinos general,11150.0,,0,750.0,11150.0,vino mr wild chardonnay 750 ml,walmart costa rica,11150.0,premium,450.75,453.98
2026-09-25,Vino rosado,12300.0,,0,375.0,12300.0,vino orgánico adobe rosé – 375 ml patrocinado,masxmenos costa rica,24600.0,super premium,450.75,453.98
2026-09-25,Vino rosado,4900.0,,0,750.0,4900.0,vino soupcon de fruit rose d'anjou 2020 - 750 ml patrocinado,masxmenos costa rica,4900.0,económico,450.75,453.98
2026-09-25,Vino blanco,3950.0,,0,750.0,3950.0,vino blanco teber dulce - 750ml,masxmenos costa rica,3950.0,económico,450.75,453.98
2026-09-25,Vino rosado,5770.0,,0,750.0,5770.0,vino marques de caceres rosado rioja - 750ml patrocinado,masxmenos costa rica,5770.0,medio,450.75,453.98
2026-09-25,Vino rosado,8670.0,,0,750.0,8670.0,vino rosado cune bailarina 750mlx6,masxmenos costa rica,8670.0,medio,450.75,453.98
2026-09-25,Vino rosado,5840.0,,0,750.0,5840.0,vino im your organic rosé - 750 ml,masxmenos costa rica,5840.0,medio,450.75,453.98
2026-09-25,Vino rosado,8020.0,,0,750.0,8020.0,vino soupcon de fruit rose d&apos;anjou 2020 - 750 ml,masxmenos costa rica,8020.0,medio,450.75,453.98
2026-09-25,Vino rosado,5770.0,,0,750.0,5770.0,vino rosado frontera gently bubbly spritzer roses -750 ml,masxmenos costa rica,5770.0,medio,450.75,453.98
2026-09-25,Vino tinto,5795.0,,0,750.0,5795.0,rioja próximo tempranillo vino tinto 750 ml / 25.4 oz,pricesmart costa rica,5795.0,medio,450.75,453.98
2026-09-25,Vino tinto,2395.0,,0,750.0,2395.0,loma negra vino tinto merlot 750 ml / 25.4 oz,pricesmart costa rica,2395.0,económico,450.75,453.98
2026-09-25,Vino tinto,7670.0,,0,750.0,7670.0,douce nature vino tinto pinot noir orgánico 750 ml / 25.36 oz,pricesmart costa rica,7670.0,medio,450.75,453.98
2026-09-25,Vino tinto,11995.0,,0,750.0,11995.0,pasqua zin primitivo vino tinto 750 ml,pricesmart costa rica,11995.0,premium,450.75,453.98
2026-09-25,Vino tinto,9795.0,,0,750.0,9795.0,el coto crianza rioja vino tinto tempranillo 750 ml,pricesmart costa rica,9795.0,medio,450.75,453.98
2026-09-25,Vino tinto,8495.0,,0,750.0,8495.0,ruffino vino tinto chianti classico 750 ml / 25.36 oz,pricesmart costa rica,8495.0,medio,450.75,453.98
2026-09-25,Vino rosado,5220.0,,0,750.0,5220.0,vino mr wild org rose 750 ml patrocinado,masxmenos costa rica,5220.0,medio,450.75,453.98
2026-09-25,Vino rosado,11180.0,,0,2250.0,11180.0,vino tinto trapiche vineyards malbec 3 pack - 2250 ml patrocinado,masxmenos costa rica,3726.67,económico,450.75,453.98
2026-09-25,Vino blanco,3250.0,,0,375.0,3250.0,vino adobe chardonnay orgánico -375 ml,masxmenos costa rica,6500.0,medio,450.75,453.98
2026-09-25,Vino blanco,8020.0,,0,750.0,8020.0,vino marques de caceres blanco 750ml,masxmenos costa rica,8020.0,medio,450.75,453.98
2026-09-25,Vinos general,2160.0,,0,1000.0,2160.0,vino don símon tinto de mesa - 1000ml,walmart costa rica,1620.0,económico,450.75,453.98
2026-09-25,Vino blanco,2530.0,,0,1000.0,2530.0,vino don simón premium selección chardonnay - 1000 ml,masxmenos costa rica,1897.5,económico,450.75,453.98
2026-09-25,Vino blanco,5600.0,,0,750.0,5600.0,vino peter brum liebfraulmil blan - 750ml,masxmenos costa rica,5600.0,medio,450.75,453.98
2026-09-25,Vino blanco,8310.0,,0,750.0,8310.0,vino blanco protos verdejo criado sobre lias finas - 750 ml,masxmenos costa rica,8310.0,medio,450.75,453.98
2026-09-25,Vino rosado,5640.0,,0,750.0,5640.0,vino rosado trapiche vineyards argentino - 750 ml,masxmenos costa rica,5640.0,medio,450.75,453.98
2026-09-25,Vino rosado,5770.0,,0,750.0,5770.0,vino frontera rosado concha y toro chile - 750 ml,masxmenos costa rica,5770.0,medio,450.75,453.98
2026-09-25,Vino rosado,8810.0,,0,750.0,8810.0,vino marques de caceres rosado rioja - 750ml,masxmenos costa rica,8810.0,medio,450.75,453.98
2026-09-25,Vino blanco,7040.0,,0,750.0,7040.0,vino sta rita 3 med bco sauvig 750 ml patrocinado,masxmenos costa rica,7040.0,medio,450.75,453.98
2026-09-25,Frontera,6070.0,,0,750.0,6070.0,vino frontera blanco sauvignon concha y toro - 750 ml,masxmenos costa rica,6070.0,medio,450.75,453.98
2026-09-25,Frontera,6070.0,,0,750.0,6070.0,vino blanco frontera chardonnay viñedo protegido por la naturaleza - 750 ml,masxmenos costa rica,6070.0,medio,450.75,453.98
2026-09-25,Vino rosado,9200.0,,0,750.0,9200.0,vino rosado ijalba rioja eco -750ml patrocinado,masxmenos costa rica,9200.0,medio,450.75,453.98
2026-09-25,Vino rosado,9790.0,,0,750.0,9790.0,vino rose carnivor apothic - 750 ml patrocinado,masxmenos costa rica,9790.0,medio,450.75,453.98
2026-09-25,Vino blanco,4730.0,,0,750.0,4730.0,vino sta rita 3 med bco sauvig 750 ml,masxmenos costa rica,4730.0,económico,450.75,453.98
2026-09-25,Vino blanco,2600.0,,0,750.0,2600.0,vino contenda sauvignon blanc - 750 ml,masxmenos costa rica,2600.0,económico,450.75,453.98
2026-09-25,Vino tinto,10995.0,,0,750.0,10995.0,portia roble tempranillo vino tinto 750 ml,pricesmart costa rica,10995.0,premium,450.75,453.98
2026-09-25,Vino tinto,7295.0,,0,1500.0,7295.0,frontera merlot vino tinto chileno botella de 1.5 l / 51 oz,pricesmart costa rica,3647.5,económico,450.75,453.98
2026-09-25,Vino rosado,8020.0,,0,750.0,8020.0,vino rosado frontera gently bubbly spritzer roses -750 ml patrocinado,masxmenos costa rica,8020.0,medio,450.75,453.98
2026-09-25,Vino tinto,5495.0,,0,750.0,5495.0,manischewitz concord grape vino tinto 750 ml / 25.36 oz,pricesmart costa rica,5495.0,medio,450.75,453.98
2026-09-25,Vino tinto,9495.0,,0,750.0,9495.0,apothic vino tinto 750 ml / 25.4 oz,pricesmart costa rica,9495.0,medio,450.75,453.98
2026-09-25,Vino tinto,8795.0,,0,750.0,8795.0,cune vino tinto crianza rioja 750 ml / 25.36 oz,pricesmart costa rica,8795.0,medio,450.75,453.98
2026-09-25,Frontera,9380.0,,0,1500.0,9380.0,vino frontera tinto concha y toro cabernet - 1500 ml,masxmenos costa rica,4690.0,económico,450.75,453.98
2026-09-25,Frontera,5930.0,,0,750.0,5930.0,vino frontera concha y toro merlot - 750ml,masxmenos costa rica,5930.0,medio,450.75,453.98
2026-09-26,Vino tinto,2300.0,,0,1000.0,2300.0,vino clos de pirque cabernet sauvignon - 1000ml,walmart costa rica,1725.0,económico,450.87,454.15
2026-09-26,Vino tinto,2500.0,,0,1000.0,2500.0,vino clos de pirque tinto merlot - 1000ml,walmart costa rica,1875.0,económico,450.87,454.15
2026-09-25,Vino rosado,8795.0,,0,750.0,8795.0,taanug vino rosado francés aroma a fresas 750 ml,pricesmart costa rica,8795.0,medio,450.75,453.98
2026-09-25,Vino rosado,3970.0,,0,750.0,3970.0,viña esmeralda vino rosado español aroma frutal 750 ml,pricesmart costa rica,3970.0,económico,450.75,453.98
2026-09-25,Vino rosado,7795.0,,0,1000.0,7795.0,mateus the original vino rosado espumoso portugués 1 l,pricesmart costa rica,5846.25,medio,450.75,453.98
2026-09-25,Vino rosado,13995.0,,0,750.0,13995.0,pasqua 11 minutes vino rosado 750 ml,pricesmart costa rica,13995.0,premium,450.75,453.98
2026-09-25,Vino tinto,5495.0,,0,750.0,5495.0,finca las moras botella de vino tinto malbec suave al paladar 750 ml / 25.4 oz,pricesmart costa rica,5495.0,medio,450.75,453.98
2026-09-25,Vino tinto,6795.0,,0,1500.0,6795.0,twin view estates cabernet sauvignon vino tinto 1.5 l,pricesmart costa rica,3397.5,económico,450.75,453.98
2026-09-25,Vino rosado,9790.0,,0,750.0,9790.0,vino rosado ijalba rioja eco -750ml,masxmenos costa rica,9790.0,medio,450.75,453.98
2026-09-25,Vino rosado,14590.0,,0,750.0,14590.0,vino rose carnivor apothic - 750 ml,masxmenos costa rica,14590.0,premium,450.75,453.98
2026-09-25,Vino blanco,3380.0,,0,750.0,3380.0,vino maipo sauvignon blanco clasic series -750 ml,masxmenos costa rica,3380.0,económico,450.75,453.98
2026-09-25,Vino rosado,11180.0,,0,750.0,11180.0,vino mr wild org rose 750 ml,masxmenos costa rica,11180.0,premium,450.75,453.98
2026-09-25,Vino rosado,12300.0,,0,2250.0,12300.0,vino tinto trapiche vineyards malbec 3 pack - 2250 ml,masxmenos costa rica,4100.0,económico,450.75,453.98
2026-09-25,Vino rosado,3250.0,,0,375.0,3250.0,vino orgánico adobe rosé – 375 ml,masxmenos costa rica,6500.0,medio,450.75,453.98
2026-09-25,Vino tinto,9295.0,,0,750.0,9295.0,marques caceres crianza vino tinto 750 ml / 25.4 oz,pricesmart costa rica,9295.0,medio,450.75,453.98
2026-09-25,Vino tinto,6795.0,,0,3000.0,6795.0,clos de pirque vino tinto cabernet sauvignon 3 unidades / 1 l,pricesmart costa rica,1698.75,económico,450.75,453.98
2026-09-25,Frontera,7500.0,,0,1500.0,7500.0,vino frontera merlot -1500 ml,masxmenos costa rica,3750.0,económico,450.75,453.98
2026-09-25,Frontera,5930.0,,0,750.0,5930.0,vino tinto frontera carmenere viñedo protegido por la naturaleza - 750 ml,masxmenos costa rica,5930.0,medio,450.75,453.98
2026-09-25,Vino tinto,7495.0,,0,750.0,7495.0,alamos vino tinto malbec 750 ml,pricesmart costa rica,7495.0,medio,450.75,453.98
2026-09-25,Vino tinto,4795.0,,0,750.0,4795.0,legado muñoz vino tinto tempranillo 750 ml / 25.4 oz,pricesmart costa rica,4795.0,económico,450.75,453.98
2026-09-25,Vino tinto,15995.0,,0,750.0,15995.0,marqués de riscal vino tinto rioja reserva 750 ml,pricesmart costa rica,15995.0,super premium,450.75,453.98
2026-09-25,Vino tinto,8795.0,,0,1500.0,8795.0,montepulciano vino tinto de frutos rojos 1.5 l / 51 oz,pricesmart costa rica,4397.5,económico,450.75,453.98
2026-09-25,Vino rosado,12700.0,,0,750.0,12700.0,vino làudum gran reserva - 750 ml,masxmenos costa rica,12700.0,premium,450.75,453.98
2026-09-25,Vino rosado,9200.0,,0,750.0,9200.0,vino laudum chardonnay - 750 ml,masxmenos costa rica,9200.0,medio,450.75,453.98
2026-09-26,Vino tinto,4650.0,,0,1000.0,4650.0,2 pack sangria peñasol tinta -1000ml,walmart costa rica,3487.5,económico,450.87,454.15
2026-09-26,Vino tinto,11630.0,,0,750.0,11630.0,navarro colección privada vero faraone malbec - 750ml,walmart costa rica,11630.0,premium,450.87,454.15
2026-09-25,Vino tinto,8795.0,,0,750.0,8795.0,hacienda lópez de haro vino crianza 750 ml,pricesmart costa rica,8795.0,medio,450.75,453.98
2026-09-26,Vino tinto,5830.0,,0,750.0,5830.0,vino tinto finca las moras malbec con 13.5% vol - 750 ml,walmart costa rica,5830.0,medio,450.87,454.15
2026-09-26,Vino tinto,7500.0,,0,1500.0,7500.0,vino frontera merlot -1500 ml,walmart costa rica,3750.0,económico,450.87,454.15
2026-09-26,Vino tinto,2580.0,,0,750.0,2580.0,vino tinto contenda merlot - 750 ml,walmart costa rica,2580.0,económico,450.87,454.15
2026-09-25,Vino tinto,13795.0,,0,3000.0,13795.0,carlo rossi vino tinto cuerpo medio 3 l / 101.4 oz,pricesmart costa rica,3448.75,económico,450.75,453.98
2026-09-25,Vino tinto,12995.0,,0,750.0,12995.0,catena vista flores vino tinto malbec 750 ml,pricesmart costa rica,12995.0,premium,450.75,453.98
2026-09-26,Vinos general,11150.0,,0,750.0,11150.0,vino mr wild chardonnay 750 ml,walmart costa rica,11150.0,premium,450.87,454.15
2026-09-26,Vinos general,2160.0,,0,1000.0,2160.0,vino don símon tinto de mesa - 1000ml,walmart costa rica,1620.0,económico,450.87,454.15
2026-09-26,Vinos general,5790.0,,0,750.0,5790.0,vino i’m your organic blanco viura -750 ml,walmart costa rica,5790.0,medio,450.87,454.15
2026-09-26,Vinos general,8800.0,,0,750.0,8800.0,vino casillero del diablo chardonnay - 750ml,walmart costa rica,8800.0,medio,450.87,454.15
2026-09-26,Vinos general,8020.0,,0,750.0,8020.0,vino marques de caceres blanco 750ml,walmart costa rica,8020.0,medio,450.87,454.15
2026-09-26,Vino tinto,11630.0,,0,750.0,11630.0,vino clos dp cabernet tinto sauvignon - 2000ml vendido por walmart patrocinado,walmart costa rica,11630.0,premium,450.87,454.15
2026-09-26,Vino tinto,3340.0,,0,750.0,3340.0,vino viña maipo classic series cabernet sauvignon -750 ml,walmart costa rica,3340.0,económico,450.87,454.15
2026-09-26,Vino tinto,4400.0,,0,750.0,4400.0,vino frontera frutal tinto de verano manzana naranja - 750 ml,walmart costa rica,4400.0,económico,450.87,454.15
2026-09-25,Frontera,5770.0,,0,750.0,5770.0,vino blanco frontera chardonnay viñedo protegido por la naturaleza - 750 ml patrocinado,masxmenos costa rica,5770.0,medio,450.75,453.98
2026-09-25,Frontera,6070.0,,0,750.0,6070.0,vino blanco frontera spritzer chardonnay eldelflower - 750 ml patrocinado,masxmenos costa rica,6070.0,medio,450.75,453.98
2026-09-25,Vino rosado,4400.0,,0,750.0,4400.0,frontera frutal pink paradise 750ml,masxmenos costa rica,4400.0,económico,450.75,453.98
2026-09-25,Frontera,4400.0,,0,750.0,4400.0,vino frontera frutal tropical mango maracuyá - 750 ml,masxmenos costa rica,4400.0,económico,450.75,453.98
2026-09-25,Frontera,9120.0,,0,1500.0,9120.0,vino blanco frontera sauvignon blanc - 1500 ml,masxmenos costa rica,4560.0,económico,450.75,453.98
2026-09-25,Frontera,5930.0,,0,750.0,5930.0,frontera cabernet sauvignon 750ml,masxmenos costa rica,5930.0,medio,450.75,453.98
2026-09-26,Vino tinto,1980.0,,0,750.0,1980.0,vino tinto don simón tempranillo -750 ml,walmart costa rica,1980.0,económico,450.87,454.15
2026-09-26,Vino tinto,3340.0,,0,750.0,3340.0,vino viña maipo clasic series merlot - 750 ml,walmart costa rica,3340.0,económico,450.87,454.15
2026-09-25,Vino tinto,7495.0,,0,750.0,7495.0,santa rita 120 reserva especial vino tinto 4 unidades / 187.5 ml / 6.3 oz,pricesmart costa rica,7495.0,medio,450.75,453.98
2026-09-25,Vino tinto,20795.0,,0,2250.0,20795.0,faustino rivero ulecia set vinos rioja 3 unidades / 750 ml,pricesmart costa rica,6931.67,medio,450.75,453.98
2026-09-25,Vino blanco,10495.0,,0,750.0,10495.0,los vascos vino blanco sauvignon blanc 750 ml / 25.36 oz,pricesmart costa rica,10495.0,premium,450.75,453.98
2026-09-25,Vino blanco,6795.0,,0,3000.0,6795.0,clos de pirque vino blanco 3 unidades / 1 l,pricesmart costa rica,1698.75,económico,450.75,453.98
2026-09-25,Vino blanco,15495.0,,0,750.0,15495.0,santa margherita vino blanco pinot grigio 750 ml / 25.36 oz,pricesmart costa rica,15495.0,super premium,450.75,453.98
2026-09-25,Vino blanco,7795.0,,0,1500.0,7795.0,frontera concha & toro vino blanco sauvignon blanc semi 1.5 l,pricesmart costa rica,3897.5,económico,450.75,453.98
2026-09-25,Frontera,5930.0,,0,750.0,5930.0,vino frontera blanco sauvignon concha y toro - 750 ml patrocinado,masxmenos costa rica,5930.0,medio,450.75,453.98
2026-09-25,Frontera,6070.0,,0,750.0,6070.0,vino rosado frontera gently bubbly spritzer roses -750 ml patrocinado,masxmenos costa rica,6070.0,medio,450.75,453.98
2026-09-26,Vinos general,10000.0,,0,750.0,10000.0,vino torres celeste roble tinto - 750 ml,walmart costa rica,10000.0,medio,450.87,454.15
2026-09-26,Vinos general,5670.0,,0,750.0,5670.0,vino tarapacá tinto merlot - 750 ml,walmart costa rica,5670.0,medio,450.87,454.15
2026-09-26,Vino tinto,4680.0,,0,750.0,4680.0,vino clos dp cabernet tinto sauvignon - 2000ml,walmart costa rica,4680.0,económico,450.87,454.15
2026-09-26,Vinos general,5800.0,,0,750.0,5800.0,frontera cabernet sauvignon 750ml,walmart costa rica,5800.0,medio,450.87,454.15
2026-09-26,Vinos general,3250.0,,0,375.0,3250.0,vino orgánico adobe merlot – 375 ml,walmart costa rica,6500.0,medio,450.87,454.15
2026-09-26,Vinos general,4400.0,,0,750.0,4400.0,frontera frutal pink paradise 750ml,walmart costa rica,4400.0,económico,450.87,454.15
2026-09-26,Vino tinto,11500.0,,0,750.0,11500.0,vino tinto luigi bosca malbec - 750 ml,walmart costa rica,11500.0,premium,450.87,454.15
2026-09-26,Vino tinto,3250.0,,0,375.0,3250.0,vino orgánico adobe cabernet sauvignon - 375 ml,walmart costa rica,6500.0,medio,450.87,454.15
2026-09-26,Vino blanco,2600.0,,0,750.0,2600.0,vino contenda sauvignon blanc - 750 ml,masxmenos costa rica,2600.0,económico,450.87,454.15
2026-09-26,Vino blanco,3250.0,,0,375.0,3250.0,vino adobe chardonnay orgánico -375 ml,masxmenos costa rica,6500.0,medio,450.87,454.15
2026-09-26,Vino blanco,8020.0,,0,750.0,8020.0,vino marques de caceres blanco 750ml,masxmenos costa rica,8020.0,medio,450.87,454.15
2026-09-26,Vino blanco,3380.0,,0,750.0,3380.0,vino maipo sauvignon blanco clasic series -750 ml,masxmenos costa rica,3380.0,económico,450.87,454.15
2026-09-26,Vino blanco,2530.0,,0,1000.0,2530.0,vino don simón premium selección chardonnay - 1000 ml,masxmenos costa rica,1897.5,económico,450.87,454.15
2026-09-26,Vino blanco,5600.0,,0,750.0,5600.0,vino peter brum liebfraulmil blan - 750ml,masxmenos costa rica,5600.0,medio,450.87,454.15
2026-09-26,Vinos general,8000.0,,0,1125.0,8000.0,vino viñas del tango malbec - 1125 ml,walmart costa rica,5333.33,medio,450.87,454.15
2026-09-26,Vinos general,7360.0,,0,1500.0,7360.0,vino tinto santa cecilia cabernet sauvignon – 1500 ml,walmart costa rica,3680.0,económico,450.87,454.15
2026-09-25,Vino tinto,15495.0,,0,750.0,15495.0,muga vino tinto español el anden de la estación 750 ml,pricesmart costa rica,15495.0,super premium,450.75,453.98
2026-09-25,Vino tinto,9295.0,,0,750.0,9295.0,baron philippe de rothschild vino tinto cabernet sauvignon 750 ml / 25.36 oz,pricesmart costa rica,9295.0,medio,450.75,453.98
2026-09-25,Frontera,4200.0,,0,750.0,4200.0,"vinos sub-categoría vino tinto vino blanco vino rosado departamento cervezas, vinos y licores rebaja exclusiva en línea rangos de precio",masxmenos costa rica,4200.0,económico,450.75,453.98
2026-09-25,Vino tinto,10495.0,,0,750.0,10495.0,montes limited selection vino cabernet sauvignon camenère 750 ml / 25.3 oz,pricesmart costa rica,10495.0,premium,450.75,453.98
2026-09-25,Vino tinto,11495.0,,0,750.0,11495.0,ramon bilbao vino tinto crianza 750 ml,pricesmart costa rica,11495.0,premium,450.75,453.98
2026-09-25,Vino tinto,10495.0,,0,750.0,10495.0,m. chapoutier vino tinto côtes du rhône 750 ml / 25.36 oz,pricesmart costa rica,10495.0,premium,450.75,453.98
2026-09-26,Vinos general,7970.0,,0,750.0,7970.0,vino tinto santa rita 120 carmenere - 750ml,walmart costa rica,7970.0,medio,450.87,454.15
2026-09-26,Vinos general,4740.0,,0,750.0,4740.0,vino misiones rengo cabernet 750 ml,walmart costa rica,4740.0,económico,450.87,454.15
2026-09-26,Vino tinto,2590.0,,0,1000.0,2590.0,vino tinto don simón premium cabernet - 1 l,walmart costa rica,1942.5,económico,450.87,454.15
2026-09-26,Vino tinto,5480.0,,0,750.0,5480.0,vino blanco trapiche pinot grigio -750ml,walmart costa rica,5480.0,medio,450.87,454.15
2026-09-26,Vino tinto,3870.0,,0,750.0,3870.0,vino santa cecilia tinto cabernet sauvignon -750 ml,walmart costa rica,3870.0,económico,450.87,454.15
2026-09-26,Vino tinto,6510.0,,0,3000.0,6510.0,2 pack sangría don simon -3000ml,walmart costa rica,1627.5,económico,450.87,454.15
2026-09-26,Vino tinto,3830.0,,0,750.0,3830.0,vino tinto teber dulce - 750ml,walmart costa rica,3830.0,económico,450.87,454.15
2026-09-26,Vino tinto,2420.0,,0,1000.0,2420.0,vino don simon premium merlot - 1000ml,walmart costa rica,1815.0,económico,450.87,454.15
2026-09-25,Vino tinto,4995.0,,0,750.0,4995.0,real compañia vino tinto tempranillo botella de 750 ml / 25.4 oz,pricesmart costa rica,4995.0,económico,450.75,453.98
2026-09-25,Vino tinto,14995.0,,0,750.0,14995.0,campo viejo vino tinto reserva 750 ml,pricesmart costa rica,14995.0,premium,450.75,453.98
2026-09-26,Vino blanco,7500.0,,0,1500.0,7500.0,vino maipo blanco chardonnay -1.5 l,masxmenos costa rica,3750.0,económico,450.87,454.15
2026-09-26,Vino blanco,6110.0,,0,750.0,6110.0,vino tinto fantini trebbiano d abruzzo -750ml,masxmenos costa rica,6110.0,medio,450.87,454.15
2026-09-26,Vinos general,11500.0,,0,750.0,11500.0,vino tinto luigi bosca cabernet sauvignon 2020 - 750 ml,walmart costa rica,11500.0,premium,450.87,454.15
2026-09-26,Vino blanco,8600.0,,0,750.0,8600.0,vino marina alta blanco 00 - 750 ml,masxmenos costa rica,8600.0,medio,450.87,454.15
2026-09-26,Vino blanco,16600.0,,0,750.0,16600.0,vino luigi bosca de sangre - 750 ml,masxmenos costa rica,16600.0,super premium,450.87,454.15
2026-09-26,Vino blanco,5910.0,,0,750.0,5910.0,vino blanco frontera spritzer chardonnay eldelflower - 750 ml,masxmenos costa rica,5910.0,medio,450.87,454.15
2026-09-26,Vinos general,5790.0,,0,750.0,5790.0,vino casillero del diablo chardonnay - 750ml vendido por walmart patrocinado,walmart costa rica,5790.0,medio,450.87,454.15
2026-09-26,Vinos general,8800.0,,0,750.0,8800.0,vino marques de caceres blanco 750ml vendido por walmart patrocinado,walmart costa rica,8800.0,medio,450.87,454.15
2026-09-26,Vino rosado,12700.0,,0,750.0,12700.0,vino làudum gran reserva - 750 ml,masxmenos costa rica,12700.0,premium,450.87,454.15
2026-09-26,Vino rosado,9810.0,,0,750.0,9810.0,vino les jamelles petite rosado - 750 ml,masxmenos costa rica,9810.0,medio,450.87,454.15
2026-09-26,Vino rosado,9200.0,,0,750.0,9200.0,vino laudum chardonnay - 750 ml,masxmenos costa rica,9200.0,medio,450.87,454.15
2026-09-26,Vino rosado,14590.0,,0,750.0,14590.0,vino rose carnivor apothic - 750 ml,masxmenos costa rica,14590.0,premium,450.87,454.15
2026-09-26,Vino rosado,4400.0,,0,750.0,4400.0,frontera frutal pink paradise 750ml,masxmenos costa rica,4400.0,económico,450.87,454.15
2026-09-26,Vino rosado,12300.0,,0,2250.0,12300.0,vino tinto trapiche vineyards malbec 3 pack - 2250 ml,masxmenos costa rica,4100.0,económico,450.87,454.15
2026-09-26,Vino blanco,4100.0,,0,750.0,4100.0,vino santa carolina chardonay botella - 750 ml,masxmenos costa rica,4100.0,económico,450.87,454.15
2026-09-26,Vino blanco,10300.0,,0,750.0,10300.0,navarro col. privada chardonnay 750 ml,masxmenos costa rica,10300.0,premium,450.87,454.15
2026-09-26,Vino tinto,7500.0,,0,750.0,7500.0,vino tinto contenda merlot - 750 ml vendido por walmart patrocinado,walmart costa rica,7500.0,medio,450.87,454.15
2026-09-26,Vino tinto,2580.0,,0,750.0,2580.0,vino tinto don simón tempranillo -750 ml vendido por walmart patrocinado,walmart costa rica,2580.0,económico,450.87,454.15
2026-09-25,Vino tinto,9795.0,,0,750.0,9795.0,cantina fiorentino primitivo salento vino tinto 750 ml,pricesmart costa rica,9795.0,medio,450.75,453.98
2026-09-26,Vino tinto,3340.0,,0,1000.0,3340.0,vino clos de pirque cabernet sauvignon - 1000ml vendido por walmart patrocinado,walmart costa rica,2505.0,económico,450.87,454.15
2026-09-26,Vino tinto,2300.0,,0,1000.0,2300.0,vino clos de pirque tinto merlot - 1000ml vendido por walmart patrocinado,walmart costa rica,1725.0,económico,450.87,454.15
2026-09-26,Vino tinto,7500.0,,0,1500.0,7500.0,vino viña maipo varietal merlot 1.5l,walmart costa rica,3750.0,económico,450.87,454.15
2026-09-26,Vino blanco,7040.0,,0,750.0,7040.0,vino blanco carmen frida sauvignon blanc – 750 ml,masxmenos costa rica,7040.0,medio,450.87,454.15
2026-09-26,Vino blanco,4730.0,,0,750.0,4730.0,vino sta rita 3 med bco sauvig 750 ml,masxmenos costa rica,4730.0,económico,450.87,454.15
2026-09-26,Vinos general,5120.0,,0,750.0,5120.0,vino tinto undurraga cabernet - 750 ml,walmart costa rica,5120.0,medio,450.87,454.15
2026-09-26,Vinos general,20760.0,,0,750.0,20760.0,"vino rosado b &amp; g cotes de provence, 2 pack -750 ml",walmart costa rica,20760.0,super premium,450.87,454.15
2026-09-26,Vinos general,4820.0,,0,750.0,4820.0,vino tinto albali pinot grigio -750ml,walmart costa rica,4820.0,económico,450.87,454.15
2026-09-26,Vinos general,6300.0,,0,750.0,6300.0,vino beringer zinfandel rosado - 750ml,walmart costa rica,6300.0,medio,450.87,454.15
2026-09-26,Vinos general,5670.0,,0,750.0,5670.0,vino pata negra valdepenas crianza - 750 ml,walmart costa rica,5670.0,medio,450.87,454.15
2026-09-26,Vinos general,13960.0,,0,750.0,13960.0,vino tinto robert mondavi mondavi cabernet sauvignon - 750 ml,walmart costa rica,13960.0,premium,450.87,454.15
2026-09-26,Vino tinto,4680.0,,0,750.0,4680.0,vino tinto finca las moras malbec con 13.5% vol - 750 ml vendido por walmart patrocinado,walmart costa rica,4680.0,económico,450.87,454.15
2026-09-26,Vino tinto,5830.0,,0,1500.0,5830.0,vino frontera merlot -1500 ml vendido por walmart patrocinado,walmart costa rica,2915.0,económico,450.87,454.15
2026-09-26,Vino rosado,5640.0,,0,750.0,5640.0,vino rosado trapiche vineyards argentino - 750 ml,masxmenos costa rica,5640.0,medio,450.87,454.15
2026-09-26,Vino rosado,5770.0,,0,750.0,5770.0,vino frontera rosado concha y toro chile - 750 ml,masxmenos costa rica,5770.0,medio,450.87,454.15
2026-09-26,Vino blanco,11560.0,,0,1500.0,11560.0,vino blanco pasqua pinot grigio -1500ml,masxmenos costa rica,5780.0,medio,450.87,454.15
2026-09-26,Vino rosado,8730.0,,0,750.0,8730.0,vino trivento reserva malbec rosado - 750 ml,masxmenos costa rica,8730.0,medio,450.87,454.15
2026-09-26,Vino rosado,14300.0,,0,750.0,14300.0,vino planeta la segreta bianco - 750 ml,masxmenos costa rica,14300.0,premium,450.87,454.15
2026-09-26,Vino rosado,5220.0,,0,750.0,5220.0,vino dulce rosado st. helena – 750 ml,masxmenos costa rica,5220.0,medio,450.87,454.15
2026-09-26,Vino blanco,8020.0,,0,750.0,8020.0,vino maipo sauvignon blanco clasic series -750 ml patrocinado,masxmenos costa rica,8020.0,medio,450.87,454.15
2026-09-26,Vino blanco,3380.0,,0,1000.0,3380.0,vino don simón premium selección chardonnay - 1000 ml patrocinado,masxmenos costa rica,2535.0,económico,450.87,454.15
2026-09-26,Frontera,6070.0,,0,750.0,6070.0,vino rosado frontera gently bubbly spritzer roses -750 ml patrocinado,masxmenos costa rica,6070.0,medio,450.87,454.15
2026-09-26,Frontera,5770.0,,0,750.0,5770.0,vino blanco frontera chardonnay viñedo protegido por la naturaleza - 750 ml patrocinado,masxmenos costa rica,5770.0,medio,450.87,454.15
2026-09-26,Frontera,6070.0,,0,750.0,6070.0,vino blanco frontera spritzer chardonnay eldelflower - 750 ml patrocinado,masxmenos costa rica,6070.0,medio,450.87,454.15
2026-09-26,Frontera,4200.0,,0,750.0,4200.0,"vinos sub-categoría vino tinto vino blanco vino rosado departamento cervezas, vinos y licores rebaja exclusiva en línea rangos de precio",masxmenos costa rica,4200.0,económico,450.87,454.15
2026-09-26,Frontera,4400.0,,0,750.0,4400.0,vino frontera frutal tropical mango maracuyá - 750 ml,masxmenos costa rica,4400.0,económico,450.87,454.15
2026-09-26,Frontera,9120.0,,0,1500.0,9120.0,vino blanco frontera sauvignon blanc - 1500 ml,masxmenos costa rica,4560.0,económico,450.87,454.15
2026-09-26,Vino rosado,5840.0,,0,750.0,5840.0,vino im your organic rosé - 750 ml,masxmenos costa rica,5840.0,medio,450.87,454.15
2026-09-26,Vino rosado,8670.0,,0,750.0,8670.0,vino rosado cune bailarina 750mlx6,masxmenos costa rica,8670.0,medio,450.87,454.15
2026-09-26,Vinos general,5800.0,,0,375.0,5800.0,vino orgánico adobe merlot – 375 ml vendido por walmart patrocinado,walmart costa rica,11600.0,premium,450.87,454.15
2026-09-26,Vinos general,5200.0,,0,750.0,5200.0,vino tinto santa rita 120 carmenere - 750ml vendido por walmart patrocinado,walmart costa rica,5200.0,medio,450.87,454.15
2026-09-26,Vino tinto,1980.0,,0,750.0,1980.0,vino viña maipo clasic series merlot - 750 ml vendido por walmart patrocinado,walmart costa rica,1980.0,económico,450.87,454.15
2026-09-26,Vinos general,4.7402,,0,750.0,4.7402,vino mr wild chardonnay 750 ml vendido por walmart patrocinado,walmart costa rica,4.74,económico,450.87,454.15
2026-09-26,Vinos general,11150.0,,0,1000.0,11150.0,vino don símon tinto de mesa - 1000ml vendido por walmart patrocinado,walmart costa rica,8362.5,medio,450.87,454.15
2026-09-26,Vinos general,2160.0,,0,750.0,2160.0,vino i’m your organic blanco viura -750 ml vendido por walmart patrocinado,walmart costa rica,2160.0,económico,450.87,454.15
2026-09-26,Vino rosado,11200.0,,0,750.0,11200.0,vino làudum barrica - 750 ml,masxmenos costa rica,11200.0,premium,450.87,454.15
2026-09-26,Vino rosado,9790.0,,0,750.0,9790.0,vino rosado ijalba rioja eco -750ml,masxmenos costa rica,9790.0,medio,450.87,454.15
2026-09-26,Vino blanco,2530.0,,0,750.0,2530.0,vino peter brum liebfraulmil blan - 750ml patrocinado,masxmenos costa rica,2530.0,económico,450.87,454.15
2026-09-26,Vino blanco,5600.0,,0,750.0,5600.0,vino blanco protos verdejo criado sobre lias finas - 750 ml patrocinado,masxmenos costa rica,5600.0,medio,450.87,454.15
2026-09-26,Vino blanco,8.3102,,0,1000.0,8.3102,vino clos de pirque blanco - 1000ml patrocinado,masxmenos costa rica,6.23,económico,450.87,454.15
2026-09-26,Vino blanco,3950.0,,0,750.0,3950.0,vino blanco teber dulce - 750ml,masxmenos costa rica,3950.0,económico,450.87,454.15
2026-09-26,Vino blanco,8380.0,,0,750.0,8380.0,vino blanco la linda sweet viognier – 750 ml,masxmenos costa rica,8380.0,medio,450.87,454.15
2026-09-26,Vino blanco,8940.0,,0,750.0,8940.0,vino frontera chardonnay - 1500ml,masxmenos costa rica,8940.0,medio,450.87,454.15
2026-09-26,Vino blanco,8310.0,,0,750.0,8310.0,vino blanco protos verdejo criado sobre lias finas - 750 ml,masxmenos costa rica,8310.0,medio,450.87,454.15
2026-09-26,Vino blanco,2490.0,,0,1000.0,2490.0,vino clos de pirque blanco - 1000ml,masxmenos costa rica,1867.5,económico,450.87,454.15
2026-09-26,Vino tinto,6795.0,,0,3000.0,6795.0,clos de pirque vino tinto cabernet sauvignon 3 unidades / 1 l,pricesmart costa rica,1698.75,económico,450.87,454.15
2026-09-26,Vino tinto,5795.0,,0,750.0,5795.0,rioja próximo tempranillo vino tinto 750 ml / 25.4 oz,pricesmart costa rica,5795.0,medio,450.87,454.15
2026-09-26,Vino rosado,10810.0,,0,750.0,10810.0,vino rosado canti prosecco - 750 ml,masxmenos costa rica,10810.0,premium,450.87,454.15
2026-09-26,Frontera,9380.0,,0,750.0,9380.0,vino frontera concha y toro merlot - 750ml patrocinado,masxmenos costa rica,9380.0,medio,450.87,454.15
2026-09-26,Frontera,5930.0,,0,1500.0,5930.0,vino frontera merlot -1500 ml patrocinado,masxmenos costa rica,2965.0,económico,450.87,454.15
2026-09-26,Frontera,7500.0,,0,750.0,7500.0,vino frontera rosado concha y toro chile - 750 ml patrocinado,masxmenos costa rica,7500.0,medio,450.87,454.15
2026-09-26,Vino rosado,9810.0,,0,750.0,9810.0,vino laudum chardonnay - 750 ml patrocinado,masxmenos costa rica,9810.0,medio,450.87,454.15
2026-09-26,Vino rosado,9200.0,,0,750.0,9200.0,vino rose carnivor apothic - 750 ml patrocinado,masxmenos costa rica,9200.0,medio,450.87,454.15
2026-09-26,Vino tinto,4995.0,,0,750.0,4995.0,real compañia vino tinto tempranillo botella de 750 ml / 25.4 oz,pricesmart costa rica,4995.0,económico,450.87,454.15
2026-09-26,Vino tinto,15495.0,,0,750.0,15495.0,muga vino tinto español el anden de la estación 750 ml,pricesmart costa rica,15495.0,super premium,450.87,454.15
2026-09-26,Vino tinto,14995.0,,0,750.0,14995.0,campo viejo vino tinto reserva 750 ml,pricesmart costa rica,14995.0,premium,450.87,454.15
2026-09-26,Vino tinto,9295.0,,0,750.0,9295.0,baron philippe de rothschild vino tinto cabernet sauvignon 750 ml / 25.36 oz,pricesmart costa rica,9295.0,medio,450.87,454.15
2026-09-26,Vino tinto,10495.0,,0,750.0,10495.0,montes limited selection vino cabernet sauvignon camenère 750 ml / 25.3 oz,pricesmart costa rica,10495.0,premium,450.87,454.15
2026-09-26,Vino tinto,11495.0,,0,750.0,11495.0,ramon bilbao vino tinto crianza 750 ml,pricesmart costa rica,11495.0,premium,450.87,454.15
2026-09-26,Vino tinto,9295.0,,0,750.0,9295.0,marques caceres crianza vino tinto 750 ml / 25.4 oz,pricesmart costa rica,9295.0,medio,450.87,454.15
2026-09-26,Vino tinto,8795.0,,0,750.0,8795.0,cune vino tinto crianza rioja 750 ml / 25.36 oz,pricesmart costa rica,8795.0,medio,450.87,454.15
2026-09-26,Vino rosado,5770.0,,0,750.0,5770.0,vino rosado frontera gently bubbly spritzer roses -750 ml,masxmenos costa rica,5770.0,medio,450.87,454.15
2026-09-26,Vino rosado,8810.0,,0,750.0,8810.0,vino marques de caceres rosado rioja - 750ml,masxmenos costa rica,8810.0,medio,450.87,454.15
2026-09-26,Vinos general,7970.0,,0,750.0,7970.0,vino misiones rengo cabernet 750 ml vendido por walmart patrocinado,walmart costa rica,7970.0,medio,450.87,454.15
2026-09-26,Vino blanco,4730.0,,0,750.0,4730.0,vino contenda sauvignon blanc - 750 ml patrocinado,masxmenos costa rica,4730.0,económico,450.87,454.15
2026-09-26,Vino blanco,2600.0,,0,375.0,2600.0,vino adobe chardonnay orgánico -375 ml patrocinado,masxmenos costa rica,5200.0,medio,450.87,454.15
2026-09-26,Vino blanco,4900.0,,0,750.0,4900.0,vino marques de caceres blanco 750ml patrocinado,masxmenos costa rica,4900.0,económico,450.87,454.15
2026-09-26,Frontera,5770.0,,0,750.0,5770.0,vino tinto frontera carmenere viñedo protegido por la naturaleza - 750 ml patrocinado,masxmenos costa rica,5770.0,medio,450.87,454.15
2026-09-26,Frontera,5930.0,,0,750.0,5930.0,vino frontera blanco sauvignon concha y toro - 750 ml patrocinado,masxmenos costa rica,5930.0,medio,450.87,454.15
2026-09-26,Vino rosado,5220.0,,0,2250.0,5220.0,vino tinto trapiche vineyards malbec 3 pack - 2250 ml patrocinado,masxmenos costa rica,1740.0,económico,450.87,454.15
2026-09-26,Vino rosado,12300.0,,0,375.0,12300.0,vino orgánico adobe rosé – 375 ml patrocinado,masxmenos costa rica,24600.0,super premium,450.87,454.15
2026-09-26,Vino rosado,4900.0,,0,750.0,4900.0,vino soupcon de fruit rose d'anjou 2020 - 750 ml patrocinado,masxmenos costa rica,4900.0,económico,450.87,454.15
2026-09-26,Vino rosado,8020.0,,0,750.0,8020.0,vino rosado frontera gently bubbly spritzer roses -750 ml patrocinado,masxmenos costa rica,8020.0,medio,450.87,454.15
2026-09-26,Vino rosado,5770.0,,0,750.0,5770.0,vino marques de caceres rosado rioja - 750ml patrocinado,masxmenos costa rica,5770.0,medio,450.87,454.15
2026-09-26,Vino rosado,6300.0,,0,750.0,6300.0,vino rosado cono sur bicicleta pinot noir - 750 ml,masxmenos costa rica,6300.0,medio,450.87,454.15
2026-09-26,Vino rosado,3250.0,,0,375.0,3250.0,vino orgánico adobe rosé – 375 ml,masxmenos costa rica,6500.0,medio,450.87,454.15
2026-09-26,Vino rosado,8020.0,,0,750.0,8020.0,vino soupcon de fruit rose d&apos;anjou 2020 - 750 ml,masxmenos costa rica,8020.0,medio,450.87,454.15
2026-09-26,Vino rosado,7795.0,,0,1000.0,7795.0,mateus the original vino rosado espumoso portugués 1 l,pricesmart costa rica,5846.25,medio,450.87,454.15
2026-09-27,Vino tinto,2500.0,,0,1000.0,2500.0,vino clos de pirque tinto merlot - 1000ml,walmart costa rica,1875.0,económico,450.38,455.6
2026-09-26,Vino tinto,2395.0,,0,750.0,2395.0,loma negra vino tinto merlot 750 ml / 25.4 oz,pricesmart costa rica,2395.0,económico,450.87,454.15
2026-09-26,Vino tinto,6495.0,,0,750.0,6495.0,santa rita 120 carmenere vino tinto 750 ml,pricesmart costa rica,6495.0,medio,450.87,454.15
2026-09-26,Vino tinto,11995.0,,0,750.0,11995.0,pasqua zin primitivo vino tinto 750 ml,pricesmart costa rica,11995.0,premium,450.87,454.15
2026-09-26,Vino tinto,9795.0,,0,750.0,9795.0,cantina fiorentino primitivo salento vino tinto 750 ml,pricesmart costa rica,9795.0,medio,450.87,454.15
2026-09-26,Vino tinto,8795.0,,0,1500.0,8795.0,montepulciano vino tinto de frutos rojos 1.5 l / 51 oz,pricesmart costa rica,4397.5,económico,450.87,454.15
2026-09-26,Vino tinto,5495.0,,0,750.0,5495.0,finca las moras botella de vino tinto malbec suave al paladar 750 ml / 25.4 oz,pricesmart costa rica,5495.0,medio,450.87,454.15
2026-09-26,Vino rosado,7795.0,,0,750.0,7795.0,soupçon de fruit rosé d'anjou botella de vino rosado 750 ml / 25.4 oz,pricesmart costa rica,7795.0,medio,450.87,454.15
2026-09-26,Vino rosado,5795.0,,0,750.0,5795.0,astoria prosecco rosé vino rosado 750 ml / 25.4 oz,pricesmart costa rica,5795.0,medio,450.87,454.15
2026-09-26,Vino rosado,6370.0,,0,750.0,6370.0,pack jp chenet rosé dry vino espumoso 750 ml + chocolate vizzio 70 g,pricesmart costa rica,6370.0,medio,450.87,454.15
2026-09-26,Vino rosado,8795.0,,0,750.0,8795.0,les jamelles vino rosado francés 750 ml / 25.36 oz,pricesmart costa rica,8795.0,medio,450.87,454.15
2026-09-26,Vino rosado,5995.0,,0,750.0,5995.0,woodbridge vino rosado zinfandel blanco 750 ml / 25.36 oz,pricesmart costa rica,5995.0,medio,450.87,454.15
2026-09-26,Vino rosado,7495.01,,0,750.0,7495.01,calvet rose d'anjou vino rosado 750 ml / 25.4 oz,pricesmart costa rica,7495.01,medio,450.87,454.15
2026-09-26,Vino rosado,8795.0,,0,750.0,8795.0,taanug vino rosado francés aroma a fresas 750 ml,pricesmart costa rica,8795.0,medio,450.87,454.15
2026-09-26,Vino rosado,3970.0,,0,750.0,3970.0,viña esmeralda vino rosado español aroma frutal 750 ml,pricesmart costa rica,3970.0,económico,450.87,454.15
2026-09-26,Frontera,5930.0,,0,750.0,5930.0,vino frontera concha y toro merlot - 750ml,masxmenos costa rica,5930.0,medio,450.87,454.15
2026-09-26,Frontera,7500.0,,0,1500.0,7500.0,vino frontera merlot -1500 ml,masxmenos costa rica,3750.0,económico,450.87,454.15
2026-09-26,Vino blanco,7040.0,,0,750.0,7040.0,vino sta rita 3 med bco sauvig 750 ml patrocinado,masxmenos costa rica,7040.0,medio,450.87,454.15
2026-09-26,Frontera,6070.0,,0,750.0,6070.0,vino frontera blanco sauvignon concha y toro - 750 ml,masxmenos costa rica,6070.0,medio,450.87,454.15
2026-09-26,Frontera,6070.0,,0,750.0,6070.0,vino blanco frontera chardonnay viñedo protegido por la naturaleza - 750 ml,masxmenos costa rica,6070.0,medio,450.87,454.15
2026-09-26,Vino rosado,12.7002,,0,750.0,12.7002,vino les jamelles petite rosado - 750 ml patrocinado,masxmenos costa rica,12.7,económico,450.87,454.15
2026-09-26,Vino tinto,9795.0,,0,750.0,9795.0,el coto crianza rioja vino tinto tempranillo 750 ml,pricesmart costa rica,9795.0,medio,450.87,454.15
2026-09-26,Vino tinto,8495.0,,0,750.0,8495.0,ruffino vino tinto chianti classico 750 ml / 25.36 oz,pricesmart costa rica,8495.0,medio,450.87,454.15
2026-09-26,Vino tinto,6795.0,,0,1500.0,6795.0,twin view estates cabernet sauvignon vino tinto 1.5 l,pricesmart costa rica,3397.5,económico,450.87,454.15
2026-09-26,Vino tinto,10995.0,,0,750.0,10995.0,portia roble tempranillo vino tinto 750 ml,pricesmart costa rica,10995.0,premium,450.87,454.15
2026-09-26,Vino tinto,7295.0,,0,1500.0,7295.0,frontera merlot vino tinto chileno botella de 1.5 l / 51 oz,pricesmart costa rica,3647.5,económico,450.87,454.15
2026-09-26,Vino tinto,8795.0,,0,750.0,8795.0,hacienda lópez de haro vino crianza 750 ml,pricesmart costa rica,8795.0,medio,450.87,454.15
2026-09-26,Vino tinto,5495.0,,0,750.0,5495.0,manischewitz concord grape vino tinto 750 ml / 25.36 oz,pricesmart costa rica,5495.0,medio,450.87,454.15
2026-09-26,Vino tinto,9495.0,,0,750.0,9495.0,apothic vino tinto 750 ml / 25.4 oz,pricesmart costa rica,9495.0,medio,450.87,454.15
2026-09-26,Frontera,5930.0,,0,750.0,5930.0,frontera cabernet sauvignon 750ml,masxmenos costa rica,5930.0,medio,450.87,454.15
2026-09-26,Frontera,9380.0,,0,1500.0,9380.0,vino frontera tinto concha y toro cabernet - 1500 ml,masxmenos costa rica,4690.0,económico,450.87,454.15
2026-09-27,Vinos general,5790.0,,0,750.0,5790.0,vino i’m your organic blanco viura -750 ml,walmart costa rica,5790.0,medio,450.38,455.6
2026-09-27,Vinos general,2160.0,,0,1000.0,2160.0,vino don símon tinto de mesa - 1000ml,walmart costa rica,1620.0,económico,450.38,455.6
2026-09-27,Vino tinto,2300.0,,0,1000.0,2300.0,vino clos de pirque cabernet sauvignon - 1000ml,walmart costa rica,1725.0,económico,450.38,455.6
2026-09-27,Vino tinto,3340.0,,0,750.0,3340.0,vino viña maipo clasic series merlot - 750 ml,walmart costa rica,3340.0,económico,450.38,455.6
2026-09-27,Vino tinto,1980.0,,0,750.0,1980.0,vino tinto don simón tempranillo -750 ml,walmart costa rica,1980.0,económico,450.38,455.6
2026-09-27,Vino tinto,2580.0,,0,750.0,2580.0,vino tinto contenda merlot - 750 ml,walmart costa rica,2580.0,económico,450.38,455.6
2026-09-27,Vino tinto,7500.0,,0,1500.0,7500.0,vino frontera merlot -1500 ml,walmart costa rica,3750.0,económico,450.38,455.6
2026-09-27,Vino tinto,5830.0,,0,750.0,5830.0,vino tinto finca las moras malbec con 13.5% vol - 750 ml,walmart costa rica,5830.0,medio,450.38,455.6
2026-09-27,Vino tinto,1980.0,,0,750.0,1980.0,vino viña maipo clasic series merlot - 750 ml vendido por walmart patrocinado,walmart costa rica,1980.0,económico,450.38,455.6
2026-09-27,Vino tinto,2580.0,,0,750.0,2580.0,vino tinto don simón tempranillo -750 ml vendido por walmart patrocinado,walmart costa rica,2580.0,económico,450.38,455.6
2026-09-27,Vino tinto,7500.0,,0,750.0,7500.0,vino tinto contenda merlot - 750 ml vendido por walmart patrocinado,walmart costa rica,7500.0,medio,450.38,455.6
2026-09-27,Vino tinto,5830.0,,0,1500.0,5830.0,vino frontera merlot -1500 ml vendido por walmart patrocinado,walmart costa rica,2915.0,económico,450.38,455.6
2026-09-27,Vino tinto,4680.0,,0,750.0,4680.0,vino tinto finca las moras malbec con 13.5% vol - 750 ml vendido por walmart patrocinado,walmart costa rica,4680.0,económico,450.38,455.6
2026-09-27,Vino tinto,11630.0,,0,750.0,11630.0,vino clos dp cabernet tinto sauvignon - 2000ml vendido por walmart patrocinado,walmart costa rica,11630.0,premium,450.38,455.6
2026-09-27,Vinos general,8020.0,,0,750.0,8020.0,vino marques de caceres blanco 750ml,walmart costa rica,8020.0,medio,450.38,455.6
2026-09-27,Vinos general,8800.0,,0,750.0,8800.0,vino casillero del diablo chardonnay - 750ml,walmart costa rica,8800.0,medio,450.38,455.6
2026-09-27,Vino tinto,3870.0,,0,750.0,3870.0,vino santa cecilia tinto cabernet sauvignon -750 ml,walmart costa rica,3870.0,económico,450.38,455.6
2026-09-27,Vino tinto,5480.0,,0,750.0,5480.0,vino blanco trapiche pinot grigio -750ml,walmart costa rica,5480.0,medio,450.38,455.6
2026-09-26,Frontera,5930.0,,0,750.0,5930.0,vino tinto frontera carmenere viñedo protegido por la naturaleza - 750 ml,masxmenos costa rica,5930.0,medio,450.87,454.15
2026-09-26,Vino tinto,4795.0,,0,750.0,4795.0,legado muñoz vino tinto tempranillo 750 ml / 25.4 oz,pricesmart costa rica,4795.0,económico,450.87,454.15
2026-09-26,Vino tinto,7495.0,,0,750.0,7495.0,alamos vino tinto malbec 750 ml,pricesmart costa rica,7495.0,medio,450.87,454.15
2026-09-26,Vino tinto,15995.0,,0,750.0,15995.0,marqués de riscal vino tinto rioja reserva 750 ml,pricesmart costa rica,15995.0,super premium,450.87,454.15
2026-09-26,Vino rosado,13995.0,,0,750.0,13995.0,pasqua 11 minutes vino rosado 750 ml,pricesmart costa rica,13995.0,premium,450.87,454.15
2026-09-26,Vino rosado,12470.0,,0,750.0,12470.0,the beach by whispering angel vino rosado francés 750 ml,pricesmart costa rica,12470.0,premium,450.87,454.15
2026-09-27,Vino tinto,4680.0,,0,750.0,4680.0,vino clos dp cabernet tinto sauvignon - 2000ml,walmart costa rica,4680.0,económico,450.38,455.6
2026-09-27,Vino tinto,11630.0,,0,750.0,11630.0,navarro colección privada vero faraone malbec - 750ml,walmart costa rica,11630.0,premium,450.38,455.6
2026-09-27,Vino tinto,4650.0,,0,1000.0,4650.0,2 pack sangria peñasol tinta -1000ml,walmart costa rica,3487.5,económico,450.38,455.6
2026-09-27,Vino tinto,4400.0,,0,750.0,4400.0,vino frontera frutal tinto de verano manzana naranja - 750 ml,walmart costa rica,4400.0,económico,450.38,455.6
2026-09-27,Vino tinto,3340.0,,0,750.0,3340.0,vino viña maipo classic series cabernet sauvignon -750 ml,walmart costa rica,3340.0,económico,450.38,455.6
2026-09-27,Vino tinto,2420.0,,0,1000.0,2420.0,vino don simon premium merlot - 1000ml,walmart costa rica,1815.0,económico,450.38,455.6
2026-09-27,Vino tinto,3830.0,,0,750.0,3830.0,vino tinto teber dulce - 750ml,walmart costa rica,3830.0,económico,450.38,455.6
2026-09-27,Vino tinto,6510.0,,0,3000.0,6510.0,2 pack sangría don simon -3000ml,walmart costa rica,1627.5,económico,450.38,455.6
2026-09-27,Vino blanco,8020.0,,0,750.0,8020.0,vino marques de caceres blanco 750ml,masxmenos costa rica,8020.0,medio,450.38,455.6
2026-09-27,Vino blanco,3250.0,,0,375.0,3250.0,vino adobe chardonnay orgánico -375 ml,masxmenos costa rica,6500.0,medio,450.38,455.6
2026-09-27,Vinos general,11150.0,,0,750.0,11150.0,vino mr wild chardonnay 750 ml,walmart costa rica,11150.0,premium,450.38,455.6
2026-09-27,Vinos general,4740.0,,0,750.0,4740.0,vino misiones rengo cabernet 750 ml,walmart costa rica,4740.0,económico,450.38,455.6
2026-09-27,Vinos general,7970.0,,0,750.0,7970.0,vino tinto santa rita 120 carmenere - 750ml,walmart costa rica,7970.0,medio,450.38,455.6
2026-09-27,Vinos general,10000.0,,0,750.0,10000.0,vino torres celeste roble tinto - 750 ml,walmart costa rica,10000.0,medio,450.38,455.6
2026-09-27,Vinos general,4400.0,,0,750.0,4400.0,frontera frutal pink paradise 750ml,walmart costa rica,4400.0,económico,450.38,455.6
2026-09-27,Vinos general,3250.0,,0,375.0,3250.0,vino orgánico adobe merlot – 375 ml,walmart costa rica,6500.0,medio,450.38,455.6
2026-09-27,Vinos general,7970.0,,0,750.0,7970.0,vino misiones rengo cabernet 750 ml vendido por walmart patrocinado,walmart costa rica,7970.0,medio,450.38,455.6
2026-09-27,Vinos general,13050.0,,0,750.0,13050.0,vino tinto santa rita 120 carmenere - 750ml vendido por walmart patrocinado,walmart costa rica,13050.0,premium,450.38,455.6
2026-09-27,Vinos general,5200.0,,0,750.0,5200.0,vino torres celeste roble tinto - 750 ml vendido por walmart patrocinado,walmart costa rica,5200.0,medio,450.38,455.6
2026-09-27,Vino blanco,2490.0,,0,1000.0,2490.0,vino clos de pirque blanco - 1000ml,masxmenos costa rica,1867.5,económico,450.38,455.6
2026-09-27,Vino blanco,8310.0,,0,750.0,8310.0,vino blanco protos verdejo criado sobre lias finas - 750 ml,masxmenos costa rica,8310.0,medio,450.38,455.6
2026-09-27,Vino blanco,5600.0,,0,750.0,5600.0,vino peter brum liebfraulmil blan - 750ml,masxmenos costa rica,5600.0,medio,450.38,455.6
2026-09-27,Vino blanco,2530.0,,0,1000.0,2530.0,vino don simón premium selección chardonnay - 1000 ml,masxmenos costa rica,1897.5,económico,450.38,455.6
2026-09-27,Vino blanco,3380.0,,0,750.0,3380.0,vino maipo sauvignon blanco clasic series -750 ml,masxmenos costa rica,3380.0,económico,450.38,455.6
2026-09-27,Vinos general,20760.0,,0,750.0,20760.0,"vino rosado b &amp; g cotes de provence, 2 pack -750 ml",walmart costa rica,20760.0,super premium,450.38,455.6
2026-09-27,Vinos general,5120.0,,0,750.0,5120.0,vino tinto undurraga cabernet - 750 ml,walmart costa rica,5120.0,medio,450.38,455.6
2026-09-27,Vino tinto,2590.0,,0,1000.0,2590.0,vino tinto don simón premium cabernet - 1 l,walmart costa rica,1942.5,económico,450.38,455.6
2026-09-27,Vino tinto,3250.0,,0,375.0,3250.0,vino orgánico adobe cabernet sauvignon - 375 ml,walmart costa rica,6500.0,medio,450.38,455.6
2026-09-27,Vino tinto,11500.0,,0,750.0,11500.0,vino tinto luigi bosca malbec - 750 ml,walmart costa rica,11500.0,premium,450.38,455.6
2026-09-27,Vino tinto,7500.0,,0,1500.0,7500.0,vino viña maipo varietal merlot 1.5l,walmart costa rica,3750.0,económico,450.38,455.6
2026-09-27,Vino tinto,2300.0,,0,1000.0,2300.0,vino clos de pirque tinto merlot - 1000ml vendido por walmart patrocinado,walmart costa rica,1725.0,económico,450.38,455.6
2026-09-27,Vino tinto,3340.0,,0,1000.0,3340.0,vino clos de pirque cabernet sauvignon - 1000ml vendido por walmart patrocinado,walmart costa rica,2505.0,económico,450.38,455.6
2026-09-27,Vinos general,5800.0,,0,750.0,5800.0,frontera cabernet sauvignon 750ml,walmart costa rica,5800.0,medio,450.38,455.6
2026-09-27,Vinos general,11500.0,,0,750.0,11500.0,vino tinto luigi bosca cabernet sauvignon 2020 - 750 ml,walmart costa rica,11500.0,premium,450.38,455.6
2026-09-27,Vinos general,5670.0,,0,750.0,5670.0,vino tarapacá tinto merlot - 750 ml,walmart costa rica,5670.0,medio,450.38,455.6
2026-09-27,Vinos general,7360.0,,0,1500.0,7360.0,vino tinto santa cecilia cabernet sauvignon – 1500 ml,walmart costa rica,3680.0,económico,450.38,455.6
2026-09-27,Vinos general,8000.0,,0,1125.0,8000.0,vino viñas del tango malbec - 1125 ml,walmart costa rica,5333.33,medio,450.38,455.6
2026-09-27,Vinos general,13960.0,,0,750.0,13960.0,vino tinto robert mondavi mondavi cabernet sauvignon - 750 ml,walmart costa rica,13960.0,premium,450.38,455.6
2026-09-27,Vinos general,5670.0,,0,750.0,5670.0,vino pata negra valdepenas crianza - 750 ml,walmart costa rica,5670.0,medio,450.38,455.6
2026-09-27,Vinos general,6300.0,,0,750.0,6300.0,vino beringer zinfandel rosado - 750ml,walmart costa rica,6300.0,medio,450.38,455.6
2026-09-27,Vino rosado,9790.0,,0,750.0,9790.0,vino rosado ijalba rioja eco -750ml,masxmenos costa rica,9790.0,medio,450.38,455.6
2026-09-27,Vino rosado,12700.0,,0,750.0,12700.0,vino làudum gran reserva - 750 ml,masxmenos costa rica,12700.0,premium,450.38,455.6
2026-09-27,Vino blanco,2600.0,,0,750.0,2600.0,vino contenda sauvignon blanc - 750 ml,masxmenos costa rica,2600.0,económico,450.38,455.6
2026-09-27,Vino blanco,4730.0,,0,750.0,4730.0,vino sta rita 3 med bco sauvig 750 ml,masxmenos costa rica,4730.0,económico,450.38,455.6
2026-09-27,Vino blanco,7040.0,,0,750.0,7040.0,vino blanco carmen frida sauvignon blanc – 750 ml,masxmenos costa rica,7040.0,medio,450.38,455.6
2026-09-27,Vino blanco,5910.0,,0,750.0,5910.0,vino blanco frontera spritzer chardonnay eldelflower - 750 ml,masxmenos costa rica,5910.0,medio,450.38,455.6
2026-09-27,Vino blanco,16600.0,,0,750.0,16600.0,vino luigi bosca de sangre - 750 ml,masxmenos costa rica,16600.0,super premium,450.38,455.6
2026-09-27,Vino blanco,8600.0,,0,750.0,8600.0,vino marina alta blanco 00 - 750 ml,masxmenos costa rica,8600.0,medio,450.38,455.6
2026-09-27,Vino blanco,7040.0,,0,750.0,7040.0,vino sta rita 3 med bco sauvig 750 ml patrocinado,masxmenos costa rica,7040.0,medio,450.38,455.6
2026-09-27,Vino rosado,8810.0,,0,750.0,8810.0,vino marques de caceres rosado rioja - 750ml,masxmenos costa rica,8810.0,medio,450.38,455.6
2026-09-27,Vino rosado,5770.0,,0,750.0,5770.0,vino rosado frontera gently bubbly spritzer roses -750 ml,masxmenos costa rica,5770.0,medio,450.38,455.6
2026-09-27,Vino rosado,8020.0,,0,750.0,8020.0,vino soupcon de fruit rose d&apos;anjou 2020 - 750 ml,masxmenos costa rica,8020.0,medio,450.38,455.6
2026-09-27,Vino rosado,3250.0,,0,375.0,3250.0,vino orgánico adobe rosé – 375 ml,masxmenos costa rica,6500.0,medio,450.38,455.6
2026-09-27,Vino rosado,12300.0,,0,2250.0,12300.0,vino tinto trapiche vineyards malbec 3 pack - 2250 ml,masxmenos costa rica,4100.0,económico,450.38,455.6
2026-09-27,Vino rosado,4400.0,,0,750.0,4400.0,frontera frutal pink paradise 750ml,masxmenos costa rica,4400.0,económico,450.38,455.6
2026-09-27,Vino rosado,14590.0,,0,750.0,14590.0,vino rose carnivor apothic - 750 ml,masxmenos costa rica,14590.0,premium,450.38,455.6
2026-09-27,Vino blanco,8.3102,,0,1000.0,8.3102,vino clos de pirque blanco - 1000ml patrocinado,masxmenos costa rica,6.23,económico,450.38,455.6
2026-09-27,Vino blanco,5600.0,,0,750.0,5600.0,vino blanco protos verdejo criado sobre lias finas - 750 ml patrocinado,masxmenos costa rica,5600.0,medio,450.38,455.6
2026-09-27,Vinos general,4240.0,,0,750.0,4240.0,vino undurraga tinto merlot -750 ml,walmart costa rica,4240.0,económico,450.38,455.6
2026-09-27,Vinos general,8800.0,,0,750.0,8800.0,vino marques de caceres blanco 750ml vendido por walmart patrocinado,walmart costa rica,8800.0,medio,450.38,455.6
2026-09-27,Vinos general,5790.0,,0,750.0,5790.0,vino casillero del diablo chardonnay - 750ml vendido por walmart patrocinado,walmart costa rica,5790.0,medio,450.38,455.6
2026-09-27,Vinos general,2160.0,,0,750.0,2160.0,vino i’m your organic blanco viura -750 ml vendido por walmart patrocinado,walmart costa rica,2160.0,económico,450.38,455.6
2026-09-27,Vinos general,11150.0,,0,1000.0,11150.0,vino don símon tinto de mesa - 1000ml vendido por walmart patrocinado,walmart costa rica,8362.5,medio,450.38,455.6
2026-09-27,Vinos general,4.7402,,0,750.0,4.7402,vino mr wild chardonnay 750 ml vendido por walmart patrocinado,walmart costa rica,4.74,económico,450.38,455.6
2026-09-27,Vino blanco,11560.0,,0,1500.0,11560.0,vino blanco pasqua pinot grigio -1500ml,masxmenos costa rica,5780.0,medio,450.38,455.6
2026-09-27,Vino blanco,10300.0,,0,750.0,10300.0,navarro col. privada chardonnay 750 ml,masxmenos costa rica,10300.0,premium,450.38,455.6
2026-09-27,Vino blanco,6110.0,,0,750.0,6110.0,vino tinto fantini trebbiano d abruzzo -750ml,masxmenos costa rica,6110.0,medio,450.38,455.6
2026-09-27,Vino blanco,4100.0,,0,750.0,4100.0,vino santa carolina chardonay botella - 750 ml,masxmenos costa rica,4100.0,económico,450.38,455.6
2026-09-27,Vino blanco,8940.0,,0,750.0,8940.0,vino frontera chardonnay - 1500ml,masxmenos costa rica,8940.0,medio,450.38,455.6
2026-09-27,Vino blanco,7500.0,,0,1500.0,7500.0,vino maipo blanco chardonnay -1.5 l,masxmenos costa rica,3750.0,económico,450.38,455.6
2026-09-27,Vino blanco,3950.0,,0,750.0,3950.0,vino blanco teber dulce - 750ml,masxmenos costa rica,3950.0,económico,450.38,455.6
2026-09-27,Vino blanco,8380.0,,0,750.0,8380.0,vino blanco la linda sweet viognier – 750 ml,masxmenos costa rica,8380.0,medio,450.38,455.6
2026-09-27,Frontera,6070.0,,0,750.0,6070.0,vino blanco frontera spritzer chardonnay eldelflower - 750 ml patrocinado,masxmenos costa rica,6070.0,medio,450.38,455.6
2026-09-27,Frontera,5770.0,,0,750.0,5770.0,vino blanco frontera chardonnay viñedo protegido por la naturaleza - 750 ml patrocinado,masxmenos costa rica,5770.0,medio,450.38,455.6
2026-09-27,Vino rosado,11200.0,,0,750.0,11200.0,vino làudum barrica - 750 ml,masxmenos costa rica,11200.0,premium,450.38,455.6
2026-09-27,Vino rosado,9810.0,,0,750.0,9810.0,vino les jamelles petite rosado - 750 ml,masxmenos costa rica,9810.0,medio,450.38,455.6
2026-09-27,Vino rosado,9200.0,,0,750.0,9200.0,vino laudum chardonnay - 750 ml,masxmenos costa rica,9200.0,medio,450.38,455.6
2026-09-27,Vino rosado,5220.0,,0,750.0,5220.0,vino dulce rosado st. helena – 750 ml,masxmenos costa rica,5220.0,medio,450.38,455.6
2026-09-27,Vino rosado,5200.0,,0,750.0,5200.0,vino cavicchioli lambrusco rosato dulce - 750 ml,masxmenos costa rica,5200.0,medio,450.38,455.6
2026-09-27,Vino rosado,10810.0,,0,750.0,10810.0,vino rosado canti prosecco - 750 ml,masxmenos costa rica,10810.0,premium,450.38,455.6
2026-09-27,Frontera,5930.0,,0,750.0,5930.0,vino tinto frontera carmenere viñedo protegido por la naturaleza - 750 ml,masxmenos costa rica,5930.0,medio,450.38,455.6
2026-09-27,Frontera,7500.0,,0,1500.0,7500.0,vino frontera merlot -1500 ml,masxmenos costa rica,3750.0,económico,450.38,455.6
2026-09-27,Frontera,5930.0,,0,750.0,5930.0,vino frontera concha y toro merlot - 750ml,masxmenos costa rica,5930.0,medio,450.38,455.6
2026-09-27,Frontera,9380.0,,0,1500.0,9380.0,vino frontera tinto concha y toro cabernet - 1500 ml,masxmenos costa rica,4690.0,económico,450.38,455.6
2026-09-27,Frontera,5930.0,,0,750.0,5930.0,frontera cabernet sauvignon 750ml,masxmenos costa rica,5930.0,medio,450.38,455.6
2026-09-27,Frontera,9120.0,,0,1500.0,9120.0,vino blanco frontera sauvignon blanc - 1500 ml,masxmenos costa rica,4560.0,económico,450.38,455.6
2026-09-27,Frontera,4400.0,,0,750.0,4400.0,vino frontera frutal tropical mango maracuyá - 750 ml,masxmenos costa rica,4400.0,económico,450.38,455.6
2026-09-27,Frontera,4200.0,,0,750.0,4200.0,"vinos sub-categoría vino tinto vino blanco vino rosado departamento cervezas, vinos y licores rebaja exclusiva en línea rangos de precio",masxmenos costa rica,4200.0,económico,450.38,455.6
2026-09-27,Vino rosado,4900.0,,0,750.0,4900.0,vino soupcon de fruit rose d'anjou 2020 - 750 ml patrocinado,masxmenos costa rica,4900.0,económico,450.38,455.6
2026-09-27,Vino rosado,12300.0,,0,375.0,12300.0,vino orgánico adobe rosé – 375 ml patrocinado,masxmenos costa rica,24600.0,super premium,450.38,455.6
2026-09-27,Vino blanco,2530.0,,0,750.0,2530.0,vino peter brum liebfraulmil blan - 750ml patrocinado,masxmenos costa rica,2530.0,económico,450.38,455.6
2026-09-27,Vino blanco,3380.0,,0,1000.0,3380.0,vino don simón premium selección chardonnay - 1000 ml patrocinado,masxmenos costa rica,2535.0,económico,450.38,455.6
2026-09-27,Vino blanco,8020.0,,0,750.0,8020.0,vino maipo sauvignon blanco clasic series -750 ml patrocinado,masxmenos costa rica,8020.0,medio,450.38,455.6
2026-09-27,Vino blanco,4900.0,,0,750.0,4900.0,vino marques de caceres blanco 750ml patrocinado,masxmenos costa rica,4900.0,económico,450.38,455.6
2026-09-27,Vino blanco,2600.0,,0,375.0,2600.0,vino adobe chardonnay orgánico -375 ml patrocinado,masxmenos costa rica,5200.0,medio,450.38,455.6
2026-09-27,Vino blanco,4730.0,,0,750.0,4730.0,vino contenda sauvignon blanc - 750 ml patrocinado,masxmenos costa rica,4730.0,económico,450.38,455.6
2026-09-27,Vino rosado,5770.0,,0,750.0,5770.0,vino frontera rosado concha y toro chile - 750 ml,masxmenos costa rica,5770.0,medio,450.38,455.6
2026-09-27,Vino rosado,5640.0,,0,750.0,5640.0,vino rosado trapiche vineyards argentino - 750 ml,masxmenos costa rica,5640.0,medio,450.38,455.6
2026-09-27,Vino rosado,14300.0,,0,750.0,14300.0,vino planeta la segreta bianco - 750 ml,masxmenos costa rica,14300.0,premium,450.38,455.6
2026-09-27,Vino rosado,5840.0,,0,750.0,5840.0,vino im your organic rosé - 750 ml,masxmenos costa rica,5840.0,medio,450.38,455.6
2026-09-27,Vino rosado,8670.0,,0,750.0,8670.0,vino rosado cune bailarina 750mlx6,masxmenos costa rica,8670.0,medio,450.38,455.6
2026-09-27,Vino rosado,6300.0,,0,750.0,6300.0,vino rosado cono sur bicicleta pinot noir - 750 ml,masxmenos costa rica,6300.0,medio,450.38,455.6
2026-09-27,Vino rosado,5770.0,,0,750.0,5770.0,vino marques de caceres rosado rioja - 750ml patrocinado,masxmenos costa rica,5770.0,medio,450.38,455.6
2026-09-27,Vino rosado,8020.0,,0,750.0,8020.0,vino rosado frontera gently bubbly spritzer roses -750 ml patrocinado,masxmenos costa rica,8020.0,medio,450.38,455.6
2026-09-27,Vino tinto,15495.0,,0,750.0,15495.0,muga vino tinto español el anden de la estación 750 ml,pricesmart costa rica,15495.0,super premium,450.38,455.6
2026-09-27,Vino tinto,14995.0,,0,750.0,14995.0,campo viejo vino tinto reserva 750 ml,pricesmart costa rica,14995.0,premium,450.38,455.6
2026-09-27,Frontera,6070.0,,0,750.0,6070.0,vino rosado frontera gently bubbly spritzer roses -750 ml patrocinado,masxmenos costa rica,6070.0,medio,450.38,455.6
2026-09-27,Frontera,5930.0,,0,750.0,5930.0,vino frontera blanco sauvignon concha y toro - 750 ml patrocinado,masxmenos costa rica,5930.0,medio,450.38,455.6
2026-09-27,Frontera,5770.0,,0,750.0,5770.0,vino tinto frontera carmenere viñedo protegido por la naturaleza - 750 ml patrocinado,masxmenos costa rica,5770.0,medio,450.38,455.6
2026-09-27,Frontera,7500.0,,0,750.0,7500.0,vino frontera rosado concha y toro chile - 750 ml patrocinado,masxmenos costa rica,7500.0,medio,450.38,455.6
2026-09-27,Frontera,5930.0,,0,1500.0,5930.0,vino frontera merlot -1500 ml patrocinado,masxmenos costa rica,2965.0,económico,450.38,455.6
2026-09-27,Frontera,9380.0,,0,750.0,9380.0,vino frontera concha y toro merlot - 750ml patrocinado,masxmenos costa rica,9380.0,medio,450.38,455.6
2026-09-27,Vino tinto,7495.0,,0,750.0,7495.0,santa rita 120 reserva especial vino tinto 4 unidades / 187.5 ml / 6.3 oz,pricesmart costa rica,7495.0,medio,450.38,455.6
2026-09-27,Vino tinto,20795.0,,0,2250.0,20795.0,faustino rivero ulecia set vinos rioja 3 unidades / 750 ml,pricesmart costa rica,6931.67,medio,450.38,455.6
2026-09-27,Vino tinto,13795.0,,0,3000.0,13795.0,carlo rossi vino tinto cuerpo medio 3 l / 101.4 oz,pricesmart costa rica,3448.75,económico,450.38,455.6
2026-09-27,Vino tinto,10495.0,,0,750.0,10495.0,m. chapoutier vino tinto côtes du rhône 750 ml / 25.36 oz,pricesmart costa rica,10495.0,premium,450.38,455.6
2026-09-27,Vino tinto,11495.0,,0,750.0,11495.0,ramon bilbao vino tinto crianza 750 ml,pricesmart costa rica,11495.0,premium,450.38,455.6
2026-09-27,Vino tinto,10495.0,,0,750.0,10495.0,montes limited selection vino cabernet sauvignon camenère 750 ml / 25.3 oz,pricesmart costa rica,10495.0,premium,450.38,455.6
2026-09-27,Vino tinto,9295.0,,0,750.0,9295.0,baron philippe de rothschild vino tinto cabernet sauvignon 750 ml / 25.36 oz,pricesmart costa rica,9295.0,medio,450.38,455.6
2026-09-27,Vino tinto,12995.0,,0,750.0,12995.0,catena vista flores vino tinto malbec 750 ml,pricesmart costa rica,12995.0,premium,450.38,455.6
2026-09-27,Vino tinto,7295.0,,0,1500.0,7295.0,frontera merlot vino tinto chileno botella de 1.5 l / 51 oz,pricesmart costa rica,3647.5,económico,450.38,455.6
2026-09-27,Vino tinto,6795.0,,0,1500.0,6795.0,twin view estates cabernet sauvignon vino tinto 1.5 l,pricesmart costa rica,3397.5,económico,450.38,455.6
2026-09-27,Vino rosado,5220.0,,0,2250.0,5220.0,vino tinto trapiche vineyards malbec 3 pack - 2250 ml patrocinado,masxmenos costa rica,1740.0,económico,450.38,455.6
2026-09-27,Vino rosado,9790.0,,0,750.0,9790.0,vino rose carnivor apothic - 750 ml patrocinado,masxmenos costa rica,9790.0,medio,450.38,455.6
2026-09-27,Vino rosado,12.7002,,0,750.0,12.7002,vino rosado ijalba rioja eco -750ml patrocinado,masxmenos costa rica,12.7,económico,450.38,455.6
2026-09-27,Vino rosado,11.2002,,0,750.0,11.2002,vino làudum gran reserva - 750 ml patrocinado,masxmenos costa rica,11.2,económico,450.38,455.6
2026-09-27,Frontera,6070.0,,0,750.0,6070.0,vino blanco frontera chardonnay viñedo protegido por la naturaleza - 750 ml,masxmenos costa rica,6070.0,medio,450.38,455.6
2026-09-27,Frontera,6070.0,,0,750.0,6070.0,vino frontera blanco sauvignon concha y toro - 750 ml,masxmenos costa rica,6070.0,medio,450.38,455.6
2026-09-27,Vino tinto,2395.0,,0,750.0,2395.0,loma negra vino tinto merlot 750 ml / 25.4 oz,pricesmart costa rica,2395.0,económico,450.38,455.6
2026-09-27,Vino tinto,5795.0,,0,750.0,5795.0,rioja próximo tempranillo vino tinto 750 ml / 25.4 oz,pricesmart costa rica,5795.0,medio,450.38,455.6
2026-09-27,Vino tinto,6795.0,,0,3000.0,6795.0,clos de pirque vino tinto cabernet sauvignon 3 unidades / 1 l,pricesmart costa rica,1698.75,económico,450.38,455.6
2026-09-27,Vino tinto,8795.0,,0,750.0,8795.0,cune vino tinto crianza rioja 750 ml / 25.36 oz,pricesmart costa rica,8795.0,medio,450.38,455.6
2026-09-27,Vino tinto,9295.0,,0,750.0,9295.0,marques caceres crianza vino tinto 750 ml / 25.4 oz,pricesmart costa rica,9295.0,medio,450.38,455.6
2026-09-27,Vino tinto,5495.0,,0,750.0,5495.0,manischewitz concord grape vino tinto 750 ml / 25.36 oz,pricesmart costa rica,5495.0,medio,450.38,455.6
2026-09-27,Vino tinto,9495.0,,0,750.0,9495.0,apothic vino tinto 750 ml / 25.4 oz,pricesmart costa rica,9495.0,medio,450.38,455.6
2026-09-27,Vino tinto,8795.0,,0,750.0,8795.0,hacienda lópez de haro vino crianza 750 ml,pricesmart costa rica,8795.0,medio,450.38,455.6
2026-09-26,Vino tinto,6495.0,,0,750.0,6495.0,caliterra reserva vino tinto cabernet sauvignon 750 ml,pricesmart costa rica,6495.0,medio,450.87,454.15
2026-09-26,Vino tinto,20995.0,,0,750.0,20995.0,pulenta estate malbec vino tinto 750 ml,pricesmart costa rica,20995.0,super premium,450.87,454.15
2026-09-27,Vino tinto,4995.0,,0,750.0,4995.0,real compañia vino tinto tempranillo botella de 750 ml / 25.4 oz,pricesmart costa rica,4995.0,económico,450.38,455.6
2026-09-27,Vino tinto,9795.0,,0,750.0,9795.0,el coto crianza rioja vino tinto tempranillo 750 ml,pricesmart costa rica,9795.0,medio,450.38,455.6
2026-09-27,Vino tinto,8495.0,,0,750.0,8495.0,ruffino vino tinto chianti classico 750 ml / 25.36 oz,pricesmart costa rica,8495.0,medio,450.38,455.6
2026-09-27,Vino tinto,9795.0,,0,750.0,9795.0,cantina fiorentino primitivo salento vino tinto 750 ml,pricesmart costa rica,9795.0,medio,450.38,455.6
2026-09-27,Vino tinto,11995.0,,0,750.0,11995.0,pasqua zin primitivo vino tinto 750 ml,pricesmart costa rica,11995.0,premium,450.38,455.6
2026-09-27,Vino tinto,7670.0,,0,750.0,7670.0,douce nature vino tinto pinot noir orgánico 750 ml / 25.36 oz,pricesmart costa rica,7670.0,medio,450.38,455.6
2026-09-28,Vino tinto,11630.0,,0,750.0,11630.0,navarro colección privada vero faraone malbec - 750ml,walmart costa rica,11630.0,premium,450.38,455.6
2026-09-28,Vino tinto,5830.0,,0,750.0,5830.0,vino tinto finca las moras malbec con 13.5% vol - 750 ml,walmart costa rica,5830.0,medio,450.38,455.6
2026-09-28,Vino tinto,7500.0,,0,1500.0,7500.0,vino frontera merlot -1500 ml,walmart costa rica,3750.0,económico,450.38,455.6
2026-09-28,Vino tinto,2580.0,,0,750.0,2580.0,vino tinto contenda merlot - 750 ml,walmart costa rica,2580.0,económico,450.38,455.6
2026-09-28,Vino tinto,1980.0,,0,750.0,1980.0,vino tinto don simón tempranillo -750 ml,walmart costa rica,1980.0,económico,450.38,455.6
2026-09-28,Vino tinto,3340.0,,0,750.0,3340.0,vino viña maipo clasic series merlot - 750 ml,walmart costa rica,3340.0,económico,450.38,455.6
2026-09-28,Vino tinto,2300.0,,0,1000.0,2300.0,vino clos de pirque cabernet sauvignon - 1000ml,walmart costa rica,1725.0,económico,450.38,455.6
2026-09-28,Vino tinto,2500.0,,0,1000.0,2500.0,vino clos de pirque tinto merlot - 1000ml,walmart costa rica,1875.0,económico,450.38,455.6
2026-09-27,Vino rosado,6370.0,,0,750.0,6370.0,pack jp chenet rosé dry vino espumoso 750 ml + chocolate vizzio 70 g,pricesmart costa rica,6370.0,medio,450.38,455.6
2026-09-27,Vino rosado,5795.0,,0,750.0,5795.0,astoria prosecco rosé vino rosado 750 ml / 25.4 oz,pricesmart costa rica,5795.0,medio,450.38,455.6
2026-09-27,Vino tinto,10995.0,,0,750.0,10995.0,portia roble tempranillo vino tinto 750 ml,pricesmart costa rica,10995.0,premium,450.38,455.6
2026-09-27,Vino tinto,5495.0,,0,750.0,5495.0,finca las moras botella de vino tinto malbec suave al paladar 750 ml / 25.4 oz,pricesmart costa rica,5495.0,medio,450.38,455.6
2026-09-27,Vino tinto,8795.0,,0,1500.0,8795.0,montepulciano vino tinto de frutos rojos 1.5 l / 51 oz,pricesmart costa rica,4397.5,económico,450.38,455.6
2026-09-27,Vino tinto,15995.0,,0,750.0,15995.0,marqués de riscal vino tinto rioja reserva 750 ml,pricesmart costa rica,15995.0,super premium,450.38,455.6
2026-09-27,Vino tinto,7495.0,,0,750.0,7495.0,alamos vino tinto malbec 750 ml,pricesmart costa rica,7495.0,medio,450.38,455.6
2026-09-27,Vino tinto,4795.0,,0,750.0,4795.0,legado muñoz vino tinto tempranillo 750 ml / 25.4 oz,pricesmart costa rica,4795.0,económico,450.38,455.6
2026-09-28,Vino tinto,1980.0,,0,750.0,1980.0,vino viña maipo clasic series merlot - 750 ml vendido por walmart patrocinado,walmart costa rica,1980.0,económico,450.38,455.6
2026-09-28,Vino tinto,3340.0,,0,1000.0,3340.0,vino clos de pirque cabernet sauvignon - 1000ml vendido por walmart patrocinado,walmart costa rica,2505.0,económico,450.38,455.6
2026-09-28,Vino tinto,2300.0,,0,1000.0,2300.0,vino clos de pirque tinto merlot - 1000ml vendido por walmart patrocinado,walmart costa rica,1725.0,económico,450.38,455.6
2026-09-28,Vino tinto,7500.0,,0,1500.0,7500.0,vino viña maipo varietal merlot 1.5l,walmart costa rica,3750.0,económico,450.38,455.6
2026-09-28,Vino tinto,11500.0,,0,750.0,11500.0,vino tinto luigi bosca malbec - 750 ml,walmart costa rica,11500.0,premium,450.38,455.6
2026-09-28,Vino tinto,3250.0,,0,375.0,3250.0,vino orgánico adobe cabernet sauvignon - 375 ml,walmart costa rica,6500.0,medio,450.38,455.6
2026-09-28,Vino tinto,2590.0,,0,1000.0,2590.0,vino tinto don simón premium cabernet - 1 l,walmart costa rica,1942.5,económico,450.38,455.6
2026-09-28,Vino tinto,5480.0,,0,750.0,5480.0,vino blanco trapiche pinot grigio -750ml,walmart costa rica,5480.0,medio,450.38,455.6
2026-09-28,Vino tinto,3870.0,,0,750.0,3870.0,vino santa cecilia tinto cabernet sauvignon -750 ml,walmart costa rica,3870.0,económico,450.38,455.6
2026-09-28,Vino tinto,6510.0,,0,3000.0,6510.0,2 pack sangría don simon -3000ml,walmart costa rica,1627.5,económico,450.38,455.6
2026-09-28,Vino tinto,2420.0,,0,1000.0,2420.0,vino don simon premium merlot - 1000ml,walmart costa rica,1815.0,económico,450.38,455.6
2026-09-28,Vino tinto,3830.0,,0,750.0,3830.0,vino tinto teber dulce - 750ml,walmart costa rica,3830.0,económico,450.38,455.6
2026-09-28,Vino tinto,3340.0,,0,750.0,3340.0,vino viña maipo classic series cabernet sauvignon -750 ml,walmart costa rica,3340.0,económico,450.38,455.6
2026-09-28,Vino tinto,4400.0,,0,750.0,4400.0,vino frontera frutal tinto de verano manzana naranja - 750 ml,walmart costa rica,4400.0,económico,450.38,455.6
2026-09-28,Vino tinto,4650.0,,0,1000.0,4650.0,2 pack sangria peñasol tinta -1000ml,walmart costa rica,3487.5,económico,450.38,455.6
2026-09-28,Vino tinto,4680.0,,0,750.0,4680.0,vino clos dp cabernet tinto sauvignon - 2000ml,walmart costa rica,4680.0,económico,450.38,455.6
2026-09-28,Vinos general,11500.0,,0,750.0,11500.0,vino tinto luigi bosca cabernet sauvignon 2020 - 750 ml,walmart costa rica,11500.0,premium,450.38,455.6
2026-09-28,Vinos general,5800.0,,0,750.0,5800.0,frontera cabernet sauvignon 750ml,walmart costa rica,5800.0,medio,450.38,455.6
2026-09-28,Vinos general,4400.0,,0,750.0,4400.0,frontera frutal pink paradise 750ml,walmart costa rica,4400.0,económico,450.38,455.6
2026-09-28,Vinos general,10000.0,,0,750.0,10000.0,vino torres celeste roble tinto - 750 ml,walmart costa rica,10000.0,medio,450.38,455.6
2026-09-28,Vinos general,4740.0,,0,750.0,4740.0,vino misiones rengo cabernet 750 ml,walmart costa rica,4740.0,económico,450.38,455.6
2026-09-28,Vinos general,7970.0,,0,750.0,7970.0,vino tinto santa rita 120 carmenere - 750ml,walmart costa rica,7970.0,medio,450.38,455.6
2026-09-28,Vinos general,11150.0,,0,750.0,11150.0,vino mr wild chardonnay 750 ml,walmart costa rica,11150.0,premium,450.38,455.6
2026-09-28,Vinos general,2160.0,,0,1000.0,2160.0,vino don símon tinto de mesa - 1000ml,walmart costa rica,1620.0,económico,450.38,455.6
2026-09-28,Vinos general,8800.0,,0,750.0,8800.0,vino casillero del diablo chardonnay - 750ml,walmart costa rica,8800.0,medio,450.38,455.6
2026-09-28,Vinos general,5790.0,,0,750.0,5790.0,vino i’m your organic blanco viura -750 ml,walmart costa rica,5790.0,medio,450.38,455.6
2026-09-28,Vinos general,8020.0,,0,750.0,8020.0,vino marques de caceres blanco 750ml,walmart costa rica,8020.0,medio,450.38,455.6
2026-09-28,Vino tinto,4.6502,,0,750.0,4.6502,vino clos dp cabernet tinto sauvignon - 2000ml vendido por walmart patrocinado,walmart costa rica,4.65,económico,450.38,455.6
2026-09-28,Vino tinto,11630.0,,0,750.0,11630.0,vino tinto finca las moras malbec con 13.5% vol - 750 ml vendido por walmart patrocinado,walmart costa rica,11630.0,premium,450.38,455.6
2026-09-28,Vino tinto,5830.0,,0,1500.0,5830.0,vino frontera merlot -1500 ml vendido por walmart patrocinado,walmart costa rica,2915.0,económico,450.38,455.6
2026-09-28,Vino tinto,7500.0,,0,750.0,7500.0,vino tinto contenda merlot - 750 ml vendido por walmart patrocinado,walmart costa rica,7500.0,medio,450.38,455.6
2026-09-28,Vino tinto,2580.0,,0,750.0,2580.0,vino tinto don simón tempranillo -750 ml vendido por walmart patrocinado,walmart costa rica,2580.0,económico,450.38,455.6
2026-09-28,Vinos general,4.7402,,0,750.0,4.7402,vino tinto santa rita 120 carmenere - 750ml vendido por walmart patrocinado,walmart costa rica,4.74,económico,450.38,455.6
2026-09-28,Vinos general,7970.0,,0,750.0,7970.0,vino mr wild chardonnay 750 ml vendido por walmart patrocinado,walmart costa rica,7970.0,medio,450.38,455.6
2026-09-28,Vinos general,11150.0,,0,1000.0,11150.0,vino don símon tinto de mesa - 1000ml vendido por walmart patrocinado,walmart costa rica,8362.5,medio,450.38,455.6
2026-09-28,Vinos general,2160.0,,0,750.0,2160.0,vino casillero del diablo chardonnay - 750ml vendido por walmart patrocinado,walmart costa rica,2160.0,económico,450.38,455.6
2026-09-28,Vinos general,8800.0,,0,750.0,8800.0,vino i’m your organic blanco viura -750 ml vendido por walmart patrocinado,walmart costa rica,8800.0,medio,450.38,455.6
2026-09-28,Vinos general,5790.0,,0,750.0,5790.0,vino marques de caceres blanco 750ml vendido por walmart patrocinado,walmart costa rica,5790.0,medio,450.38,455.6
2026-09-28,Vinos general,12140.0,,0,750.0,12140.0,vino tinto protos roble botella - 750 ml,walmart costa rica,12140.0,premium,450.38,455.6
2026-09-28,Vinos general,4240.0,,0,750.0,4240.0,vino undurraga tinto merlot -750 ml,walmart costa rica,4240.0,económico,450.38,455.6
2026-09-28,Vinos general,5120.0,,0,750.0,5120.0,vino tinto undurraga cabernet - 750 ml,walmart costa rica,5120.0,medio,450.38,455.6
2026-09-28,Vinos general,20760.0,,0,750.0,20760.0,"vino rosado b &amp; g cotes de provence, 2 pack -750 ml",walmart costa rica,20760.0,super premium,450.38,455.6
2026-09-28,Vinos general,6300.0,,0,750.0,6300.0,vino beringer zinfandel rosado - 750ml,walmart costa rica,6300.0,medio,450.38,455.6
2026-09-28,Vinos general,5670.0,,0,750.0,5670.0,vino pata negra valdepenas crianza - 750 ml,walmart costa rica,5670.0,medio,450.38,455.6
2026-09-28,Vinos general,13960.0,,0,750.0,13960.0,vino tinto robert mondavi mondavi cabernet sauvignon - 750 ml,walmart costa rica,13960.0,premium,450.38,455.6
2026-09-28,Vinos general,8000.0,,0,1125.0,8000.0,vino viñas del tango malbec - 1125 ml,walmart costa rica,5333.33,medio,450.38,455.6
2026-09-28,Vinos general,7360.0,,0,1500.0,7360.0,vino tinto santa cecilia cabernet sauvignon – 1500 ml,walmart costa rica,3680.0,económico,450.38,455.6
2026-09-28,Vinos general,5670.0,,0,750.0,5670.0,vino tarapacá tinto merlot - 750 ml,walmart costa rica,5670.0,medio,450.38,455.6
2026-09-28,Vino blanco,11560.0,,0,1500.0,11560.0,vino blanco pasqua pinot grigio -1500ml,masxmenos costa rica,5780.0,medio,450.38,455.6
2026-09-28,Vino blanco,8600.0,,0,750.0,8600.0,vino marina alta blanco 00 - 750 ml,masxmenos costa rica,8600.0,medio,450.38,455.6
2026-09-28,Vino blanco,16600.0,,0,750.0,16600.0,vino luigi bosca de sangre - 750 ml,masxmenos costa rica,16600.0,super premium,450.38,455.6
2026-09-28,Vino blanco,5910.0,,0,750.0,5910.0,vino blanco frontera spritzer chardonnay eldelflower - 750 ml,masxmenos costa rica,5910.0,medio,450.38,455.6
2026-09-28,Vino blanco,7040.0,,0,750.0,7040.0,vino blanco carmen frida sauvignon blanc – 750 ml,masxmenos costa rica,7040.0,medio,450.38,455.6
2026-09-28,Vino blanco,4730.0,,0,750.0,4730.0,vino sta rita 3 med bco sauvig 750 ml,masxmenos costa rica,4730.0,económico,450.38,455.6
2026-09-28,Vino blanco,2600.0,,0,750.0,2600.0,vino contenda sauvignon blanc - 750 ml,masxmenos costa rica,2600.0,económico,450.38,455.6
2026-09-28,Vino blanco,3250.0,,0,375.0,3250.0,vino adobe chardonnay orgánico -375 ml,masxmenos costa rica,6500.0,medio,450.38,455.6
2026-09-28,Vino blanco,8020.0,,0,750.0,8020.0,vino marques de caceres blanco 750ml,masxmenos costa rica,8020.0,medio,450.38,455.6
2026-09-28,Vino blanco,3380.0,,0,750.0,3380.0,vino maipo sauvignon blanco clasic series -750 ml,masxmenos costa rica,3380.0,económico,450.38,455.6
2026-09-28,Vino blanco,2530.0,,0,1000.0,2530.0,vino don simón premium selección chardonnay - 1000 ml,masxmenos costa rica,1897.5,económico,450.38,455.6
2026-09-28,Vino blanco,5600.0,,0,750.0,5600.0,vino peter brum liebfraulmil blan - 750ml,masxmenos costa rica,5600.0,medio,450.38,455.6
2026-09-28,Vino blanco,8310.0,,0,750.0,8310.0,vino blanco protos verdejo criado sobre lias finas - 750 ml,masxmenos costa rica,8310.0,medio,450.38,455.6
2026-09-28,Vino blanco,2490.0,,0,1000.0,2490.0,vino clos de pirque blanco - 1000ml,masxmenos costa rica,1867.5,económico,450.38,455.6
2026-09-28,Vinos general,5200.0,,0,750.0,5200.0,vino torres celeste roble tinto - 750 ml vendido por walmart patrocinado,walmart costa rica,5200.0,medio,450.38,455.6
2026-09-28,Vinos general,13050.0,,0,750.0,13050.0,vino misiones rengo cabernet 750 ml vendido por walmart patrocinado,walmart costa rica,13050.0,premium,450.38,455.6
2026-09-28,Vino blanco,7040.0,,0,750.0,7040.0,vino sta rita 3 med bco sauvig 750 ml patrocinado,masxmenos costa rica,7040.0,medio,450.38,455.6
2026-09-28,Vino blanco,4730.0,,0,750.0,4730.0,vino contenda sauvignon blanc - 750 ml patrocinado,masxmenos costa rica,4730.0,económico,450.38,455.6
2026-09-28,Vino blanco,2600.0,,0,375.0,2600.0,vino adobe chardonnay orgánico -375 ml patrocinado,masxmenos costa rica,5200.0,medio,450.38,455.6
2026-09-28,Vino blanco,4900.0,,0,750.0,4900.0,vino marques de caceres blanco 750ml patrocinado,masxmenos costa rica,4900.0,económico,450.38,455.6
2026-09-28,Vino blanco,8020.0,,0,750.0,8020.0,vino maipo sauvignon blanco clasic series -750 ml patrocinado,masxmenos costa rica,8020.0,medio,450.38,455.6
2026-09-28,Vino blanco,3380.0,,0,1000.0,3380.0,vino don simón premium selección chardonnay - 1000 ml patrocinado,masxmenos costa rica,2535.0,económico,450.38,455.6
2026-09-28,Vino blanco,2530.0,,0,750.0,2530.0,vino peter brum liebfraulmil blan - 750ml patrocinado,masxmenos costa rica,2530.0,económico,450.38,455.6
2026-09-28,Vino blanco,5600.0,,0,750.0,5600.0,vino blanco protos verdejo criado sobre lias finas - 750 ml patrocinado,masxmenos costa rica,5600.0,medio,450.38,455.6
2026-09-28,Vino blanco,8.3102,,0,1000.0,8.3102,vino clos de pirque blanco - 1000ml patrocinado,masxmenos costa rica,6.23,económico,450.38,455.6
2026-09-28,Vino blanco,8380.0,,0,750.0,8380.0,vino blanco la linda sweet viognier – 750 ml,masxmenos costa rica,8380.0,medio,450.38,455.6
2026-09-28,Vino blanco,3950.0,,0,750.0,3950.0,vino blanco teber dulce - 750ml,masxmenos costa rica,3950.0,económico,450.38,455.6
2026-09-28,Vino blanco,10300.0,,0,750.0,10300.0,navarro col. privada chardonnay 750 ml,masxmenos costa rica,10300.0,premium,450.38,455.6
2026-09-28,Vino blanco,7500.0,,0,1500.0,7500.0,vino maipo blanco chardonnay -1.5 l,masxmenos costa rica,3750.0,económico,450.38,455.6
2026-09-28,Vino blanco,8940.0,,0,750.0,8940.0,vino frontera chardonnay - 1500ml,masxmenos costa rica,8940.0,medio,450.38,455.6
2026-09-28,Vino blanco,4100.0,,0,750.0,4100.0,vino santa carolina chardonay botella - 750 ml,masxmenos costa rica,4100.0,económico,450.38,455.6
2026-09-28,Vino blanco,6110.0,,0,750.0,6110.0,vino tinto fantini trebbiano d abruzzo -750ml,masxmenos costa rica,6110.0,medio,450.38,455.6
2026-09-28,Vino rosado,10810.0,,0,750.0,10810.0,vino rosado canti prosecco - 750 ml,masxmenos costa rica,10810.0,premium,450.38,455.6
2026-09-28,Vino rosado,5200.0,,0,750.0,5200.0,vino cavicchioli lambrusco rosato dulce - 750 ml,masxmenos costa rica,5200.0,medio,450.38,455.6
2026-09-28,Vino rosado,5220.0,,0,750.0,5220.0,vino dulce rosado st. helena – 750 ml,masxmenos costa rica,5220.0,medio,450.38,455.6
2026-09-28,Vino rosado,11200.0,,0,750.0,11200.0,vino làudum barrica - 750 ml,masxmenos costa rica,11200.0,premium,450.38,455.6
2026-09-28,Vino rosado,11200.0,,0,750.0,11200.0,vino làudum reserva - 750 ml,masxmenos costa rica,11200.0,premium,450.38,455.6
2026-09-28,Vino rosado,12700.0,,0,750.0,12700.0,vino làudum gran reserva - 750 ml,masxmenos costa rica,12700.0,premium,450.38,455.6
2026-09-28,Vino rosado,9200.0,,0,750.0,9200.0,vino laudum chardonnay - 750 ml,masxmenos costa rica,9200.0,medio,450.38,455.6
2026-09-28,Vino rosado,9810.0,,0,750.0,9810.0,vino les jamelles petite rosado - 750 ml,masxmenos costa rica,9810.0,medio,450.38,455.6
2026-09-28,Vino rosado,9790.0,,0,750.0,9790.0,vino rosado ijalba rioja eco -750ml,masxmenos costa rica,9790.0,medio,450.38,455.6
2026-09-28,Vino rosado,14590.0,,0,750.0,14590.0,vino rose carnivor apothic - 750 ml,masxmenos costa rica,14590.0,premium,450.38,455.6
2026-09-28,Vino rosado,4400.0,,0,750.0,4400.0,frontera frutal pink paradise 750ml,masxmenos costa rica,4400.0,económico,450.38,455.6
2026-09-28,Vino rosado,12300.0,,0,2250.0,12300.0,vino tinto trapiche vineyards malbec 3 pack - 2250 ml,masxmenos costa rica,4100.0,económico,450.38,455.6
2026-09-28,Vino rosado,3250.0,,0,375.0,3250.0,vino orgánico adobe rosé – 375 ml,masxmenos costa rica,6500.0,medio,450.38,455.6
2026-09-28,Vino rosado,8020.0,,0,750.0,8020.0,vino soupcon de fruit rose d&apos;anjou 2020 - 750 ml,masxmenos costa rica,8020.0,medio,450.38,455.6
2026-09-28,Vino rosado,5770.0,,0,750.0,5770.0,vino rosado frontera gently bubbly spritzer roses -750 ml,masxmenos costa rica,5770.0,medio,450.38,455.6
2026-09-28,Vino rosado,8810.0,,0,750.0,8810.0,vino marques de caceres rosado rioja - 750ml,masxmenos costa rica,8810.0,medio,450.38,455.6
2026-09-28,Frontera,5930.0,,0,750.0,5930.0,vino tinto frontera carmenere viñedo protegido por la naturaleza - 750 ml,masxmenos costa rica,5930.0,medio,450.38,455.6
2026-09-28,Frontera,6070.0,,0,750.0,6070.0,vino frontera blanco sauvignon concha y toro - 750 ml,masxmenos costa rica,6070.0,medio,450.38,455.6
2026-09-28,Frontera,6070.0,,0,750.0,6070.0,vino blanco frontera chardonnay viñedo protegido por la naturaleza - 750 ml,masxmenos costa rica,6070.0,medio,450.38,455.6
2026-09-28,Vino rosado,9200.0,,0,750.0,9200.0,vino les jamelles petite rosado - 750 ml patrocinado,masxmenos costa rica,9200.0,medio,450.38,455.6
2026-09-28,Vino rosado,9810.0,,0,750.0,9810.0,vino rosado ijalba rioja eco -750ml patrocinado,masxmenos costa rica,9810.0,medio,450.38,455.6
2026-09-28,Vino rosado,9790.0,,0,750.0,9790.0,vino rose carnivor apothic - 750 ml patrocinado,masxmenos costa rica,9790.0,medio,450.38,455.6
2026-09-28,Vino rosado,5220.0,,0,2250.0,5220.0,vino tinto trapiche vineyards malbec 3 pack - 2250 ml patrocinado,masxmenos costa rica,1740.0,económico,450.38,455.6
2026-09-28,Vino rosado,12300.0,,0,375.0,12300.0,vino orgánico adobe rosé – 375 ml patrocinado,masxmenos costa rica,24600.0,super premium,450.38,455.6
2026-09-28,Vino rosado,4900.0,,0,750.0,4900.0,vino soupcon de fruit rose d'anjou 2020 - 750 ml patrocinado,masxmenos costa rica,4900.0,económico,450.38,455.6
2026-09-28,Vino rosado,8020.0,,0,750.0,8020.0,vino rosado frontera gently bubbly spritzer roses -750 ml patrocinado,masxmenos costa rica,8020.0,medio,450.38,455.6
2026-09-28,Vino rosado,5770.0,,0,750.0,5770.0,vino marques de caceres rosado rioja - 750ml patrocinado,masxmenos costa rica,5770.0,medio,450.38,455.6
2026-09-28,Vino rosado,8670.0,,0,750.0,8670.0,vino rosado cune bailarina 750mlx6,masxmenos costa rica,8670.0,medio,450.38,455.6
2026-09-28,Vino rosado,5840.0,,0,750.0,5840.0,vino im your organic rosé - 750 ml,masxmenos costa rica,5840.0,medio,450.38,455.6
2026-09-28,Vino rosado,14300.0,,0,750.0,14300.0,vino planeta la segreta bianco - 750 ml,masxmenos costa rica,14300.0,premium,450.38,455.6
2026-09-28,Vino rosado,5640.0,,0,750.0,5640.0,vino rosado trapiche vineyards argentino - 750 ml,masxmenos costa rica,5640.0,medio,450.38,455.6
2026-09-28,Vino rosado,5770.0,,0,750.0,5770.0,vino frontera rosado concha y toro chile - 750 ml,masxmenos costa rica,5770.0,medio,450.38,455.6
2026-09-28,Vino tinto,2395.0,,0,750.0,2395.0,loma negra vino tinto merlot 750 ml / 25.4 oz,pricesmart costa rica,2395.0,económico,450.38,455.6
2026-09-28,Frontera,9380.0,,0,750.0,9380.0,vino frontera concha y toro merlot - 750ml patrocinado,masxmenos costa rica,9380.0,medio,450.38,455.6
2026-09-28,Frontera,5930.0,,0,1500.0,5930.0,vino frontera merlot -1500 ml patrocinado,masxmenos costa rica,2965.0,económico,450.38,455.6
2026-09-28,Frontera,7500.0,,0,750.0,7500.0,vino frontera rosado concha y toro chile - 750 ml patrocinado,masxmenos costa rica,7500.0,medio,450.38,455.6
2026-09-28,Frontera,5770.0,,0,750.0,5770.0,vino tinto frontera carmenere viñedo protegido por la naturaleza - 750 ml patrocinado,masxmenos costa rica,5770.0,medio,450.38,455.6
2026-09-28,Frontera,5930.0,,0,750.0,5930.0,vino frontera blanco sauvignon concha y toro - 750 ml patrocinado,masxmenos costa rica,5930.0,medio,450.38,455.6
2026-09-28,Frontera,6070.0,,0,750.0,6070.0,vino rosado frontera gently bubbly spritzer roses -750 ml patrocinado,masxmenos costa rica,6070.0,medio,450.38,455.6
2026-09-28,Frontera,5770.0,,0,750.0,5770.0,vino blanco frontera chardonnay viñedo protegido por la naturaleza - 750 ml patrocinado,masxmenos costa rica,5770.0,medio,450.38,455.6
2026-09-28,Frontera,6070.0,,0,750.0,6070.0,vino blanco frontera spritzer chardonnay eldelflower - 750 ml patrocinado,masxmenos costa rica,6070.0,medio,450.38,455.6
2026-09-28,Frontera,4200.0,,0,750.0,4200.0,"vinos sub-categoría vino tinto vino blanco vino rosado departamento cervezas, vinos y licores rebaja exclusiva en línea rangos de precio",masxmenos costa rica,4200.0,económico,450.38,455.6
2026-09-28,Frontera,4400.0,,0,750.0,4400.0,vino frontera frutal tropical mango maracuyá - 750 ml,masxmenos costa rica,4400.0,económico,450.38,455.6
2026-09-28,Frontera,9120.0,,0,1500.0,9120.0,vino blanco frontera sauvignon blanc - 1500 ml,masxmenos costa rica,4560.0,económico,450.38,455.6
2026-09-28,Frontera,5930.0,,0,750.0,5930.0,frontera cabernet sauvignon 750ml,masxmenos costa rica,5930.0,medio,450.38,455.6
2026-09-28,Frontera,9380.0,,0,1500.0,9380.0,vino frontera tinto concha y toro cabernet - 1500 ml,masxmenos costa rica,4690.0,económico,450.38,455.6
2026-09-28,Frontera,5930.0,,0,750.0,5930.0,vino frontera concha y toro merlot - 750ml,masxmenos costa rica,5930.0,medio,450.38,455.6
2026-09-28,Frontera,7500.0,,0,1500.0,7500.0,vino frontera merlot -1500 ml,masxmenos costa rica,3750.0,económico,450.38,455.6
2026-09-28,Vino tinto,7495.0,,0,750.0,7495.0,santa rita 120 reserva especial vino tinto 4 unidades / 187.5 ml / 6.3 oz,pricesmart costa rica,7495.0,medio,450.38,455.6
2026-09-28,Vino tinto,4795.0,,0,750.0,4795.0,legado muñoz vino tinto tempranillo 750 ml / 25.4 oz,pricesmart costa rica,4795.0,económico,450.38,455.6
2026-09-28,Vino tinto,7495.0,,0,750.0,7495.0,alamos vino tinto malbec 750 ml,pricesmart costa rica,7495.0,medio,450.38,455.6
2026-09-28,Vino tinto,15995.0,,0,750.0,15995.0,marqués de riscal vino tinto rioja reserva 750 ml,pricesmart costa rica,15995.0,super premium,450.38,455.6
2026-09-28,Vino tinto,8795.0,,0,1500.0,8795.0,montepulciano vino tinto de frutos rojos 1.5 l / 51 oz,pricesmart costa rica,4397.5,económico,450.38,455.6
2026-09-28,Vino tinto,5495.0,,0,750.0,5495.0,finca las moras botella de vino tinto malbec suave al paladar 750 ml / 25.4 oz,pricesmart costa rica,5495.0,medio,450.38,455.6
2026-09-28,Vino tinto,6795.0,,0,1500.0,6795.0,twin view estates cabernet sauvignon vino tinto 1.5 l,pricesmart costa rica,3397.5,económico,450.38,455.6
2026-09-28,Vino tinto,10995.0,,0,750.0,10995.0,portia roble tempranillo vino tinto 750 ml,pricesmart costa rica,10995.0,premium,450.38,455.6
2026-09-28,Vino tinto,7295.0,,0,1500.0,7295.0,frontera merlot vino tinto chileno botella de 1.5 l / 51 oz,pricesmart costa rica,3647.5,económico,450.38,455.6
2026-09-28,Vino tinto,9495.0,,0,750.0,9495.0,apothic vino tinto 750 ml / 25.4 oz,pricesmart costa rica,9495.0,medio,450.38,455.6
2026-09-28,Vino tinto,8795.0,,0,750.0,8795.0,hacienda lópez de haro vino crianza 750 ml,pricesmart costa rica,8795.0,medio,450.38,455.6
2026-09-28,Vino tinto,6795.0,,0,3000.0,6795.0,clos de pirque vino tinto cabernet sauvignon 3 unidades / 1 l,pricesmart costa rica,1698.75,económico,450.38,455.6
2026-09-28,Vino tinto,9295.0,,0,750.0,9295.0,marques caceres crianza vino tinto 750 ml / 25.4 oz,pricesmart costa rica,9295.0,medio,450.38,455.6
2026-09-28,Vino tinto,5495.0,,0,750.0,5495.0,manischewitz concord grape vino tinto 750 ml / 25.36 oz,pricesmart costa rica,5495.0,medio,450.38,455.6
2026-09-28,Vino tinto,8795.0,,0,750.0,8795.0,cune vino tinto crianza rioja 750 ml / 25.36 oz,pricesmart costa rica,8795.0,medio,450.38,455.6
2026-09-28,Vino tinto,5795.0,,0,750.0,5795.0,rioja próximo tempranillo vino tinto 750 ml / 25.4 oz,pricesmart costa rica,5795.0,medio,450.38,455.6
2026-09-28,Vino tinto,7670.0,,0,750.0,7670.0,douce nature vino tinto pinot noir orgánico 750 ml / 25.36 oz,pricesmart costa rica,7670.0,medio,450.38,455.6
2026-09-28,Vino tinto,11995.0,,0,750.0,11995.0,pasqua zin primitivo vino tinto 750 ml,pricesmart costa rica,11995.0,premium,450.38,455.6
2026-09-28,Vino tinto,9795.0,,0,750.0,9795.0,cantina fiorentino primitivo salento vino tinto 750 ml,pricesmart costa rica,9795.0,medio,450.38,455.6
2026-09-28,Vino tinto,6495.0,,0,750.0,6495.0,santa rita 120 carmenere vino tinto 750 ml,pricesmart costa rica,6495.0,medio,450.38,455.6
2026-09-28,Vino tinto,8495.0,,0,750.0,8495.0,ruffino vino tinto chianti classico 750 ml / 25.36 oz,pricesmart costa rica,8495.0,medio,450.38,455.6
2026-09-28,Vino tinto,9795.0,,0,750.0,9795.0,el coto crianza rioja vino tinto tempranillo 750 ml,pricesmart costa rica,9795.0,medio,450.38,455.6
2026-09-28,Vino tinto,4995.0,,0,750.0,4995.0,real compañia vino tinto tempranillo botella de 750 ml / 25.4 oz,pricesmart costa rica,4995.0,económico,450.38,455.6
2026-09-28,Vino tinto,14995.0,,0,750.0,14995.0,campo viejo vino tinto reserva 750 ml,pricesmart costa rica,14995.0,premium,450.38,455.6
2026-09-28,Vino tinto,12995.0,,0,750.0,12995.0,catena vista flores vino tinto malbec 750 ml,pricesmart costa rica,12995.0,premium,450.38,455.6
2026-09-28,Vino tinto,15495.0,,0,750.0,15495.0,muga vino tinto español el anden de la estación 750 ml,pricesmart costa rica,15495.0,super premium,450.38,455.6
2026-09-28,Vino tinto,9295.0,,0,750.0,9295.0,baron philippe de rothschild vino tinto cabernet sauvignon 750 ml / 25.36 oz,pricesmart costa rica,9295.0,medio,450.38,455.6
2026-09-28,Vino tinto,10495.0,,0,750.0,10495.0,montes limited selection vino cabernet sauvignon camenère 750 ml / 25.3 oz,pricesmart costa rica,10495.0,premium,450.38,455.6
2026-09-28,Vino tinto,10495.0,,0,750.0,10495.0,m. chapoutier vino tinto côtes du rhône 750 ml / 25.36 oz,pricesmart costa rica,10495.0,premium,450.38,455.6
2026-09-28,Vino tinto,11495.0,,0,750.0,11495.0,ramon bilbao vino tinto crianza 750 ml,pricesmart costa rica,11495.0,premium,450.38,455.6
2026-09-28,Vino tinto,13795.0,,0,3000.0,13795.0,carlo rossi vino tinto cuerpo medio 3 l / 101.4 oz,pricesmart costa rica,3448.75,económico,450.38,455.6
2026-09-28,Vino tinto,20795.0,,0,2250.0,20795.0,faustino rivero ulecia set vinos rioja 3 unidades / 750 ml,pricesmart costa rica,6931.67,medio,450.38,455.6
2026-09-28,Vino blanco,5495.0,,0,750.0,5495.0,casal mendes vino verde 750 ml / 25.4 oz,pricesmart costa rica,5495.0,medio,450.38,455.6
2026-09-28,Vino blanco,10495.0,,0,750.0,10495.0,los vascos vino blanco sauvignon blanc 750 ml / 25.36 oz,pricesmart costa rica,10495.0,premium,450.38,455.6
2026-09-28,Vino blanco,6795.0,,0,3000.0,6795.0,clos de pirque vino blanco 3 unidades / 1 l,pricesmart costa rica,1698.75,económico,450.38,455.6
2026-09-28,Vino blanco,15495.0,,0,750.0,15495.0,santa margherita vino blanco pinot grigio 750 ml / 25.36 oz,pricesmart costa rica,15495.0,super premium,450.38,455.6
2026-09-28,Vino blanco,7795.0,,0,1500.0,7795.0,frontera concha & toro vino blanco sauvignon blanc semi 1.5 l,pricesmart costa rica,3897.5,económico,450.38,455.6
2026-09-28,Vino blanco,7995.0,,0,750.0,7995.0,marqués de riscal vino blanco 750 ml,pricesmart costa rica,7995.0,medio,450.38,455.6
2026-09-28,Vino blanco,2395.0,,0,750.0,2395.0,loma negra chardonnay classic vino blanco 750 ml / 25.4 oz,pricesmart costa rica,2395.0,económico,450.38,455.6
2026-09-28,Vino blanco,7495.0,,0,750.0,7495.0,protos verdejo vino blanco 750 ml,pricesmart costa rica,7495.0,medio,450.38,455.6
2026-09-28,Vino tinto,9470.0,,0,750.0,9470.0,montecillo rioja crianza vino tinto 750 ml,pricesmart costa rica,9470.0,medio,450.38,455.6
2026-09-28,Vino tinto,4970.0,,0,750.0,4970.0,arrogante frog cabernet sauvignon merlot vino tinto 750 ml,pricesmart costa rica,4970.0,económico,450.38,455.6
2026-09-29,Vino tinto,7500.0,,0,1500.0,7500.0,vino frontera merlot -1500 ml,walmart costa rica,3750.0,económico,450.38,455.6
2026-09-29,Vino tinto,2580.0,,0,750.0,2580.0,vino tinto contenda merlot - 750 ml,walmart costa rica,2580.0,económico,450.38,455.6
2026-09-29,Vino tinto,3340.0,,0,750.0,3340.0,vino viña maipo clasic series merlot - 750 ml,walmart costa rica,3340.0,económico,450.38,455.6
2026-09-29,Vino tinto,1980.0,,0,750.0,1980.0,vino tinto don simón tempranillo -750 ml,walmart costa rica,1980.0,económico,450.38,455.6
2026-09-29,Vino tinto,2300.0,,0,1000.0,2300.0,vino clos de pirque cabernet sauvignon - 1000ml,walmart costa rica,1725.0,económico,450.38,455.6
2026-09-29,Vino tinto,2500.0,,0,1000.0,2500.0,vino clos de pirque tinto merlot - 1000ml,walmart costa rica,1875.0,económico,450.38,455.6
2026-09-28,Vino rosado,8795.0,,0,750.0,8795.0,taanug vino rosado francés aroma a fresas 750 ml,pricesmart costa rica,8795.0,medio,450.38,455.6
2026-09-28,Vino rosado,3970.0,,0,750.0,3970.0,viña esmeralda vino rosado español aroma frutal 750 ml,pricesmart costa rica,3970.0,económico,450.38,455.6
2026-09-28,Vino rosado,7795.0,,0,750.0,7795.0,dibon vino rosado sin alcohol 750 ml / 25.3 oz,pricesmart costa rica,7795.0,medio,450.38,455.6
2026-09-28,Vino rosado,13995.0,,0,750.0,13995.0,pasqua 11 minutes vino rosado 750 ml,pricesmart costa rica,13995.0,premium,450.38,455.6
2026-09-28,Vino rosado,12470.0,,0,750.0,12470.0,the beach by whispering angel vino rosado francés 750 ml,pricesmart costa rica,12470.0,premium,450.38,455.6
2026-09-28,Vino rosado,7795.0,,0,750.0,7795.0,soupçon de fruit rosé d'anjou botella de vino rosado 750 ml / 25.4 oz,pricesmart costa rica,7795.0,medio,450.38,455.6
2026-09-28,Vino rosado,5795.0,,0,750.0,5795.0,astoria prosecco rosé vino rosado 750 ml / 25.4 oz,pricesmart costa rica,5795.0,medio,450.38,455.6
2026-09-28,Vino rosado,7795.0,,0,1000.0,7795.0,mateus the original vino rosado espumoso portugués 1 l,pricesmart costa rica,5846.25,medio,450.38,455.6
2026-09-28,Vino rosado,6370.0,,0,750.0,6370.0,pack jp chenet rosé dry vino espumoso 750 ml + chocolate vizzio 70 g,pricesmart costa rica,6370.0,medio,450.38,455.6
2026-09-28,Vino rosado,8795.0,,0,750.0,8795.0,les jamelles vino rosado francés 750 ml / 25.36 oz,pricesmart costa rica,8795.0,medio,450.38,455.6
2026-09-29,Vino tinto,2300.0,,0,1000.0,2300.0,vino clos de pirque tinto merlot - 1000ml vendido por walmart patrocinado,walmart costa rica,1725.0,económico,450.38,455.6
2026-09-29,Vino tinto,9930.0,,0,750.0,9930.0,vino blanco marques de riscal verdejo - 750 ml,walmart costa rica,9930.0,medio,450.38,455.6
2026-09-29,Vino tinto,3250.0,,0,375.0,3250.0,vino orgánico adobe cabernet sauvignon - 375 ml,walmart costa rica,6500.0,medio,450.38,455.6
2026-09-29,Vino tinto,2590.0,,0,1000.0,2590.0,vino tinto don simón premium cabernet - 1 l,walmart costa rica,1942.5,económico,450.38,455.6
2026-09-29,Vino tinto,5480.0,,0,750.0,5480.0,vino blanco trapiche pinot grigio -750ml,walmart costa rica,5480.0,medio,450.38,455.6
2026-09-29,Vino tinto,2420.0,,0,1000.0,2420.0,vino don simon premium merlot - 1000ml,walmart costa rica,1815.0,económico,450.38,455.6
2026-09-29,Vino tinto,3870.0,,0,750.0,3870.0,vino santa cecilia tinto cabernet sauvignon -750 ml,walmart costa rica,3870.0,económico,450.38,455.6
2026-09-29,Vino tinto,6510.0,,0,3000.0,6510.0,2 pack sangría don simon -3000ml,walmart costa rica,1627.5,económico,450.38,455.6
2026-09-29,Vino tinto,11500.0,,0,750.0,11500.0,vino tinto luigi bosca malbec - 750 ml,walmart costa rica,11500.0,premium,450.38,455.6
2026-09-29,Vino tinto,3340.0,,0,750.0,3340.0,vino viña maipo classic series cabernet sauvignon -750 ml,walmart costa rica,3340.0,económico,450.38,455.6
2026-09-29,Vino tinto,3830.0,,0,750.0,3830.0,vino tinto teber dulce - 750ml,walmart costa rica,3830.0,económico,450.38,455.6
2026-09-29,Vino tinto,4400.0,,0,750.0,4400.0,vino frontera frutal tinto de verano manzana naranja - 750 ml,walmart costa rica,4400.0,económico,450.38,455.6
2026-09-29,Vino tinto,4680.0,,0,750.0,4680.0,vino clos dp cabernet tinto sauvignon - 2000ml,walmart costa rica,4680.0,económico,450.38,455.6
2026-09-29,Vino tinto,11630.0,,0,750.0,11630.0,navarro colección privada vero faraone malbec - 750ml,walmart costa rica,11630.0,premium,450.38,455.6
2026-09-29,Vino tinto,4650.0,,0,1000.0,4650.0,2 pack sangria peñasol tinta -1000ml,walmart costa rica,3487.5,económico,450.38,455.6
2026-09-29,Vino tinto,5830.0,,0,750.0,5830.0,vino tinto finca las moras malbec con 13.5% vol - 750 ml,walmart costa rica,5830.0,medio,450.38,455.6
2026-09-29,Vinos general,5670.0,,0,750.0,5670.0,vino tarapacá tinto merlot - 750 ml,walmart costa rica,5670.0,medio,450.38,455.6
2026-09-29,Vinos general,11500.0,,0,750.0,11500.0,vino tinto luigi bosca cabernet sauvignon 2020 - 750 ml,walmart costa rica,11500.0,premium,450.38,455.6
2026-09-29,Vinos general,5800.0,,0,750.0,5800.0,frontera cabernet sauvignon 750ml,walmart costa rica,5800.0,medio,450.38,455.6
2026-09-29,Vinos general,4400.0,,0,750.0,4400.0,frontera frutal pink paradise 750ml,walmart costa rica,4400.0,económico,450.38,455.6
2026-09-29,Vinos general,10000.0,,0,750.0,10000.0,vino torres celeste roble tinto - 750 ml,walmart costa rica,10000.0,medio,450.38,455.6
2026-09-29,Vinos general,7970.0,,0,750.0,7970.0,vino tinto santa rita 120 carmenere - 750ml,walmart costa rica,7970.0,medio,450.38,455.6
2026-09-29,Vinos general,4740.0,,0,750.0,4740.0,vino misiones rengo cabernet 750 ml,walmart costa rica,4740.0,económico,450.38,455.6
2026-09-29,Vinos general,11150.0,,0,750.0,11150.0,vino mr wild chardonnay 750 ml,walmart costa rica,11150.0,premium,450.38,455.6
2026-09-29,Vinos general,8800.0,,0,750.0,8800.0,vino casillero del diablo chardonnay - 750ml,walmart costa rica,8800.0,medio,450.38,455.6
2026-09-29,Vinos general,2160.0,,0,1000.0,2160.0,vino don símon tinto de mesa - 1000ml,walmart costa rica,1620.0,económico,450.38,455.6
2026-09-29,Vino tinto,4.6502,,0,750.0,4.6502,vino tinto finca las moras malbec con 13.5% vol - 750 ml vendido por walmart patrocinado,walmart costa rica,4.65,económico,450.38,455.6
2026-09-29,Vino tinto,5830.0,,0,1500.0,5830.0,vino frontera merlot -1500 ml vendido por walmart patrocinado,walmart costa rica,2915.0,económico,450.38,455.6
2026-09-29,Vino tinto,7500.0,,0,750.0,7500.0,vino tinto contenda merlot - 750 ml vendido por walmart patrocinado,walmart costa rica,7500.0,medio,450.38,455.6
2026-09-29,Vino tinto,2580.0,,0,750.0,2580.0,vino viña maipo clasic series merlot - 750 ml vendido por walmart patrocinado,walmart costa rica,2580.0,económico,450.38,455.6
2026-09-29,Vino tinto,3340.0,,0,750.0,3340.0,vino tinto don simón tempranillo -750 ml vendido por walmart patrocinado,walmart costa rica,3340.0,económico,450.38,455.6
2026-09-29,Vino tinto,1980.0,,0,1000.0,1980.0,vino clos de pirque cabernet sauvignon - 1000ml vendido por walmart patrocinado,walmart costa rica,1485.0,económico,450.38,455.6
2026-09-29,Vinos general,13050.0,,0,750.0,13050.0,vino tinto santa rita 120 carmenere - 750ml vendido por walmart patrocinado,walmart costa rica,13050.0,premium,450.38,455.6
2026-09-29,Vinos general,7970.0,,0,750.0,7970.0,vino misiones rengo cabernet 750 ml vendido por walmart patrocinado,walmart costa rica,7970.0,medio,450.38,455.6
2026-09-29,Vinos general,4.7402,,0,750.0,4.7402,vino mr wild chardonnay 750 ml vendido por walmart patrocinado,walmart costa rica,4.74,económico,450.38,455.6
2026-09-29,Vinos general,11150.0,,0,750.0,11150.0,vino casillero del diablo chardonnay - 750ml vendido por walmart patrocinado,walmart costa rica,11150.0,premium,450.38,455.6
2026-09-29,Vinos general,8800.0,,0,1000.0,8800.0,vino don símon tinto de mesa - 1000ml vendido por walmart patrocinado,walmart costa rica,6600.0,medio,450.38,455.6
2026-09-29,Vinos general,9000.0,,0,750.0,9000.0,vino tinto byg merlot reserve - 750ml,walmart costa rica,9000.0,medio,450.38,455.6
2026-09-29,Vinos general,4300.0,,0,750.0,4300.0,vino riunite blanco melocotón - 750 ml,walmart costa rica,4300.0,económico,450.38,455.6
2026-09-29,Vinos general,12140.0,,0,750.0,12140.0,vino tinto protos roble botella - 750 ml,walmart costa rica,12140.0,premium,450.38,455.6
2026-09-29,Vinos general,4240.0,,0,750.0,4240.0,vino undurraga tinto merlot -750 ml,walmart costa rica,4240.0,económico,450.38,455.6
2026-09-29,Vinos general,5120.0,,0,750.0,5120.0,vino tinto undurraga cabernet - 750 ml,walmart costa rica,5120.0,medio,450.38,455.6
2026-09-29,Vinos general,20760.0,,0,750.0,20760.0,"vino rosado b &amp; g cotes de provence, 2 pack -750 ml",walmart costa rica,20760.0,super premium,450.38,455.6
2026-09-29,Vinos general,6300.0,,0,750.0,6300.0,vino beringer zinfandel rosado - 750ml,walmart costa rica,6300.0,medio,450.38,455.6
2026-09-29,Vinos general,5670.0,,0,750.0,5670.0,vino pata negra valdepenas crianza - 750 ml,walmart costa rica,5670.0,medio,450.38,455.6
2026-09-29,Vinos general,13960.0,,0,750.0,13960.0,vino tinto robert mondavi mondavi cabernet sauvignon - 750 ml,walmart costa rica,13960.0,premium,450.38,455.6
2026-09-29,Vinos general,8000.0,,0,1125.0,8000.0,vino viñas del tango malbec - 1125 ml,walmart costa rica,5333.33,medio,450.38,455.6
2026-09-29,Vinos general,7360.0,,0,1500.0,7360.0,vino tinto santa cecilia cabernet sauvignon – 1500 ml,walmart costa rica,3680.0,económico,450.38,455.6
2026-09-29,Vino blanco,16600.0,,0,750.0,16600.0,vino luigi bosca de sangre - 750 ml,masxmenos costa rica,16600.0,super premium,450.38,455.6
2026-09-29,Vino blanco,5910.0,,0,750.0,5910.0,vino blanco frontera spritzer chardonnay eldelflower - 750 ml,masxmenos costa rica,5910.0,medio,450.38,455.6
2026-09-29,Vino blanco,7040.0,,0,750.0,7040.0,vino blanco carmen frida sauvignon blanc – 750 ml,masxmenos costa rica,7040.0,medio,450.38,455.6
2026-09-29,Vino blanco,4730.0,,0,750.0,4730.0,vino sta rita 3 med bco sauvig 750 ml,masxmenos costa rica,4730.0,económico,450.38,455.6
2026-09-29,Vino blanco,2600.0,,0,750.0,2600.0,vino contenda sauvignon blanc - 750 ml,masxmenos costa rica,2600.0,económico,450.38,455.6
2026-09-29,Vino blanco,3250.0,,0,375.0,3250.0,vino adobe chardonnay orgánico -375 ml,masxmenos costa rica,6500.0,medio,450.38,455.6
2026-09-29,Vino blanco,8020.0,,0,750.0,8020.0,vino marques de caceres blanco 750ml,masxmenos costa rica,8020.0,medio,450.38,455.6
2026-09-29,Vino blanco,3380.0,,0,750.0,3380.0,vino maipo sauvignon blanco clasic series -750 ml,masxmenos costa rica,3380.0,económico,450.38,455.6
2026-09-29,Vino blanco,2530.0,,0,1000.0,2530.0,vino don simón premium selección chardonnay - 1000 ml,masxmenos costa rica,1897.5,económico,450.38,455.6
2026-09-29,Vino blanco,5600.0,,0,750.0,5600.0,vino peter brum liebfraulmil blan - 750ml,masxmenos costa rica,5600.0,medio,450.38,455.6
2026-09-29,Vino blanco,6110.0,,0,750.0,6110.0,vino blanco fantini terre siciliante pinot grigio - 750 ml,masxmenos costa rica,6110.0,medio,450.38,455.6
2026-09-29,Vino blanco,6830.0,,0,750.0,6830.0,vino blanco blue nun authentic white- 750ml,masxmenos costa rica,6830.0,medio,450.38,455.6
2026-09-29,Vino blanco,8310.0,,0,750.0,8310.0,vino blanco protos verdejo criado sobre lias finas - 750 ml,masxmenos costa rica,8310.0,medio,450.38,455.6
2026-09-29,Vino blanco,2490.0,,0,1000.0,2490.0,vino clos de pirque blanco - 1000ml,masxmenos costa rica,1867.5,económico,450.38,455.6
2026-09-29,Vinos general,5670.0,,0,750.0,5670.0,vino tinto luigi bosca cabernet sauvignon 2020 - 750 ml vendido por walmart patrocinado,walmart costa rica,5670.0,medio,450.38,455.6
2026-09-29,Vinos general,5200.0,,0,750.0,5200.0,vino torres celeste roble tinto - 750 ml vendido por walmart patrocinado,walmart costa rica,5200.0,medio,450.38,455.6
2026-09-29,Vino blanco,2600.0,,0,375.0,2600.0,vino adobe chardonnay orgánico -375 ml patrocinado,masxmenos costa rica,5200.0,medio,450.38,455.6
2026-09-29,Vino blanco,4900.0,,0,750.0,4900.0,vino marques de caceres blanco 750ml patrocinado,masxmenos costa rica,4900.0,económico,450.38,455.6
2026-09-29,Vino blanco,8020.0,,0,750.0,8020.0,vino maipo sauvignon blanco clasic series -750 ml patrocinado,masxmenos costa rica,8020.0,medio,450.38,455.6
2026-09-29,Vino blanco,3380.0,,0,1000.0,3380.0,vino don simón premium selección chardonnay - 1000 ml patrocinado,masxmenos costa rica,2535.0,económico,450.38,455.6
2026-09-29,Vino blanco,2530.0,,0,750.0,2530.0,vino peter brum liebfraulmil blan - 750ml patrocinado,masxmenos costa rica,2530.0,económico,450.38,455.6
2026-09-29,Vino blanco,5600.0,,0,750.0,5600.0,vino blanco fantini terre siciliante pinot grigio - 750 ml patrocinado,masxmenos costa rica,5600.0,medio,450.38,455.6
2026-09-29,Vino blanco,6110.0,,0,750.0,6110.0,vino blanco blue nun authentic white- 750ml patrocinado,masxmenos costa rica,6110.0,medio,450.38,455.6
2026-09-29,Vino blanco,6830.0,,0,750.0,6830.0,vino blanco protos verdejo criado sobre lias finas - 750 ml patrocinado,masxmenos costa rica,6830.0,medio,450.38,455.6
2026-09-29,Vino blanco,8.3102,,0,1000.0,8.3102,vino clos de pirque blanco - 1000ml patrocinado,masxmenos costa rica,6.23,económico,450.38,455.6
2026-09-29,Vino blanco,3950.0,,0,750.0,3950.0,vino blanco teber dulce - 750ml,masxmenos costa rica,3950.0,económico,450.38,455.6
2026-09-29,Vino blanco,10300.0,,0,750.0,10300.0,navarro col. privada chardonnay 750 ml,masxmenos costa rica,10300.0,premium,450.38,455.6
2026-09-29,Vino blanco,7500.0,,0,1500.0,7500.0,vino maipo blanco chardonnay -1.5 l,masxmenos costa rica,3750.0,económico,450.38,455.6
2026-09-29,Vino blanco,8940.0,,0,750.0,8940.0,vino frontera chardonnay - 1500ml,masxmenos costa rica,8940.0,medio,450.38,455.6
2026-09-29,Vino blanco,4100.0,,0,750.0,4100.0,vino santa carolina chardonay botella - 750 ml,masxmenos costa rica,4100.0,económico,450.38,455.6
2026-09-29,Vino blanco,11560.0,,0,1500.0,11560.0,vino blanco pasqua pinot grigio -1500ml,masxmenos costa rica,5780.0,medio,450.38,455.6
2026-09-29,Vino blanco,8600.0,,0,750.0,8600.0,vino marina alta blanco 00 - 750 ml,masxmenos costa rica,8600.0,medio,450.38,455.6
2026-09-29,Vino rosado,5770.0,,0,750.0,5770.0,vino frontera rosado concha y toro chile - 750 ml,masxmenos costa rica,5770.0,medio,450.38,455.6
2026-09-29,Vino rosado,10810.0,,0,750.0,10810.0,vino rosado canti prosecco - 750 ml,masxmenos costa rica,10810.0,premium,450.38,455.6
2026-09-29,Vino rosado,5200.0,,0,750.0,5200.0,vino cavicchioli lambrusco rosato dulce - 750 ml,masxmenos costa rica,5200.0,medio,450.38,455.6
2026-09-29,Vino rosado,5220.0,,0,750.0,5220.0,vino dulce rosado st. helena – 750 ml,masxmenos costa rica,5220.0,medio,450.38,455.6
2026-09-29,Vino rosado,11200.0,,0,750.0,11200.0,vino làudum barrica - 750 ml,masxmenos costa rica,11200.0,premium,450.38,455.6
2026-09-29,Vino rosado,11200.0,,0,750.0,11200.0,vino làudum reserva - 750 ml,masxmenos costa rica,11200.0,premium,450.38,455.6
2026-09-29,Vino rosado,9200.0,,0,750.0,9200.0,vino laudum chardonnay - 750 ml,masxmenos costa rica,9200.0,medio,450.38,455.6
2026-09-29,Vino rosado,9810.0,,0,750.0,9810.0,vino les jamelles petite rosado - 750 ml,masxmenos costa rica,9810.0,medio,450.38,455.6
2026-09-29,Vino rosado,12700.0,,0,750.0,12700.0,vino làudum gran reserva - 750 ml,masxmenos costa rica,12700.0,premium,450.38,455.6
2026-09-29,Vino rosado,14590.0,,0,750.0,14590.0,vino rose carnivor apothic - 750 ml,masxmenos costa rica,14590.0,premium,450.38,455.6
2026-09-29,Vino rosado,4400.0,,0,750.0,4400.0,frontera frutal pink paradise 750ml,masxmenos costa rica,4400.0,económico,450.38,455.6
2026-09-29,Vino rosado,12300.0,,0,2250.0,12300.0,vino tinto trapiche vineyards malbec 3 pack - 2250 ml,masxmenos costa rica,4100.0,económico,450.38,455.6
2026-09-29,Vino rosado,3250.0,,0,375.0,3250.0,vino orgánico adobe rosé – 375 ml,masxmenos costa rica,6500.0,medio,450.38,455.6
2026-09-29,Vino rosado,8020.0,,0,750.0,8020.0,vino soupcon de fruit rose d&apos;anjou 2020 - 750 ml,masxmenos costa rica,8020.0,medio,450.38,455.6
2026-09-29,Vino rosado,5770.0,,0,750.0,5770.0,vino rosado frontera gently bubbly spritzer roses -750 ml,masxmenos costa rica,5770.0,medio,450.38,455.6
2026-09-29,Vino rosado,8810.0,,0,750.0,8810.0,vino marques de caceres rosado rioja - 750ml,masxmenos costa rica,8810.0,medio,450.38,455.6
2026-09-29,Frontera,5930.0,,0,750.0,5930.0,vino tinto frontera carmenere viñedo protegido por la naturaleza - 750 ml,masxmenos costa rica,5930.0,medio,450.38,455.6
2026-09-29,Frontera,6070.0,,0,750.0,6070.0,vino frontera blanco sauvignon concha y toro - 750 ml,masxmenos costa rica,6070.0,medio,450.38,455.6
2026-09-29,Frontera,6070.0,,0,750.0,6070.0,vino blanco frontera chardonnay viñedo protegido por la naturaleza - 750 ml,masxmenos costa rica,6070.0,medio,450.38,455.6
2026-09-29,Vino rosado,9200.0,,0,750.0,9200.0,vino les jamelles petite rosado - 750 ml patrocinado,masxmenos costa rica,9200.0,medio,450.38,455.6
2026-09-29,Vino rosado,9810.0,,0,750.0,9810.0,vino làudum gran reserva - 750 ml patrocinado,masxmenos costa rica,9810.0,medio,450.38,455.6
2026-09-29,Vino rosado,12.7002,,0,750.0,12.7002,vino rose carnivor apothic - 750 ml patrocinado,masxmenos costa rica,12.7,económico,450.38,455.6
2026-09-29,Vino rosado,5220.0,,0,2250.0,5220.0,vino tinto trapiche vineyards malbec 3 pack - 2250 ml patrocinado,masxmenos costa rica,1740.0,económico,450.38,455.6
2026-09-29,Vino rosado,12300.0,,0,375.0,12300.0,vino orgánico adobe rosé – 375 ml patrocinado,masxmenos costa rica,24600.0,super premium,450.38,455.6
2026-09-29,Vino rosado,4900.0,,0,750.0,4900.0,vino soupcon de fruit rose d'anjou 2020 - 750 ml patrocinado,masxmenos costa rica,4900.0,económico,450.38,455.6
2026-09-29,Vino rosado,8020.0,,0,750.0,8020.0,vino rosado frontera gently bubbly spritzer roses -750 ml patrocinado,masxmenos costa rica,8020.0,medio,450.38,455.6
2026-09-29,Vino rosado,5770.0,,0,750.0,5770.0,vino marques de caceres rosado rioja - 750ml patrocinado,masxmenos costa rica,5770.0,medio,450.38,455.6
2026-09-29,Vino rosado,8730.0,,0,750.0,8730.0,vino trivento reserva malbec rosado - 750 ml,masxmenos costa rica,8730.0,medio,450.38,455.6
2026-09-29,Vino rosado,8670.0,,0,750.0,8670.0,vino rosado cune bailarina 750mlx6,masxmenos costa rica,8670.0,medio,450.38,455.6
2026-09-29,Vino rosado,5840.0,,0,750.0,5840.0,vino im your organic rosé - 750 ml,masxmenos costa rica,5840.0,medio,450.38,455.6
2026-09-29,Vino rosado,14300.0,,0,750.0,14300.0,vino planeta la segreta bianco - 750 ml,masxmenos costa rica,14300.0,premium,450.38,455.6
2026-09-29,Vino rosado,5640.0,,0,750.0,5640.0,vino rosado trapiche vineyards argentino - 750 ml,masxmenos costa rica,5640.0,medio,450.38,455.6
2026-09-29,Vino tinto,2395.0,,0,750.0,2395.0,loma negra vino tinto merlot 750 ml / 25.4 oz,pricesmart costa rica,2395.0,económico,450.38,455.6
2026-09-29,Frontera,9380.0,,0,750.0,9380.0,vino frontera concha y toro merlot - 750ml patrocinado,masxmenos costa rica,9380.0,medio,450.38,455.6
2026-09-29,Frontera,5930.0,,0,1500.0,5930.0,vino frontera merlot -1500 ml patrocinado,masxmenos costa rica,2965.0,económico,450.38,455.6
2026-09-29,Frontera,7500.0,,0,750.0,7500.0,vino frontera rosado concha y toro chile - 750 ml patrocinado,masxmenos costa rica,7500.0,medio,450.38,455.6
2026-09-29,Frontera,5770.0,,0,750.0,5770.0,vino tinto frontera carmenere viñedo protegido por la naturaleza - 750 ml patrocinado,masxmenos costa rica,5770.0,medio,450.38,455.6
2026-09-29,Frontera,5930.0,,0,750.0,5930.0,vino frontera blanco sauvignon concha y toro - 750 ml patrocinado,masxmenos costa rica,5930.0,medio,450.38,455.6
2026-09-29,Frontera,6070.0,,0,750.0,6070.0,vino rosado frontera gently bubbly spritzer roses -750 ml patrocinado,masxmenos costa rica,6070.0,medio,450.38,455.6
2026-09-29,Frontera,5770.0,,0,750.0,5770.0,vino blanco frontera chardonnay viñedo protegido por la naturaleza - 750 ml patrocinado,masxmenos costa rica,5770.0,medio,450.38,455.6
2026-09-29,Frontera,6070.0,,0,750.0,6070.0,vino blanco frontera spritzer chardonnay eldelflower - 750 ml patrocinado,masxmenos costa rica,6070.0,medio,450.38,455.6
2026-09-29,Frontera,4200.0,,0,750.0,4200.0,"vinos sub-categoría vino tinto vino blanco vino rosado departamento cervezas, vinos y licores rebaja exclusiva en línea rangos de precio",masxmenos costa rica,4200.0,económico,450.38,455.6
2026-09-29,Frontera,4400.0,,0,750.0,4400.0,vino frontera frutal tropical mango maracuyá - 750 ml,masxmenos costa rica,4400.0,económico,450.38,455.6
2026-09-29,Frontera,9120.0,,0,1500.0,9120.0,vino blanco frontera sauvignon blanc - 1500 ml,masxmenos costa rica,4560.0,económico,450.38,455.6
2026-09-29,Frontera,5930.0,,0,750.0,5930.0,frontera cabernet sauvignon 750ml,masxmenos costa rica,5930.0,medio,450.38,455.6
2026-09-29,Frontera,9380.0,,0,1500.0,9380.0,vino frontera tinto concha y toro cabernet - 1500 ml,masxmenos costa rica,4690.0,económico,450.38,455.6
2026-09-29,Frontera,5930.0,,0,750.0,5930.0,vino frontera concha y toro merlot - 750ml,masxmenos costa rica,5930.0,medio,450.38,455.6
2026-09-29,Frontera,7500.0,,0,1500.0,7500.0,vino frontera merlot -1500 ml,masxmenos costa rica,3750.0,económico,450.38,455.6
2026-09-29,Vino tinto,7495.0,,0,750.0,7495.0,santa rita 120 reserva especial vino tinto 4 unidades / 187.5 ml / 6.3 oz,pricesmart costa rica,7495.0,medio,450.38,455.6
2026-09-29,Vino tinto,4795.0,,0,750.0,4795.0,legado muñoz vino tinto tempranillo 750 ml / 25.4 oz,pricesmart costa rica,4795.0,económico,450.38,455.6
2026-09-29,Vino tinto,7495.0,,0,750.0,7495.0,alamos vino tinto malbec 750 ml,pricesmart costa rica,7495.0,medio,450.38,455.6
2026-09-29,Vino tinto,15995.0,,0,750.0,15995.0,marqués de riscal vino tinto rioja reserva 750 ml,pricesmart costa rica,15995.0,super premium,450.38,455.6
2026-09-29,Vino tinto,8795.0,,0,1500.0,8795.0,montepulciano vino tinto de frutos rojos 1.5 l / 51 oz,pricesmart costa rica,4397.5,económico,450.38,455.6
2026-09-29,Vino tinto,5495.0,,0,750.0,5495.0,finca las moras botella de vino tinto malbec suave al paladar 750 ml / 25.4 oz,pricesmart costa rica,5495.0,medio,450.38,455.6
2026-09-29,Vino tinto,6795.0,,0,1500.0,6795.0,twin view estates cabernet sauvignon vino tinto 1.5 l,pricesmart costa rica,3397.5,económico,450.38,455.6
2026-09-29,Vino tinto,10995.0,,0,750.0,10995.0,portia roble tempranillo vino tinto 750 ml,pricesmart costa rica,10995.0,premium,450.38,455.6
2026-09-29,Vino tinto,9495.0,,0,750.0,9495.0,apothic vino tinto 750 ml / 25.4 oz,pricesmart costa rica,9495.0,medio,450.38,455.6
2026-09-29,Vino tinto,8795.0,,0,750.0,8795.0,hacienda lópez de haro vino crianza 750 ml,pricesmart costa rica,8795.0,medio,450.38,455.6
2026-09-29,Vino tinto,7295.0,,0,1500.0,7295.0,frontera merlot vino tinto chileno botella de 1.5 l / 51 oz,pricesmart costa rica,3647.5,económico,450.38,455.6
2026-09-29,Vino tinto,6795.0,,0,3000.0,6795.0,clos de pirque vino tinto cabernet sauvignon 3 unidades / 1 l,pricesmart costa rica,1698.75,económico,450.38,455.6
2026-09-29,Vino tinto,9295.0,,0,750.0,9295.0,marques caceres crianza vino tinto 750 ml / 25.4 oz,pricesmart costa rica,9295.0,medio,450.38,455.6
2026-09-29,Vino tinto,5495.0,,0,750.0,5495.0,manischewitz concord grape vino tinto 750 ml / 25.36 oz,pricesmart costa rica,5495.0,medio,450.38,455.6
2026-09-29,Vino tinto,8795.0,,0,750.0,8795.0,cune vino tinto crianza rioja 750 ml / 25.36 oz,pricesmart costa rica,8795.0,medio,450.38,455.6
2026-09-29,Vino tinto,5795.0,,0,750.0,5795.0,rioja próximo tempranillo vino tinto 750 ml / 25.4 oz,pricesmart costa rica,5795.0,medio,450.38,455.6
2026-09-29,Vino tinto,7670.0,,0,750.0,7670.0,douce nature vino tinto pinot noir orgánico 750 ml / 25.36 oz,pricesmart costa rica,7670.0,medio,450.38,455.6
2026-09-29,Vino tinto,9795.0,,0,750.0,9795.0,cantina fiorentino primitivo salento vino tinto 750 ml,pricesmart costa rica,9795.0,medio,450.38,455.6
2026-09-29,Vino tinto,9295.0,,0,750.0,9295.0,baron philippe de rothschild vino tinto cabernet sauvignon 750 ml / 25.36 oz,pricesmart costa rica,9295.0,medio,450.38,455.6
2026-09-29,Vino tinto,6495.0,,0,750.0,6495.0,santa rita 120 carmenere vino tinto 750 ml,pricesmart costa rica,6495.0,medio,450.38,455.6
2026-09-29,Vino tinto,8495.0,,0,750.0,8495.0,ruffino vino tinto chianti classico 750 ml / 25.36 oz,pricesmart costa rica,8495.0,medio,450.38,455.6
2026-09-29,Vino tinto,9795.0,,0,750.0,9795.0,el coto crianza rioja vino tinto tempranillo 750 ml,pricesmart costa rica,9795.0,medio,450.38,455.6
2026-09-29,Vino tinto,4995.0,,0,750.0,4995.0,real compañia vino tinto tempranillo botella de 750 ml / 25.4 oz,pricesmart costa rica,4995.0,económico,450.38,455.6
2026-09-29,Vino tinto,14995.0,,0,750.0,14995.0,campo viejo vino tinto reserva 750 ml,pricesmart costa rica,14995.0,premium,450.38,455.6
2026-09-29,Vino tinto,15495.0,,0,750.0,15495.0,muga vino tinto español el anden de la estación 750 ml,pricesmart costa rica,15495.0,super premium,450.38,455.6
2026-09-29,Vino tinto,12995.0,,0,750.0,12995.0,catena vista flores vino tinto malbec 750 ml,pricesmart costa rica,12995.0,premium,450.38,455.6
2026-09-29,Vino tinto,11995.0,,0,750.0,11995.0,pasqua zin primitivo vino tinto 750 ml,pricesmart costa rica,11995.0,premium,450.38,455.6
2026-09-29,Vino tinto,10495.0,,0,750.0,10495.0,montes limited selection vino cabernet sauvignon camenère 750 ml / 25.3 oz,pricesmart costa rica,10495.0,premium,450.38,455.6
2026-09-29,Vino tinto,10495.0,,0,750.0,10495.0,m. chapoutier vino tinto côtes du rhône 750 ml / 25.36 oz,pricesmart costa rica,10495.0,premium,450.38,455.6
2026-09-29,Vino tinto,11495.0,,0,750.0,11495.0,ramon bilbao vino tinto crianza 750 ml,pricesmart costa rica,11495.0,premium,450.38,455.6
2026-09-29,Vino tinto,13795.0,,0,3000.0,13795.0,carlo rossi vino tinto cuerpo medio 3 l / 101.4 oz,pricesmart costa rica,3448.75,económico,450.38,455.6
2026-09-29,Vino tinto,20795.0,,0,2250.0,20795.0,faustino rivero ulecia set vinos rioja 3 unidades / 750 ml,pricesmart costa rica,6931.67,medio,450.38,455.6
2026-09-29,Vino blanco,10495.0,,0,750.0,10495.0,los vascos vino blanco sauvignon blanc 750 ml / 25.36 oz,pricesmart costa rica,10495.0,premium,450.38,455.6
2026-09-29,Vino blanco,7995.0,,0,750.0,7995.0,casal garcía vino blanco vinho verde 750 ml,pricesmart costa rica,7995.0,medio,450.38,455.6
2026-09-29,Vino blanco,7995.0,,0,750.0,7995.0,marqués de riscal vino blanco 750 ml,pricesmart costa rica,7995.0,medio,450.38,455.6
2026-09-29,Vino blanco,6795.0,,0,3000.0,6795.0,clos de pirque vino blanco 3 unidades / 1 l,pricesmart costa rica,1698.75,económico,450.38,455.6
2026-09-29,Vino blanco,15495.0,,0,750.0,15495.0,santa margherita vino blanco pinot grigio 750 ml / 25.36 oz,pricesmart costa rica,15495.0,super premium,450.38,455.6
2026-09-29,Vino blanco,7795.0,,0,1500.0,7795.0,frontera concha & toro vino blanco sauvignon blanc semi 1.5 l,pricesmart costa rica,3897.5,económico,450.38,455.6
2026-09-29,Vino blanco,2395.0,,0,750.0,2395.0,loma negra chardonnay classic vino blanco 750 ml / 25.4 oz,pricesmart costa rica,2395.0,económico,450.38,455.6
2026-09-29,Vino blanco,7495.0,,0,750.0,7495.0,protos verdejo vino blanco 750 ml,pricesmart costa rica,7495.0,medio,450.38,455.6
2026-09-29,Vino tinto,5995.0,,0,750.0,5995.0,misiones de rengo vino tinto cabernet sauvignon 750 ml / 25.36 oz,pricesmart costa rica,5995.0,medio,450.38,455.6
2026-09-29,Vino tinto,3770.0,,0,750.0,3770.0,mantrús crianza vino tinto 750 ml / 25.36 oz,pricesmart costa rica,3770.0,económico,450.38,455.6
2026-09-29,Vino tinto,4995.0,,0,750.0,4995.0,mantrús reserva vino tinto ribera del duero 750 ml / 25.36 oz,pricesmart costa rica,4995.0,económico,450.38,455.6
2026-09-29,Vino tinto,5495.0,,0,750.0,5495.0,martinez alesanco rioja crianza vino tinto 750 ml / 25.36 oz,pricesmart costa rica,5495.0,medio,450.38,455.6
2026-09-29,Vino tinto,6495.0,,0,750.0,6495.0,martinez alesanco rioja reserva vino tinto 750 ml / 25.36 oz,pricesmart costa rica,6495.0,medio,450.38,455.6
2026-09-29,Vino tinto,6495.0,,0,750.0,6495.0,caliterra reserva vino tinto cabernet sauvignon 750 ml,pricesmart costa rica,6495.0,medio,450.38,455.6
2026-09-29,Vino tinto,20995.0,,0,750.0,20995.0,pulenta estate malbec vino tinto 750 ml,pricesmart costa rica,20995.0,super premium,450.38,455.6
2026-09-29,Vino tinto,14295.0,,0,750.0,14295.0,bin 27 vino tinto reserve port fonseca 750 ml / 25.36 oz,pricesmart costa rica,14295.0,premium,450.38,455.6
2026-09-28,Vino tinto,5995.0,,0,750.0,5995.0,misiones de rengo vino tinto cabernet sauvignon 750 ml / 25.36 oz,pricesmart costa rica,5995.0,medio,450.38,455.6
2026-09-28,Vino tinto,3770.0,,0,750.0,3770.0,mantrús crianza vino tinto 750 ml / 25.36 oz,pricesmart costa rica,3770.0,económico,450.38,455.6
2026-09-28,Vino tinto,4995.0,,0,750.0,4995.0,mantrús reserva vino tinto ribera del duero 750 ml / 25.36 oz,pricesmart costa rica,4995.0,económico,450.38,455.6
2026-09-28,Vino tinto,6495.0,,0,750.0,6495.0,caliterra reserva vino tinto cabernet sauvignon 750 ml,pricesmart costa rica,6495.0,medio,450.38,455.6
2026-09-28,Vino tinto,20995.0,,0,750.0,20995.0,pulenta estate malbec vino tinto 750 ml,pricesmart costa rica,20995.0,super premium,450.38,455.6
2026-09-28,Vino tinto,14295.0,,0,750.0,14295.0,bin 27 vino tinto reserve port fonseca 750 ml / 25.36 oz,pricesmart costa rica,14295.0,premium,450.38,455.6
2026-09-25,Vino tinto,20995.0,,0,750.0,20995.0,pulenta estate malbec vino tinto 750 ml,pricesmart costa rica,20995.0,super premium,450.75,453.98
2026-09-25,Vino tinto,6495.0,,0,750.0,6495.0,caliterra reserva vino tinto cabernet sauvignon 750 ml,pricesmart costa rica,6495.0,medio,450.75,453.98
2026-09-17,Vino rosado,5795.0,,0,750.0,5795.0,astoria prosecco rosé vino rosado 750 ml / 25.4 oz,pricesmart costa rica,5795.0,medio,444.46,449.49
2026-09-17,Vino rosado,7495.01,,0,750.0,7495.01,calvet rose d'anjou vino rosado 750 ml / 25.4 oz,pricesmart costa rica,7495.01,medio,444.46,449.49
2026-09-19,Vino tinto,9470.0,,0,750.0,9470.0,montecillo rioja crianza vino tinto 750 ml,pricesmart costa rica,9470.0,medio,443.2,448.32
2026-09-19,Vino tinto,9295.0,,0,750.0,9295.0,baron philippe de rothschild vino tinto cabernet sauvignon 750 ml / 25.36 oz,pricesmart costa rica,9295.0,medio,443.2,448.32
2026-09-26,Vino tinto,4995.0,,0,750.0,4995.0,mantrús reserva vino tinto ribera del duero 750 ml / 25.36 oz,pricesmart costa rica,4995.0,económico,450.87,454.15
2026-09-26,Vino tinto,14295.0,,0,750.0,14295.0,bin 27 vino tinto reserve port fonseca 750 ml / 25.36 oz,pricesmart costa rica,14295.0,premium,450.87,454.15
2026-09-25,Vino tinto,14295.0,,0,750.0,14295.0,bin 27 vino tinto reserve port fonseca 750 ml / 25.36 oz,pricesmart costa rica,14295.0,premium,450.75,453.98
2026-09-25,Vino tinto,6495.0,,0,750.0,6495.0,santa rita 120 carmenere vino tinto 750 ml,pricesmart costa rica,6495.0,medio,450.75,453.98
